ReviewKey,UserKey,SystemKey,OwnerKey,CycleDateKey,ReviewCompletedDateKey,ReviewStatus,DaysOutstanding,IsOrphanedAccount,HasSoDConflict
1,1,10,1,20240701,20240803.0,Completed,33,False,False
2,1,10,1,20241001,20241012.0,Completed,11,False,False
3,1,10,1,20250101,20250131.0,Completed,30,False,False
4,1,10,1,20250401,20250409.0,Completed,8,False,False
5,1,10,1,20250701,20250806.0,Completed,36,False,False
6,1,10,1,20251001,20251005.0,Completed,4,False,False
7,1,6,1,20240701,20240707.0,Completed,6,False,False
8,1,6,1,20241001,20241108.0,Completed,38,False,False
9,1,6,1,20250101,20250104.0,Completed,3,False,False
10,1,6,1,20250401,20250418.0,Completed,17,False,False
11,1,6,1,20250701,20250719.0,Completed,18,False,False
12,1,6,1,20251001,20251021.0,Completed,20,False,False
13,2,10,1,20240701,20240703.0,Completed,2,False,False
14,2,10,1,20241001,20241011.0,Completed,10,False,False
15,2,10,1,20250101,20250105.0,Completed,4,False,False
16,2,10,1,20250401,20250417.0,Completed,16,False,False
17,2,10,1,20250701,20250704.0,Completed,3,False,False
18,2,10,1,20251001,20251006.0,Completed,5,False,False
19,2,10,1,20260101,20260124.0,Completed,23,False,False
20,2,10,1,20260401,20260410.0,Completed,9,False,False
21,2,10,1,20260701,20260803.0,Completed,33,False,False
22,2,6,1,20240701,20240722.0,Completed,21,False,False
23,2,6,1,20241001,20241012.0,Completed,11,False,False
24,2,6,1,20250101,20250127.0,Completed,26,False,False
25,2,6,1,20250401,20250413.0,Completed,12,False,False
26,2,6,1,20250701,20250723.0,Completed,22,False,False
27,2,6,1,20251001,20251008.0,Completed,7,False,False
28,2,6,1,20260101,20260128.0,Completed,27,False,False
29,2,6,1,20260401,20260404.0,Completed,3,False,False
30,2,6,1,20260701,20260706.0,Completed,5,False,False
31,3,4,1,20240701,20240707.0,Completed,6,False,False
32,3,4,1,20241001,20241009.0,Completed,8,False,False
33,3,4,1,20250101,20250118.0,Completed,17,False,False
34,3,4,1,20250401,20250414.0,Completed,13,False,False
35,3,4,1,20250701,20250723.0,Completed,22,False,False
36,3,4,1,20251001,20251030.0,Completed,29,False,False
37,3,4,1,20260101,20260104.0,Completed,3,False,False
38,3,4,1,20260401,20260503.0,Completed,32,False,False
39,3,4,1,20260701,20260712.0,Completed,11,False,False
40,3,2,1,20240701,20240921.0,Completed,82,False,False
41,3,2,1,20241001,20241015.0,Completed,14,False,False
42,3,2,1,20250101,20250105.0,Completed,4,False,False
43,3,2,1,20250401,20250513.0,Completed,42,False,False
44,3,2,1,20250701,20250810.0,Completed,40,False,False
45,3,2,1,20251001,20251011.0,Completed,10,False,False
46,3,2,1,20260101,20260112.0,Completed,11,False,False
47,3,2,1,20260401,20260518.0,Completed,47,False,False
48,3,2,1,20260701,20260805.0,Completed,35,False,False
49,3,8,1,20240701,20240711.0,Completed,10,False,False
50,3,8,1,20241001,20241020.0,Completed,19,False,False
51,3,8,1,20250101,20250117.0,Completed,16,False,False
52,3,8,1,20250401,20250407.0,Completed,6,False,False
53,3,8,1,20250701,20250726.0,Completed,25,False,False
54,3,8,1,20251001,20251023.0,Completed,22,False,False
55,3,8,1,20260101,20260115.0,Completed,14,False,False
56,3,8,1,20260401,20260425.0,Completed,24,False,False
57,3,8,1,20260701,20260814.0,Completed,44,False,False
58,4,8,1,20240701,20240707.0,Completed,6,False,False
59,4,8,1,20241001,20241012.0,Completed,11,False,False
60,4,9,1,20240701,20240712.0,Completed,11,False,False
61,4,9,1,20241001,20241024.0,Completed,23,False,False
62,4,4,1,20240701,20240709.0,Completed,8,False,False
63,4,4,1,20241001,20241023.0,Completed,22,False,False
64,5,6,1,20240701,20240710.0,Completed,9,False,False
65,5,6,1,20241001,20241006.0,Completed,5,False,False
66,5,6,1,20250101,20250115.0,Completed,14,False,False
67,5,6,1,20250401,20250410.0,Completed,9,False,False
68,5,6,1,20250701,20250716.0,Completed,15,False,False
69,5,6,1,20251001,20251019.0,Completed,18,False,False
70,5,6,1,20260101,20260104.0,Completed,3,False,False
71,5,6,1,20260401,20260411.0,Completed,10,False,False
72,5,6,1,20260701,20260715.0,Completed,14,False,False
73,6,8,1,20240701,20240725.0,Completed,24,False,False
74,6,8,1,20241001,20241023.0,Completed,22,False,False
75,6,8,1,20250101,20250108.0,Completed,7,False,False
76,6,8,1,20250401,20250413.0,Completed,12,False,False
77,6,8,1,20250701,20250720.0,Completed,19,False,False
78,6,8,1,20251001,20251012.0,Completed,11,False,False
79,6,8,1,20260101,20260108.0,Completed,7,False,False
80,6,8,1,20260401,20260414.0,Completed,13,False,False
81,6,8,1,20260701,20260718.0,Completed,17,False,False
82,6,7,1,20240701,20240707.0,Completed,6,False,False
83,6,7,1,20241001,20241021.0,Completed,20,False,False
84,6,7,1,20250101,20250116.0,Completed,15,False,False
85,6,7,1,20250401,20250422.0,Completed,21,False,False
86,6,7,1,20250701,20250714.0,Completed,13,False,False
87,6,7,1,20251001,20251110.0,Completed,40,False,False
88,6,7,1,20260101,20260118.0,Completed,17,False,False
89,6,7,1,20260401,20260423.0,Completed,22,False,False
90,6,7,1,20260701,20260721.0,Completed,20,False,False
91,7,5,1,20240701,20240720.0,Completed,19,False,False
92,7,5,1,20241001,20241027.0,Completed,26,False,False
93,7,5,1,20250101,20250114.0,Completed,13,False,False
94,7,5,1,20250401,20250602.0,Completed,62,False,False
95,7,5,1,20250701,20250731.0,Completed,30,False,False
96,7,5,1,20251001,20251012.0,Completed,11,False,False
97,7,5,1,20260101,20260223.0,Completed,53,False,False
98,7,5,1,20260401,20260421.0,Completed,20,False,False
99,7,5,1,20260701,20260810.0,Completed,40,False,False
100,7,1,1,20240701,20240707.0,Completed,6,False,False
101,7,1,1,20241001,20241127.0,Completed,57,False,False
102,7,1,1,20250101,20250206.0,Completed,36,False,False
103,7,1,1,20250401,20250414.0,Completed,13,False,False
104,7,1,1,20250701,20250805.0,Completed,35,False,False
105,7,1,1,20251001,20251211.0,Completed,71,False,False
106,7,1,1,20260101,20260118.0,Completed,17,False,False
107,7,1,1,20260401,20260418.0,Completed,17,False,False
108,7,1,1,20260701,20260724.0,Completed,23,False,False
109,8,8,1,20240701,20240715.0,Completed,14,False,False
110,8,8,1,20241001,20241027.0,Completed,26,False,False
111,8,8,1,20250101,20250120.0,Completed,19,False,False
112,8,8,1,20250401,20250412.0,Completed,11,False,False
113,8,8,1,20250701,20250718.0,Completed,17,False,False
114,8,8,1,20251001,20251110.0,Completed,40,False,False
115,8,8,1,20260101,20260122.0,Completed,21,False,False
116,8,8,1,20260401,20260413.0,Completed,12,False,False
117,8,8,1,20260701,20260712.0,Completed,11,False,False
118,8,7,1,20240701,20240717.0,Completed,16,False,False
119,8,7,1,20241001,20241026.0,Completed,25,False,False
120,8,7,1,20250101,20250108.0,Completed,7,False,False
121,8,7,1,20250401,20250424.0,Completed,23,False,False
122,8,7,1,20250701,20250713.0,Completed,12,False,False
123,8,7,1,20251001,20251015.0,Completed,14,False,False
124,8,7,1,20260101,20260302.0,Completed,60,False,False
125,8,7,1,20260401,20260422.0,Completed,21,False,False
126,8,7,1,20260701,20260710.0,Completed,9,False,False
127,9,2,1,20240701,20240806.0,Completed,36,False,False
128,9,2,1,20241001,20241122.0,Completed,52,False,False
129,9,2,1,20250101,20250213.0,Completed,43,False,False
130,9,2,1,20250401,20250404.0,Completed,3,False,False
131,9,2,1,20250701,20250727.0,Completed,26,False,False
132,9,2,1,20251001,20251107.0,Completed,37,False,False
133,9,2,1,20260101,20260205.0,Completed,35,False,False
134,9,2,1,20260401,20260420.0,Completed,19,False,False
135,9,2,1,20260701,20260814.0,Completed,44,False,False
136,10,1,1,20240701,20240827.0,Completed,57,False,False
137,10,1,1,20241001,20241007.0,Completed,6,False,False
138,10,1,1,20250101,20250106.0,Completed,5,False,False
139,10,1,1,20250401,20250507.0,Completed,36,False,False
140,10,1,1,20250701,20250816.0,Completed,46,False,False
141,10,1,1,20251001,20251018.0,Completed,17,False,False
142,10,1,1,20260101,20260104.0,Completed,3,False,False
143,10,1,1,20260401,20260428.0,Completed,27,False,False
144,10,1,1,20260701,20260805.0,Completed,35,False,False
145,11,8,1,20240701,20240712.0,Completed,11,False,False
146,11,8,1,20241001,20241028.0,Completed,27,False,False
147,11,8,1,20250101,20250118.0,Completed,17,False,False
148,11,8,1,20250401,20250409.0,Completed,8,False,False
149,11,8,1,20250701,20250709.0,Completed,8,False,False
150,11,8,1,20251001,20251015.0,Completed,14,False,False
151,11,8,1,20260101,20260111.0,Completed,10,False,False
152,11,8,1,20260401,20260404.0,Completed,3,False,False
153,11,8,1,20260701,20260717.0,Completed,16,False,False
154,11,4,1,20240701,20240710.0,Completed,9,False,False
155,11,4,1,20241001,20241011.0,Completed,10,False,False
156,11,4,1,20250101,20250106.0,Completed,5,False,False
157,11,4,1,20250401,20250507.0,Completed,36,False,False
158,11,4,1,20250701,20250722.0,Completed,21,False,False
159,11,4,1,20251001,20251112.0,Completed,42,False,False
160,11,4,1,20260101,20260112.0,Completed,11,False,False
161,11,4,1,20260401,20260422.0,Completed,21,False,False
162,11,4,1,20260701,20260717.0,Completed,16,False,False
163,12,8,1,20240701,20240709.0,Completed,8,False,False
164,12,8,1,20241001,20241012.0,Completed,11,False,False
165,12,8,1,20250101,20250122.0,Completed,21,False,False
166,12,8,1,20250401,20250406.0,Completed,5,False,False
167,12,8,1,20250701,20250728.0,Completed,27,False,False
168,12,8,1,20251001,20251016.0,Completed,15,False,False
169,12,8,1,20260101,20260125.0,Completed,24,False,False
170,12,8,1,20260401,20260419.0,Completed,18,False,False
171,12,8,1,20260701,20260704.0,Completed,3,False,False
172,12,7,1,20240701,20240714.0,Completed,13,False,False
173,12,7,1,20241001,20241028.0,Completed,27,False,False
174,12,7,1,20250101,20250116.0,Completed,15,False,False
175,12,7,1,20250401,20250415.0,Completed,14,False,False
176,12,7,1,20250701,20250716.0,Completed,15,False,False
177,12,7,1,20251001,20251003.0,Completed,2,False,False
178,12,7,1,20260101,20260130.0,Completed,29,False,False
179,12,7,1,20260401,20260402.0,Completed,1,False,False
180,12,7,1,20260701,20260803.0,Completed,33,False,False
181,13,7,1,20240701,20240711.0,Completed,10,False,False
182,13,7,1,20241001,20241020.0,Completed,19,False,False
183,13,7,1,20250101,20250103.0,Completed,2,False,False
184,13,7,1,20250401,20250424.0,Completed,23,False,False
185,13,7,1,20250701,20250721.0,Completed,20,False,False
186,13,7,1,20251001,20251020.0,Completed,19,False,False
187,13,7,1,20260101,20260103.0,Completed,2,False,False
188,13,7,1,20260401,20260408.0,Completed,7,False,False
189,13,7,1,20260701,20260719.0,Completed,18,False,False
190,13,8,1,20240701,20240730.0,Completed,29,False,False
191,13,8,1,20241001,20241007.0,Completed,6,False,False
192,13,8,1,20250101,20250107.0,Completed,6,False,False
193,13,8,1,20250401,20250418.0,Completed,17,False,False
194,13,8,1,20250701,20250827.0,Completed,57,False,False
195,13,8,1,20251001,20251009.0,Completed,8,False,False
196,13,8,1,20260101,20260111.0,Completed,10,False,False
197,13,8,1,20260401,20260410.0,Completed,9,False,False
198,13,8,1,20260701,20260713.0,Completed,12,False,False
199,14,3,1,20240701,20240830.0,Completed,60,False,False
200,14,3,1,20241001,20241027.0,Completed,26,False,False
201,14,3,1,20250101,20250502.0,Completed,121,False,False
202,14,3,1,20250401,20250430.0,Completed,29,False,False
203,14,3,1,20250701,20250903.0,Completed,64,False,False
204,14,3,1,20251001,20251022.0,Completed,21,False,False
205,14,3,1,20260101,20260110.0,Completed,9,False,False
206,14,3,1,20260401,20260427.0,Completed,26,False,False
207,14,3,1,20260701,20260809.0,Completed,39,False,False
208,15,8,1,20240701,20240708.0,Completed,7,False,False
209,15,8,1,20241001,20241030.0,Completed,29,False,False
210,15,8,1,20250101,20250110.0,Completed,9,False,False
211,15,8,1,20250401,20250406.0,Completed,5,False,False
212,15,8,1,20250701,20250823.0,Completed,53,False,False
213,15,8,1,20251001,20251008.0,Completed,7,False,False
214,15,8,1,20260101,20260110.0,Completed,9,False,False
215,15,8,1,20260401,20260423.0,Completed,22,False,False
216,15,8,1,20260701,20260711.0,Completed,10,False,False
217,15,7,1,20240701,20240707.0,Completed,6,False,False
218,15,7,1,20241001,20241009.0,Completed,8,False,False
219,15,7,1,20250101,20250214.0,Completed,44,False,False
220,15,7,1,20250401,20250421.0,Completed,20,False,False
221,15,7,1,20250701,20250724.0,Completed,23,False,False
222,15,7,1,20251001,20251017.0,Completed,16,False,False
223,15,7,1,20260101,20260119.0,Completed,18,False,False
224,15,7,1,20260401,20260411.0,Completed,10,False,False
225,15,7,1,20260701,20260716.0,Completed,15,False,False
226,16,1,1,20240701,20240705.0,Completed,4,False,False
227,16,1,1,20241001,20241122.0,Completed,52,False,False
228,16,1,1,20250101,20250120.0,Completed,19,False,False
229,16,1,1,20250401,20250411.0,Completed,10,False,False
230,16,1,1,20250701,20250801.0,Completed,31,False,False
231,16,1,1,20251001,20251024.0,Completed,23,False,False
232,16,1,1,20260101,20260221.0,Completed,51,False,False
233,16,1,1,20260401,20260427.0,Completed,26,False,False
234,16,1,1,20260701,20260717.0,Completed,16,False,False
235,17,4,1,20240701,20240714.0,Completed,13,False,False
236,17,4,1,20241001,20241104.0,Completed,34,False,False
237,17,4,1,20250101,20250127.0,Completed,26,False,False
238,17,4,1,20250401,20250421.0,Completed,20,False,False
239,17,4,1,20250701,20250728.0,Completed,27,False,False
240,17,4,1,20251001,20251022.0,Completed,21,False,False
241,17,4,1,20260101,20260107.0,Completed,6,False,False
242,17,4,1,20260401,20260424.0,Completed,23,False,False
243,17,4,1,20260701,20260730.0,Completed,29,False,False
244,18,9,1,20240701,20240731.0,Completed,30,False,False
245,18,9,1,20241001,20241006.0,Completed,5,False,False
246,18,9,1,20250101,20250110.0,Completed,9,False,False
247,18,9,1,20250401,20250409.0,Completed,8,False,False
248,18,9,1,20250701,20250712.0,Completed,11,False,False
249,18,9,1,20251001,20251020.0,Completed,19,False,False
250,18,9,1,20260101,20260116.0,Completed,15,False,False
251,18,9,1,20260401,20260416.0,Completed,15,False,False
252,18,9,1,20260701,20260705.0,Completed,4,False,False
253,19,4,1,20240701,20240710.0,Completed,9,False,False
254,19,4,1,20241001,20241101.0,Completed,31,False,False
255,19,4,1,20250101,20250130.0,Completed,29,False,False
256,19,4,1,20250401,20250414.0,Completed,13,False,False
257,19,4,1,20250701,20250724.0,Completed,23,False,False
258,19,4,1,20251001,20251019.0,Completed,18,False,False
259,19,4,1,20260101,20260126.0,Completed,25,False,False
260,19,4,1,20260401,20260425.0,Completed,24,False,False
261,19,4,1,20260701,20260715.0,Completed,14,False,False
262,20,3,1,20240701,20240810.0,Completed,40,False,False
263,20,3,1,20241001,20241107.0,Completed,37,False,False
264,20,3,1,20250101,20250129.0,Completed,28,False,False
265,20,3,1,20250401,20250424.0,Completed,23,False,False
266,20,3,1,20250701,20250919.0,Completed,80,False,False
267,20,3,1,20251001,20251029.0,Completed,28,False,False
268,20,3,1,20260101,20260214.0,Completed,44,False,False
269,20,3,1,20260401,20260616.0,Completed,76,False,False
270,20,3,1,20260701,20260810.0,Completed,40,False,False
271,21,7,1,20240701,20240721.0,Completed,20,False,False
272,21,7,1,20241001,20241015.0,Completed,14,False,False
273,21,7,1,20250101,20250120.0,Completed,19,False,False
274,21,7,1,20250401,20250412.0,Completed,11,False,False
275,21,7,1,20250701,20250904.0,Completed,65,False,False
276,21,7,1,20251001,20251005.0,Completed,4,False,False
277,21,7,1,20260101,20260113.0,Completed,12,False,False
278,21,7,1,20260401,20260421.0,Completed,20,False,False
279,21,7,1,20260701,20260721.0,Completed,20,False,False
280,21,8,1,20240701,20240712.0,Completed,11,False,False
281,21,8,1,20241001,20241004.0,Completed,3,False,False
282,21,8,1,20250101,20250106.0,Completed,5,False,False
283,21,8,1,20250401,20250417.0,Completed,16,False,False
284,21,8,1,20250701,20250703.0,Completed,2,False,False
285,21,8,1,20251001,20251022.0,Completed,21,False,False
286,21,8,1,20260101,20260131.0,Completed,30,False,False
287,21,8,1,20260401,20260425.0,Completed,24,False,False
288,21,8,1,20260701,20260728.0,Completed,27,False,False
289,22,7,1,20240701,20240703.0,Completed,2,False,False
290,22,7,1,20241001,20241012.0,Completed,11,False,False
291,22,7,1,20250101,20250107.0,Completed,6,False,False
292,22,7,1,20250401,20250404.0,Completed,3,False,False
293,22,7,1,20250701,20250711.0,Completed,10,False,False
294,22,7,1,20251001,20251108.0,Completed,38,False,False
295,22,7,1,20260101,20260214.0,Completed,44,False,False
296,22,7,1,20260401,20260408.0,Completed,7,False,False
297,22,7,1,20260701,20260716.0,Completed,15,False,False
298,22,1,1,20240701,20240807.0,Completed,37,False,False
299,22,1,1,20241001,20241024.0,Completed,23,False,False
300,22,1,1,20250101,20250306.0,Completed,64,False,False
301,22,1,1,20250401,20250420.0,Completed,19,False,False
302,22,1,1,20250701,20250718.0,Completed,17,False,False
303,22,1,1,20251001,20251015.0,Completed,14,False,False
304,22,1,1,20260101,20260124.0,Completed,23,False,False
305,22,1,1,20260401,20260402.0,Completed,1,False,False
306,22,1,1,20260701,20260724.0,Completed,23,False,False
307,22,8,1,20240701,20240716.0,Completed,15,False,False
308,22,8,1,20241001,20241017.0,Completed,16,False,False
309,22,8,1,20250101,20250107.0,Completed,6,False,False
310,22,8,1,20250401,20250417.0,Completed,16,False,False
311,22,8,1,20250701,20250717.0,Completed,16,False,False
312,22,8,1,20251001,20251017.0,Completed,16,False,False
313,22,8,1,20260101,20260125.0,Completed,24,False,False
314,22,8,1,20260401,20260406.0,Completed,5,False,False
315,22,8,1,20260701,20260712.0,Completed,11,False,False
316,23,5,1,20240701,20240705.0,Completed,4,False,False
317,23,5,1,20241001,20241107.0,Completed,37,False,False
318,23,5,1,20250101,20250111.0,Completed,10,False,False
319,23,5,1,20250401,20250515.0,Completed,44,False,False
320,23,5,1,20250701,20250815.0,Completed,45,False,False
321,23,5,1,20251001,20251021.0,Completed,20,False,False
322,23,5,1,20260101,20260120.0,Completed,19,False,False
323,23,5,1,20260401,20260407.0,Completed,6,False,False
324,23,5,1,20260701,20260724.0,Completed,23,False,False
325,24,7,1,20240701,20240725.0,Completed,24,False,False
326,24,7,1,20241001,20241018.0,Completed,17,False,False
327,24,7,1,20250101,20250204.0,Completed,34,False,False
328,24,7,1,20250401,20250411.0,Completed,10,False,False
329,24,7,1,20250701,20250711.0,Completed,10,False,False
330,24,7,1,20251001,20251008.0,Completed,7,False,False
331,24,7,1,20260101,20260220.0,Completed,50,False,False
332,24,7,1,20260401,20260405.0,Completed,4,False,False
333,24,7,1,20260701,20260724.0,Completed,23,False,False
334,24,8,1,20240701,20240726.0,Completed,25,False,False
335,24,8,1,20241001,20241025.0,Completed,24,False,False
336,24,8,1,20250101,20250108.0,Completed,7,False,False
337,24,8,1,20250401,20250413.0,Completed,12,False,False
338,24,8,1,20250701,20250722.0,Completed,21,False,False
339,24,8,1,20251001,20251010.0,Completed,9,False,False
340,24,8,1,20260101,20260112.0,Completed,11,False,False
341,24,8,1,20260401,20260410.0,Completed,9,False,False
342,24,8,1,20260701,20260716.0,Completed,15,False,False
343,25,1,1,20240701,20240730.0,Completed,29,False,False
344,25,1,1,20241001,20241217.0,Completed,77,False,False
345,25,1,1,20250101,20250212.0,Completed,42,False,False
346,25,1,1,20250401,20250410.0,Completed,9,False,False
347,25,1,1,20250701,20250711.0,Completed,10,False,False
348,25,1,1,20251001,20251117.0,Completed,47,False,False
349,25,1,1,20260101,20260129.0,Completed,28,False,False
350,25,1,1,20260401,20260706.0,Completed,96,False,False
351,25,1,1,20260701,,Overdue,80,False,False
352,25,8,1,20240701,20240708.0,Completed,7,False,False
353,25,8,1,20241001,20241018.0,Completed,17,False,False
354,25,8,1,20250101,20250106.0,Completed,5,False,False
355,25,8,1,20250401,20250424.0,Completed,23,False,False
356,25,8,1,20250701,20250812.0,Completed,42,False,False
357,25,8,1,20251001,20251017.0,Completed,16,False,False
358,25,8,1,20260101,20260111.0,Completed,10,False,False
359,25,8,1,20260401,20260420.0,Completed,19,False,False
360,25,8,1,20260701,20260727.0,Completed,26,False,False
361,26,1,1,20240701,20240823.0,Completed,53,False,False
362,26,1,1,20241001,20241022.0,Completed,21,False,False
363,26,1,1,20250101,20250118.0,Completed,17,False,False
364,26,1,1,20250401,20250505.0,Completed,34,False,False
365,26,1,1,20250701,20250723.0,Completed,22,False,False
366,26,1,1,20251001,20251204.0,Completed,64,False,False
367,26,1,1,20260101,20260122.0,Completed,21,False,False
368,26,1,1,20260401,20260501.0,Completed,30,False,False
369,26,1,1,20260701,20260807.0,Completed,37,False,False
370,27,8,1,20240701,20240705.0,Completed,4,False,False
371,27,8,1,20241001,20241010.0,Completed,9,False,False
372,27,8,1,20250101,20250216.0,Completed,46,False,False
373,27,8,1,20250401,20250427.0,Completed,26,False,False
374,27,8,1,20250701,20250712.0,Completed,11,False,False
375,27,8,1,20251001,20251024.0,Completed,23,False,False
376,27,8,1,20260101,20260202.0,Completed,32,False,False
377,27,8,1,20260401,20260413.0,Completed,12,False,False
378,27,8,1,20260701,20260726.0,Completed,25,False,False
379,27,7,1,20240701,20240723.0,Completed,22,False,False
380,27,7,1,20241001,20241006.0,Completed,5,False,False
381,27,7,1,20250101,20250113.0,Completed,12,False,False
382,27,7,1,20250401,20250510.0,Completed,39,False,False
383,27,7,1,20250701,20250816.0,Completed,46,False,False
384,27,7,1,20251001,20251027.0,Completed,26,False,False
385,27,7,1,20260101,20260110.0,Completed,9,False,False
386,27,7,1,20260401,20260402.0,Completed,1,False,False
387,27,7,1,20260701,20260709.0,Completed,8,False,False
388,28,6,1,20240701,20240705.0,Completed,4,False,False
389,28,6,1,20241001,20241111.0,Completed,41,False,False
390,28,6,1,20250101,20250103.0,Completed,2,False,False
391,28,6,1,20250401,20250406.0,Completed,5,False,False
392,28,6,1,20250701,20250718.0,Completed,17,False,False
393,28,6,1,20251001,20251015.0,Completed,14,False,False
394,28,6,1,20260101,20260208.0,Completed,38,False,False
395,28,6,1,20260401,20260423.0,Completed,22,False,False
396,28,6,1,20260701,20260714.0,Completed,13,False,False
397,29,8,1,20240701,20240802.0,Completed,32,False,False
398,29,8,1,20241001,20241011.0,Completed,10,False,False
399,29,8,1,20250101,20250210.0,Completed,40,False,False
400,29,8,1,20250401,20250408.0,Completed,7,False,False
401,29,8,1,20250701,20250715.0,Completed,14,False,False
402,29,8,1,20251001,20251003.0,Completed,2,False,False
403,29,8,1,20260101,20260128.0,Completed,27,False,False
404,29,8,1,20260401,20260417.0,Completed,16,False,False
405,29,8,1,20260701,20260810.0,Completed,40,False,False
406,30,9,1,20240701,20240713.0,Completed,12,False,False
407,30,9,1,20241001,20241005.0,Completed,4,False,False
408,30,9,1,20250101,20250121.0,Completed,20,False,False
409,30,9,1,20250401,20250410.0,Completed,9,False,False
410,30,9,1,20250701,20250725.0,Completed,24,False,False
411,30,9,1,20251001,20251008.0,Completed,7,False,False
412,30,9,1,20260101,20260205.0,Completed,35,False,False
413,30,8,1,20240701,20240716.0,Completed,15,False,False
414,30,8,1,20241001,20241014.0,Completed,13,False,False
415,30,8,1,20250101,20250204.0,Completed,34,False,False
416,30,8,1,20250401,20250428.0,Completed,27,False,False
417,30,8,1,20250701,20250709.0,Completed,8,False,False
418,30,8,1,20251001,20251027.0,Completed,26,False,False
419,30,8,1,20260101,20260124.0,Completed,23,False,False
420,31,7,1,20240701,20240714.0,Completed,13,False,False
421,31,7,1,20241001,20241026.0,Completed,25,False,False
422,31,7,1,20250101,20250205.0,Completed,35,False,False
423,31,7,1,20250401,20250415.0,Completed,14,False,False
424,31,7,1,20250701,20250715.0,Completed,14,False,False
425,31,7,1,20251001,20251014.0,Completed,13,False,False
426,31,7,1,20260101,20260109.0,Completed,8,False,False
427,31,7,1,20260401,20260414.0,Completed,13,False,False
428,31,7,1,20260701,20260713.0,Completed,12,False,False
429,31,8,1,20240701,20240713.0,Completed,12,False,False
430,31,8,1,20241001,20241013.0,Completed,12,False,False
431,31,8,1,20250101,20250106.0,Completed,5,False,False
432,31,8,1,20250401,20250430.0,Completed,29,False,False
433,31,8,1,20250701,20250710.0,Completed,9,False,False
434,31,8,1,20251001,20251107.0,Completed,37,False,False
435,31,8,1,20260101,20260107.0,Completed,6,False,False
436,31,8,1,20260401,20260513.0,Completed,42,False,False
437,31,8,1,20260701,20260712.0,Completed,11,False,False
438,32,4,1,20240701,20240728.0,Completed,27,False,False
439,32,4,1,20241001,20241017.0,Completed,16,False,False
440,32,4,1,20250101,20250106.0,Completed,5,False,False
441,32,4,1,20250401,20250406.0,Completed,5,False,False
442,32,4,1,20250701,20250709.0,Completed,8,False,False
443,32,4,1,20251001,20251011.0,Completed,10,False,False
444,32,4,1,20260101,20260115.0,Completed,14,False,False
445,32,4,1,20260401,20260419.0,Completed,18,False,False
446,32,4,1,20260701,20260714.0,Completed,13,False,False
447,32,8,1,20240701,20240719.0,Completed,18,False,False
448,32,8,1,20241001,20241021.0,Completed,20,False,False
449,32,8,1,20250101,20250113.0,Completed,12,False,False
450,32,8,1,20250401,20250424.0,Completed,23,False,False
451,32,8,1,20250701,20250727.0,Completed,26,False,False
452,32,8,1,20251001,20251021.0,Completed,20,False,False
453,32,8,1,20260101,20260122.0,Completed,21,False,False
454,32,8,1,20260401,20260417.0,Completed,16,False,False
455,32,8,1,20260701,20260801.0,Completed,31,False,False
456,32,9,1,20240701,20240715.0,Completed,14,False,False
457,32,9,1,20241001,20241009.0,Completed,8,False,False
458,32,9,1,20250101,20250115.0,Completed,14,False,False
459,32,9,1,20250401,20250406.0,Completed,5,False,False
460,32,9,1,20250701,20250705.0,Completed,4,False,False
461,32,9,1,20251001,20251027.0,Completed,26,False,False
462,32,9,1,20260101,20260207.0,Completed,37,False,False
463,32,9,1,20260401,20260412.0,Completed,11,False,False
464,32,9,1,20260701,20260727.0,Completed,26,False,False
465,33,1,1,20240701,20240705.0,Completed,4,False,False
466,33,1,1,20241001,20241110.0,Completed,40,False,False
467,33,1,1,20250101,20250129.0,Completed,28,False,False
468,33,1,1,20250401,20250622.0,Completed,82,False,False
469,33,1,1,20250701,20250726.0,Completed,25,False,False
470,33,1,1,20251001,20251013.0,Completed,12,False,False
471,33,1,1,20260101,20260108.0,Completed,7,False,False
472,33,1,1,20260401,20260430.0,Completed,29,False,False
473,33,1,1,20260701,20260803.0,Completed,33,False,False
474,34,4,1,20240701,20240713.0,Completed,12,False,False
475,34,4,1,20241001,20241028.0,Completed,27,False,False
476,34,4,1,20250101,20250204.0,Completed,34,False,False
477,34,4,1,20250401,20250412.0,Completed,11,False,False
478,34,4,1,20250701,20250704.0,Completed,3,False,False
479,34,4,1,20251001,20251019.0,Completed,18,False,False
480,34,4,1,20260101,20260201.0,Completed,31,False,False
481,34,4,1,20260401,20260412.0,Completed,11,False,False
482,34,4,1,20260701,20260722.0,Completed,21,False,False
483,34,2,1,20240701,20240712.0,Completed,11,False,False
484,34,2,1,20241001,20241105.0,Completed,35,False,False
485,34,2,1,20250101,20250212.0,Completed,42,False,False
486,34,2,1,20250401,20250506.0,Completed,35,False,False
487,34,2,1,20250701,20251005.0,Completed,96,False,False
488,34,2,1,20251001,20251213.0,Completed,73,False,False
489,34,2,1,20260101,20260217.0,Completed,47,False,False
490,34,2,1,20260401,20260529.0,Completed,58,False,False
491,34,2,1,20260701,20260805.0,Completed,35,False,False
492,34,8,1,20240701,20240715.0,Completed,14,False,False
493,34,8,1,20241001,20241011.0,Completed,10,False,False
494,34,8,1,20250101,20250106.0,Completed,5,False,False
495,34,8,1,20250401,20250509.0,Completed,38,False,False
496,34,8,1,20250701,20250819.0,Completed,49,False,False
497,34,8,1,20251001,20251016.0,Completed,15,False,False
498,34,8,1,20260101,20260116.0,Completed,15,False,False
499,34,8,1,20260401,20260423.0,Completed,22,False,False
500,34,8,1,20260701,20260714.0,Completed,13,False,False
501,35,1,1,20240701,20240713.0,Completed,12,False,False
502,35,1,1,20241001,20241010.0,Completed,9,False,False
503,35,1,1,20250101,20250408.0,Completed,97,False,False
504,35,1,1,20250401,20250407.0,Completed,6,False,False
505,35,1,1,20250701,20250806.0,Completed,36,False,False
506,35,1,1,20251001,20251008.0,Completed,7,False,False
507,35,1,1,20260101,20260127.0,Completed,26,False,False
508,35,1,1,20260401,20260423.0,Completed,22,False,False
509,35,1,1,20260701,20260709.0,Completed,8,False,False
510,36,8,1,20240701,20240723.0,Completed,22,False,False
511,36,8,1,20241001,20241007.0,Completed,6,False,False
512,36,8,1,20250101,20250105.0,Completed,4,False,False
513,36,8,1,20250401,20250425.0,Completed,24,False,False
514,36,8,1,20250701,20250712.0,Completed,11,False,False
515,36,8,1,20251001,20251009.0,Completed,8,False,False
516,36,8,1,20260101,20260126.0,Completed,25,False,False
517,36,8,1,20260401,20260406.0,Completed,5,False,False
518,36,8,1,20260701,20260704.0,Completed,3,False,False
519,36,2,1,20240701,20240905.0,Completed,66,False,False
520,36,2,1,20241001,20241228.0,Completed,88,False,False
521,36,2,1,20250101,20250127.0,Completed,26,False,False
522,36,2,1,20250401,20250427.0,Completed,26,False,False
523,36,2,1,20250701,20250822.0,Completed,52,False,False
524,36,2,1,20251001,20251201.0,Completed,61,False,False
525,36,2,1,20260101,20260113.0,Completed,12,False,False
526,36,2,1,20260401,20260424.0,Completed,23,False,False
527,36,2,1,20260701,20260804.0,Completed,34,False,False
528,36,4,1,20240701,20240726.0,Completed,25,False,False
529,36,4,1,20241001,20241024.0,Completed,23,False,False
530,36,4,1,20250101,20250122.0,Completed,21,False,False
531,36,4,1,20250401,20250502.0,Completed,31,False,False
532,36,4,1,20250701,20250715.0,Completed,14,False,False
533,36,4,1,20251001,20251108.0,Completed,38,False,False
534,36,4,1,20260101,20260110.0,Completed,9,False,False
535,36,4,1,20260401,20260424.0,Completed,23,False,False
536,36,4,1,20260701,20260711.0,Completed,10,False,False
537,37,5,1,20240701,20240722.0,Completed,21,False,False
538,37,5,1,20241001,20241025.0,Completed,24,False,False
539,37,5,1,20250101,20250117.0,Completed,16,False,False
540,37,5,1,20250401,20250522.0,Completed,51,False,False
541,37,5,1,20250701,20250718.0,Completed,17,False,False
542,37,5,1,20251001,20251024.0,Completed,23,False,False
543,37,5,1,20260101,20260205.0,Completed,35,False,False
544,37,5,1,20260401,20260711.0,Completed,101,False,False
545,37,5,1,20260701,20260806.0,Completed,36,False,False
546,37,8,1,20240701,20240716.0,Completed,15,False,False
547,37,8,1,20241001,20241003.0,Completed,2,False,False
548,37,8,1,20250101,20250114.0,Completed,13,False,False
549,37,8,1,20250401,20250409.0,Completed,8,False,False
550,37,8,1,20250701,20250712.0,Completed,11,False,False
551,37,8,1,20251001,20251011.0,Completed,10,False,False
552,37,8,1,20260101,20260122.0,Completed,21,False,False
553,37,8,1,20260401,20260414.0,Completed,13,False,False
554,37,8,1,20260701,20260708.0,Completed,7,False,False
555,37,1,1,20240701,20240823.0,Completed,53,False,False
556,37,1,1,20241001,20241011.0,Completed,10,False,False
557,37,1,1,20250101,20250130.0,Completed,29,False,False
558,37,1,1,20250401,20250427.0,Completed,26,False,False
559,37,1,1,20250701,20250807.0,Completed,37,False,False
560,37,1,1,20251001,20251202.0,Completed,62,False,False
561,37,1,1,20260101,20260511.0,Completed,130,False,False
562,37,1,1,20260401,20260501.0,Completed,30,False,False
563,37,1,1,20260701,20260718.0,Completed,17,False,False
564,38,7,1,20240701,20240709.0,Completed,8,False,False
565,38,7,1,20241001,20241009.0,Completed,8,False,False
566,38,7,1,20250101,20250119.0,Completed,18,False,False
567,38,7,1,20250401,20250403.0,Completed,2,False,False
568,38,7,1,20250701,20250706.0,Completed,5,False,False
569,38,7,1,20251001,20251019.0,Completed,18,False,False
570,38,7,1,20260101,20260129.0,Completed,28,False,False
571,38,7,1,20260401,20260429.0,Completed,28,False,False
572,38,7,1,20260701,20260717.0,Completed,16,False,False
573,38,8,1,20240701,20240726.0,Completed,25,False,False
574,38,8,1,20241001,20241101.0,Completed,31,False,False
575,38,8,1,20250101,20250112.0,Completed,11,False,False
576,38,8,1,20250401,20250430.0,Completed,29,False,False
577,38,8,1,20250701,20250704.0,Completed,3,False,False
578,38,8,1,20251001,20251006.0,Completed,5,False,False
579,38,8,1,20260101,20260112.0,Completed,11,False,False
580,38,8,1,20260401,20260404.0,Completed,3,False,False
581,38,8,1,20260701,20260723.0,Completed,22,False,False
582,39,1,1,20240701,20240720.0,Completed,19,False,False
583,39,1,1,20241001,20241027.0,Completed,26,False,False
584,39,1,1,20250101,20250128.0,Completed,27,False,False
585,39,1,1,20250401,20250423.0,Completed,22,False,False
586,39,1,1,20250701,20250716.0,Completed,15,False,False
587,39,1,1,20251001,20251112.0,Completed,42,False,False
588,39,1,1,20260101,20260119.0,Completed,18,False,False
589,39,1,1,20260401,20260428.0,Completed,27,False,False
590,39,1,1,20260701,20260807.0,Completed,37,False,False
591,40,5,1,20240701,20240820.0,Completed,50,False,False
592,40,5,1,20241001,20241118.0,Completed,48,False,False
593,40,5,1,20250101,20250117.0,Completed,16,False,False
594,40,5,1,20250401,20250413.0,Completed,12,False,False
595,40,5,1,20250701,20250827.0,Completed,57,False,False
596,40,5,1,20251001,20251016.0,Completed,15,False,False
597,40,5,1,20260101,20260203.0,Completed,33,False,False
598,40,5,1,20260401,20260405.0,Completed,4,False,False
599,40,5,1,20260701,20260704.0,Completed,3,False,False
600,40,1,1,20240701,20240731.0,Completed,30,False,False
601,40,1,1,20241001,20241025.0,Completed,24,False,False
602,40,1,1,20250101,20250218.0,Completed,48,False,False
603,40,1,1,20250401,20250416.0,Completed,15,False,False
604,40,1,1,20250701,20250805.0,Completed,35,False,False
605,40,1,1,20251001,20251116.0,Completed,46,False,False
606,40,1,1,20260101,20260117.0,Completed,16,False,False
607,40,1,1,20260401,20260423.0,Completed,22,False,False
608,40,1,1,20260701,20260712.0,Completed,11,False,False
609,41,8,1,20240701,20240726.0,Completed,25,False,False
610,41,8,1,20241001,20241022.0,Completed,21,False,False
611,41,8,1,20250101,20250123.0,Completed,22,False,False
612,41,8,1,20250401,20250413.0,Completed,12,False,False
613,41,8,1,20250701,20250722.0,Completed,21,False,False
614,41,8,1,20251001,20251014.0,Completed,13,False,False
615,41,8,1,20260101,20260209.0,Completed,39,False,False
616,41,8,1,20260401,20260415.0,Completed,14,False,False
617,41,8,1,20260701,20260729.0,Completed,28,False,False
618,41,5,1,20240701,20240720.0,Completed,19,False,False
619,41,5,1,20241001,20241125.0,Completed,55,False,False
620,41,5,1,20250101,20250113.0,Completed,12,False,False
621,41,5,1,20250401,20250502.0,Completed,31,False,False
622,41,5,1,20250701,20250715.0,Completed,14,False,False
623,41,5,1,20251001,20251029.0,Completed,28,False,False
624,41,5,1,20260101,20260116.0,Completed,15,False,False
625,41,5,1,20260401,20260424.0,Completed,23,False,False
626,41,5,1,20260701,20260718.0,Completed,17,False,False
627,41,1,1,20240701,20240815.0,Completed,45,False,False
628,41,1,1,20241001,20241110.0,Completed,40,False,False
629,41,1,1,20250101,20250118.0,Completed,17,False,False
630,41,1,1,20250401,20250417.0,Completed,16,False,False
631,41,1,1,20250701,20250714.0,Completed,13,False,False
632,41,1,1,20251001,20251012.0,Completed,11,False,False
633,41,1,1,20260101,20260217.0,Completed,47,False,False
634,41,1,1,20260401,20260414.0,Completed,13,False,False
635,41,1,1,20260701,20260806.0,Completed,36,False,False
636,42,9,1,20240701,20240711.0,Completed,10,False,False
637,42,9,1,20241001,20241029.0,Completed,28,False,False
638,42,9,1,20250101,20250216.0,Completed,46,False,False
639,42,9,1,20250401,20250402.0,Completed,1,False,False
640,42,9,1,20250701,20250708.0,Completed,7,False,False
641,42,9,1,20251001,20251010.0,Completed,9,False,False
642,42,9,1,20260101,20260113.0,Completed,12,False,False
643,42,9,1,20260401,20260413.0,Completed,12,False,False
644,42,9,1,20260701,20260705.0,Completed,4,False,False
645,42,3,1,20240701,20241002.0,Completed,93,False,False
646,42,3,1,20241001,20241025.0,Completed,24,False,False
647,42,3,1,20250101,20250210.0,Completed,40,False,False
648,42,3,1,20250401,20250512.0,Completed,41,False,False
649,42,3,1,20250701,20250708.0,Completed,7,False,False
650,42,3,1,20251001,20251023.0,Completed,22,False,False
651,42,3,1,20260101,20260217.0,Completed,47,False,False
652,42,3,1,20260401,20260611.0,Completed,71,False,False
653,42,3,1,20260701,20260723.0,Completed,22,False,False
654,42,4,1,20240701,20240705.0,Completed,4,False,False
655,42,4,1,20241001,20241010.0,Completed,9,False,False
656,42,4,1,20250101,20250112.0,Completed,11,False,False
657,42,4,1,20250401,20250411.0,Completed,10,False,False
658,42,4,1,20250701,20250708.0,Completed,7,False,False
659,42,4,1,20251001,20251005.0,Completed,4,False,False
660,42,4,1,20260101,20260106.0,Completed,5,False,False
661,42,4,1,20260401,20260410.0,Completed,9,False,False
662,42,4,1,20260701,20260724.0,Completed,23,False,False
663,43,7,1,20240701,20240731.0,Completed,30,False,False
664,43,7,1,20241001,20241016.0,Completed,15,False,False
665,43,7,1,20250101,20250106.0,Completed,5,False,False
666,43,7,1,20250401,20250410.0,Completed,9,False,False
667,43,7,1,20250701,20250703.0,Completed,2,False,False
668,43,7,1,20251001,20251106.0,Completed,36,False,False
669,43,7,1,20260101,20260109.0,Completed,8,False,False
670,43,7,1,20260401,20260420.0,Completed,19,False,False
671,43,7,1,20260701,20260729.0,Completed,28,False,False
672,43,8,1,20240701,20240813.0,Completed,43,False,False
673,43,8,1,20241001,20241026.0,Completed,25,False,False
674,43,8,1,20250101,20250111.0,Completed,10,False,False
675,43,8,1,20250401,20250421.0,Completed,20,False,False
676,43,8,1,20250701,20250812.0,Completed,42,False,False
677,43,8,1,20251001,20251009.0,Completed,8,False,False
678,43,8,1,20260101,20260105.0,Completed,4,False,False
679,43,8,1,20260401,20260408.0,Completed,7,False,False
680,43,8,1,20260701,20260721.0,Completed,20,False,False
681,44,8,1,20240701,20240711.0,Completed,10,False,False
682,44,8,1,20241001,20241014.0,Completed,13,False,False
683,44,8,1,20250101,20250123.0,Completed,22,False,False
684,44,8,1,20250401,20250408.0,Completed,7,False,False
685,44,8,1,20250701,20250714.0,Completed,13,False,False
686,44,8,1,20251001,20251010.0,Completed,9,False,False
687,44,8,1,20260101,20260210.0,Completed,40,False,False
688,44,8,1,20260401,20260426.0,Completed,25,False,False
689,44,8,1,20260701,20260711.0,Completed,10,False,False
690,45,8,1,20240701,20240711.0,Completed,10,False,False
691,45,8,1,20241001,20241114.0,Completed,44,False,False
692,45,8,1,20250101,20250211.0,Completed,41,False,False
693,45,8,1,20250401,20250420.0,Completed,19,False,False
694,45,8,1,20250701,20250715.0,Completed,14,False,False
695,45,8,1,20251001,20251006.0,Completed,5,False,False
696,45,8,1,20260101,20260108.0,Completed,7,False,False
697,45,8,1,20260401,20260405.0,Completed,4,False,False
698,45,8,1,20260701,20260730.0,Completed,29,False,False
699,46,7,1,20240701,20240706.0,Completed,5,False,False
700,46,7,1,20241001,20241011.0,Completed,10,False,False
701,46,7,1,20250101,20250103.0,Completed,2,False,False
702,46,7,1,20250401,20250404.0,Completed,3,False,False
703,46,7,1,20250701,20250724.0,Completed,23,False,False
704,46,7,1,20251001,20251018.0,Completed,17,False,False
705,46,7,1,20260101,20260115.0,Completed,14,False,False
706,46,7,1,20260401,20260411.0,Completed,10,False,False
707,46,7,1,20260701,20260704.0,Completed,3,False,False
708,46,8,1,20240701,20240710.0,Completed,9,False,False
709,46,8,1,20241001,20241013.0,Completed,12,False,False
710,46,8,1,20250101,20250123.0,Completed,22,False,False
711,46,8,1,20250401,20250429.0,Completed,28,False,False
712,46,8,1,20250701,20250724.0,Completed,23,False,False
713,46,8,1,20251001,20251018.0,Completed,17,False,False
714,46,8,1,20260101,20260115.0,Completed,14,False,False
715,46,8,1,20260401,20260417.0,Completed,16,False,False
716,46,8,1,20260701,20260709.0,Completed,8,False,False
717,47,8,1,20240701,20240716.0,Completed,15,False,False
718,47,8,1,20241001,20241013.0,Completed,12,False,False
719,47,8,1,20250101,20250225.0,Completed,55,False,False
720,47,8,1,20250401,20250417.0,Completed,16,False,False
721,47,8,1,20250701,20250703.0,Completed,2,False,False
722,47,8,1,20251001,20251011.0,Completed,10,False,False
723,47,8,1,20260101,20260112.0,Completed,11,False,False
724,47,8,1,20260401,20260426.0,Completed,25,False,False
725,47,8,1,20260701,20260719.0,Completed,18,False,False
726,48,4,1,20240701,20240718.0,Completed,17,False,False
727,48,4,1,20241001,20241103.0,Completed,33,False,False
728,48,4,1,20250101,20250211.0,Completed,41,False,False
729,48,4,1,20250401,20250424.0,Completed,23,False,False
730,48,4,1,20250701,20250711.0,Completed,10,False,False
731,48,4,1,20251001,20251011.0,Completed,10,False,False
732,48,4,1,20260101,20260201.0,Completed,31,False,False
733,48,4,1,20260401,20260411.0,Completed,10,False,False
734,48,4,1,20260701,20260714.0,Completed,13,False,False
735,48,2,1,20240701,20240720.0,Completed,19,False,False
736,48,2,1,20241001,20241012.0,Completed,11,False,False
737,48,2,1,20250101,20250416.0,Completed,105,False,False
738,48,2,1,20250401,20250427.0,Completed,26,False,False
739,48,2,1,20250701,20250912.0,Completed,73,False,False
740,48,2,1,20251001,20251022.0,Completed,21,False,False
741,48,2,1,20260101,20260117.0,Completed,16,False,False
742,48,2,1,20260401,20260514.0,Completed,43,False,False
743,48,2,1,20260701,20260826.0,Completed,56,False,False
744,49,7,1,20240701,20240730.0,Completed,29,False,False
745,49,7,1,20241001,20241013.0,Completed,12,False,False
746,49,7,1,20250101,20250124.0,Completed,23,False,False
747,49,7,1,20250401,20250410.0,Completed,9,False,False
748,49,7,1,20250701,20250716.0,Completed,15,False,False
749,49,7,1,20251001,20251012.0,Completed,11,False,False
750,49,7,1,20260101,20260111.0,Completed,10,False,False
751,49,7,1,20260401,20260416.0,Completed,15,False,False
752,49,7,1,20260701,20260706.0,Completed,5,False,False
753,50,1,1,20240701,20240823.0,Completed,53,False,False
754,50,1,1,20241001,20241021.0,Completed,20,False,False
755,50,1,1,20250101,20250221.0,Completed,51,False,False
756,50,1,1,20250401,20250414.0,Completed,13,False,False
757,50,1,1,20250701,20250721.0,Completed,20,False,False
758,50,1,1,20251001,20251012.0,Completed,11,False,False
759,50,1,1,20260101,20260111.0,Completed,10,False,False
760,50,1,1,20260401,20260415.0,Completed,14,False,False
761,50,1,1,20260701,20260714.0,Completed,13,False,False
762,50,9,1,20240701,20240706.0,Completed,5,False,False
763,50,9,1,20241001,20241015.0,Completed,14,False,False
764,50,9,1,20250101,20250122.0,Completed,21,False,False
765,50,9,1,20250401,20250423.0,Completed,22,False,False
766,50,9,1,20250701,20250704.0,Completed,3,False,False
767,50,9,1,20251001,20251012.0,Completed,11,False,False
768,50,9,1,20260101,20260111.0,Completed,10,False,False
769,50,9,1,20260401,20260505.0,Completed,34,False,False
770,50,9,1,20260701,20260712.0,Completed,11,False,False
771,51,1,1,20240701,20240727.0,Completed,26,False,True
772,51,1,1,20241001,20241008.0,Completed,7,False,True
773,51,1,1,20250101,20250115.0,Completed,14,False,True
774,51,1,1,20250401,20250408.0,Completed,7,False,True
775,51,1,1,20250701,20250730.0,Completed,29,False,False
776,51,1,1,20251001,20251209.0,Completed,69,False,False
777,51,1,1,20260101,20260115.0,Completed,14,False,False
778,51,1,1,20260401,20260424.0,Completed,23,False,False
779,51,1,1,20260701,20260714.0,Completed,13,False,False
780,52,2,1,20240701,20240718.0,Completed,17,False,False
781,52,2,1,20241001,20241031.0,Completed,30,False,False
782,52,2,1,20250101,20250402.0,Completed,91,False,False
783,52,2,1,20250401,20250607.0,Completed,67,False,False
784,52,2,1,20250701,20250919.0,Completed,80,False,False
785,52,2,1,20251001,20251122.0,Completed,52,False,False
786,52,2,1,20260101,20260124.0,Completed,23,False,False
787,52,2,1,20260401,20260421.0,Completed,20,False,False
788,52,2,1,20260701,20260715.0,Completed,14,False,False
789,52,4,1,20240701,20240712.0,Completed,11,False,False
790,52,4,1,20241001,20241105.0,Completed,35,False,False
791,52,4,1,20250101,20250205.0,Completed,35,False,False
792,52,4,1,20250401,20250528.0,Completed,57,False,False
793,52,4,1,20250701,20250717.0,Completed,16,False,False
794,52,4,1,20251001,20251006.0,Completed,5,False,False
795,52,4,1,20260101,20260121.0,Completed,20,False,False
796,52,4,1,20260401,20260517.0,Completed,46,False,False
797,52,4,1,20260701,20260808.0,Completed,38,False,False
798,53,2,1,20240701,20240719.0,Completed,18,False,False
799,53,2,1,20241001,20241011.0,Completed,10,False,False
800,53,2,1,20250101,20250111.0,Completed,10,False,False
801,53,2,1,20250401,20250416.0,Completed,15,False,False
802,53,2,1,20250701,20250718.0,Completed,17,False,False
803,53,2,1,20251001,20251022.0,Completed,21,False,False
804,53,2,1,20260101,20260214.0,Completed,44,False,False
805,53,2,1,20260401,20260422.0,Completed,21,False,False
806,53,2,1,20260701,20260729.0,Completed,28,False,False
807,54,9,1,20240701,20240704.0,Completed,3,False,False
808,54,9,1,20241001,20241008.0,Completed,7,False,False
809,54,9,1,20250101,20250108.0,Completed,7,False,False
810,54,9,1,20250401,20250404.0,Completed,3,False,False
811,54,9,1,20250701,20250711.0,Completed,10,False,False
812,54,9,1,20251001,20251004.0,Completed,3,False,False
813,54,9,1,20260101,20260111.0,Completed,10,False,False
814,54,9,1,20260401,20260416.0,Completed,15,False,False
815,54,9,1,20260701,20260805.0,Completed,35,False,False
816,54,4,1,20240701,20240708.0,Completed,7,False,False
817,54,4,1,20241001,20241016.0,Completed,15,False,False
818,54,4,1,20250101,20250109.0,Completed,8,False,False
819,54,4,1,20250401,20250404.0,Completed,3,False,False
820,54,4,1,20250701,20250805.0,Completed,35,False,False
821,54,4,1,20251001,20251016.0,Completed,15,False,False
822,54,4,1,20260101,20260120.0,Completed,19,False,False
823,54,4,1,20260401,20260510.0,Completed,39,False,False
824,54,4,1,20260701,20260711.0,Completed,10,False,False
825,54,8,1,20240701,20240705.0,Completed,4,False,False
826,54,8,1,20241001,20241008.0,Completed,7,False,False
827,54,8,1,20250101,20250105.0,Completed,4,False,False
828,54,8,1,20250401,20250430.0,Completed,29,False,False
829,54,8,1,20250701,20250817.0,Completed,47,False,False
830,54,8,1,20251001,20251016.0,Completed,15,False,False
831,54,8,1,20260101,20260123.0,Completed,22,False,False
832,54,8,1,20260401,20260428.0,Completed,27,False,False
833,54,8,1,20260701,20260811.0,Completed,41,False,False
834,55,2,1,20240701,20240930.0,Completed,91,False,False
835,55,2,1,20241001,20241005.0,Completed,4,False,False
836,55,2,1,20250101,20250117.0,Completed,16,False,False
837,55,2,1,20250401,20250428.0,Completed,27,False,False
838,55,2,1,20250701,20250716.0,Completed,15,False,False
839,55,2,1,20251001,20251023.0,Completed,22,False,False
840,55,2,1,20260101,20260207.0,Completed,37,False,False
841,55,2,1,20260401,20260507.0,Completed,36,False,False
842,55,2,1,20260701,20260822.0,Completed,52,False,False
843,56,8,1,20240701,20240715.0,Completed,14,False,False
844,56,8,1,20241001,20241002.0,Completed,1,False,False
845,56,8,1,20250101,20250111.0,Completed,10,False,False
846,56,8,1,20250401,20250418.0,Completed,17,False,False
847,56,8,1,20250701,20250728.0,Completed,27,False,False
848,56,8,1,20251001,20251026.0,Completed,25,False,False
849,56,8,1,20260101,20260113.0,Completed,12,False,False
850,56,8,1,20260401,20260409.0,Completed,8,False,False
851,56,8,1,20260701,20260714.0,Completed,13,False,False
852,56,1,1,20240701,20240706.0,Completed,5,False,False
853,56,1,1,20241001,20241018.0,Completed,17,False,False
854,56,1,1,20250101,20250303.0,Completed,61,False,False
855,56,1,1,20250401,20250427.0,Completed,26,False,False
856,56,1,1,20250701,20250805.0,Completed,35,False,False
857,56,1,1,20251001,20251009.0,Completed,8,False,False
858,56,1,1,20260101,20260224.0,Completed,54,False,False
859,56,1,1,20260401,20260425.0,Completed,24,False,False
860,56,1,1,20260701,20260804.0,Completed,34,False,False
861,57,3,1,20240701,20240810.0,Completed,40,False,False
862,57,3,1,20241001,20241123.0,Completed,53,False,False
863,57,3,1,20250101,20250201.0,Completed,31,False,False
864,57,3,1,20250401,20250425.0,Completed,24,False,False
865,57,3,1,20250701,20250710.0,Completed,9,False,False
866,57,3,1,20251001,20251008.0,Completed,7,False,False
867,57,3,1,20260101,20260131.0,Completed,30,False,False
868,57,3,1,20260401,20260506.0,Completed,35,False,False
869,57,3,1,20260701,20260809.0,Completed,39,False,False
870,57,9,1,20240701,20240708.0,Completed,7,False,False
871,57,9,1,20241001,20241010.0,Completed,9,False,False
872,57,9,1,20250101,20250116.0,Completed,15,False,False
873,57,9,1,20250401,20250410.0,Completed,9,False,False
874,57,9,1,20250701,20250830.0,Completed,60,False,False
875,57,9,1,20251001,20251009.0,Completed,8,False,False
876,57,9,1,20260101,20260119.0,Completed,18,False,False
877,57,9,1,20260401,20260425.0,Completed,24,False,False
878,57,9,1,20260701,20260726.0,Completed,25,False,False
879,57,8,1,20240701,20240710.0,Completed,9,False,False
880,57,8,1,20241001,20241021.0,Completed,20,False,False
881,57,8,1,20250101,20250119.0,Completed,18,False,False
882,57,8,1,20250401,20250422.0,Completed,21,False,False
883,57,8,1,20250701,20250716.0,Completed,15,False,False
884,57,8,1,20251001,20251025.0,Completed,24,False,False
885,57,8,1,20260101,20260117.0,Completed,16,False,False
886,57,8,1,20260401,20260405.0,Completed,4,False,False
887,57,8,1,20260701,20260717.0,Completed,16,False,False
888,58,1,1,20240701,20240804.0,Completed,34,False,False
889,58,1,1,20241001,20241116.0,Completed,46,False,False
890,58,1,1,20250101,20250131.0,Completed,30,False,False
891,58,1,1,20250401,20250623.0,Completed,83,False,False
892,58,1,1,20250701,20250726.0,Completed,25,False,False
893,58,1,1,20251001,20251019.0,Completed,18,False,False
894,58,1,1,20260101,20260309.0,Completed,67,False,False
895,58,1,1,20260401,20260426.0,Completed,25,False,False
896,58,1,1,20260701,20260729.0,Completed,28,False,False
897,59,8,1,20240701,20240718.0,Completed,17,False,False
898,59,8,1,20241001,20241017.0,Completed,16,False,False
899,59,8,1,20250101,20250122.0,Completed,21,False,False
900,59,8,1,20250401,20250423.0,Completed,22,False,False
901,59,8,1,20250701,20250709.0,Completed,8,False,False
902,59,8,1,20251001,20251006.0,Completed,5,False,False
903,59,8,1,20260101,20260107.0,Completed,6,False,False
904,59,8,1,20260401,20260502.0,Completed,31,False,False
905,59,8,1,20260701,20260712.0,Completed,11,False,False
906,59,2,1,20240701,20240818.0,Completed,48,False,False
907,59,2,1,20241001,20241115.0,Completed,45,False,False
908,59,2,1,20250101,20250129.0,Completed,28,False,False
909,59,2,1,20250401,20250414.0,Completed,13,False,False
910,59,2,1,20250701,20250816.0,Completed,46,False,False
911,59,2,1,20251001,20251028.0,Completed,27,False,False
912,59,2,1,20260101,20260110.0,Completed,9,False,False
913,59,2,1,20260401,20260420.0,Completed,19,False,False
914,59,2,1,20260701,20260707.0,Completed,6,False,False
915,59,4,1,20240701,20240711.0,Completed,10,False,False
916,59,4,1,20241001,20241016.0,Completed,15,False,False
917,59,4,1,20250101,20250114.0,Completed,13,False,False
918,59,4,1,20250401,20250413.0,Completed,12,False,False
919,59,4,1,20250701,20250716.0,Completed,15,False,False
920,59,4,1,20251001,20251021.0,Completed,20,False,False
921,59,4,1,20260101,20260126.0,Completed,25,False,False
922,59,4,1,20260401,20260429.0,Completed,28,False,False
923,59,4,1,20260701,20260708.0,Completed,7,False,False
924,60,1,1,20240701,20240829.0,Completed,59,False,False
925,60,1,1,20241001,20241029.0,Completed,28,False,False
926,60,1,1,20250101,20250122.0,Completed,21,False,False
927,60,1,1,20250401,20250413.0,Completed,12,False,False
928,60,1,1,20250701,20250808.0,Completed,38,False,False
929,60,1,1,20251001,20251106.0,Completed,36,False,False
930,60,1,1,20260101,20260119.0,Completed,18,False,False
931,60,1,1,20260401,20260419.0,Completed,18,False,False
932,60,1,1,20260701,20260726.0,Completed,25,False,False
933,60,9,1,20240701,20240711.0,Completed,10,False,False
934,60,9,1,20241001,20241008.0,Completed,7,False,False
935,60,9,1,20250101,20250106.0,Completed,5,False,False
936,60,9,1,20250401,20250501.0,Completed,30,False,False
937,60,9,1,20250701,20250710.0,Completed,9,False,False
938,60,9,1,20251001,20251019.0,Completed,18,False,False
939,60,9,1,20260101,20260122.0,Completed,21,False,False
940,60,9,1,20260401,20260420.0,Completed,19,False,False
941,60,9,1,20260701,20260723.0,Completed,22,False,False
942,61,8,1,20240701,20240720.0,Completed,19,False,False
943,61,8,1,20241001,20241009.0,Completed,8,False,False
944,61,8,1,20250101,20250112.0,Completed,11,False,False
945,61,8,1,20250401,20250430.0,Completed,29,False,False
946,61,8,1,20250701,20250710.0,Completed,9,False,False
947,61,8,1,20251001,20251015.0,Completed,14,False,False
948,61,8,1,20260101,20260121.0,Completed,20,False,False
949,61,8,1,20260401,20260507.0,Completed,36,False,False
950,61,8,1,20260701,20260728.0,Completed,27,False,False
951,61,5,1,20240701,20240711.0,Completed,10,False,False
952,61,5,1,20241001,20241030.0,Completed,29,False,False
953,61,5,1,20250101,20250128.0,Completed,27,False,False
954,61,5,1,20250401,20250419.0,Completed,18,False,False
955,61,5,1,20250701,20250724.0,Completed,23,False,False
956,61,5,1,20251001,20251014.0,Completed,13,False,False
957,61,5,1,20260101,20260121.0,Completed,20,False,False
958,61,5,1,20260401,20260416.0,Completed,15,False,False
959,61,5,1,20260701,20260725.0,Completed,24,False,False
960,62,7,1,20240701,20240712.0,Completed,11,False,False
961,62,7,1,20241001,20241108.0,Completed,38,False,False
962,62,7,1,20250101,20250116.0,Completed,15,False,False
963,62,7,1,20250401,20250414.0,Completed,13,False,False
964,62,7,1,20250701,20250713.0,Completed,12,False,False
965,62,7,1,20251001,20251012.0,Completed,11,False,False
966,62,7,1,20260101,20260106.0,Completed,5,False,False
967,62,7,1,20260401,20260425.0,Completed,24,False,False
968,62,7,1,20260701,20260803.0,Completed,33,False,False
969,62,8,1,20240701,20240710.0,Completed,9,False,False
970,62,8,1,20241001,20241030.0,Completed,29,False,False
971,62,8,1,20250101,20250301.0,Completed,59,False,False
972,62,8,1,20250401,20250517.0,Completed,46,False,False
973,62,8,1,20250701,20250802.0,Completed,32,False,False
974,62,8,1,20251001,20251006.0,Completed,5,False,False
975,62,8,1,20260101,20260106.0,Completed,5,False,False
976,62,8,1,20260401,20260422.0,Completed,21,False,False
977,62,8,1,20260701,20260715.0,Completed,14,False,False
978,63,9,1,20240701,20240703.0,Completed,2,False,False
979,63,9,1,20241001,20241011.0,Completed,10,False,False
980,63,9,1,20250101,20250122.0,Completed,21,False,False
981,63,9,1,20250401,20250413.0,Completed,12,False,False
982,63,9,1,20250701,20250715.0,Completed,14,False,False
983,63,9,1,20251001,20251006.0,Completed,5,False,False
984,63,9,1,20260101,20260111.0,Completed,10,False,False
985,63,9,1,20260401,20260423.0,Completed,22,False,False
986,63,9,1,20260701,20260711.0,Completed,10,False,False
987,64,1,1,20240701,20240831.0,Completed,61,False,False
988,64,1,1,20241001,20241029.0,Completed,28,False,False
989,64,1,1,20250101,20250207.0,Completed,37,False,False
990,64,1,1,20250401,20250513.0,Completed,42,False,False
991,64,1,1,20250701,20250811.0,Completed,41,False,False
992,64,1,1,20251001,20251013.0,Completed,12,False,False
993,64,1,1,20260101,20260115.0,Completed,14,False,False
994,64,1,1,20260401,20260405.0,Completed,4,False,False
995,64,1,1,20260701,20260723.0,Completed,22,False,False
996,64,5,1,20240701,20240712.0,Completed,11,False,False
997,64,5,1,20241001,20241016.0,Completed,15,False,False
998,64,5,1,20250101,20250120.0,Completed,19,False,False
999,64,5,1,20250401,20250426.0,Completed,25,False,False
1000,64,5,1,20250701,20250721.0,Completed,20,False,False
1001,64,5,1,20251001,20251021.0,Completed,20,False,False
1002,64,5,1,20260101,20260130.0,Completed,29,False,False
1003,64,5,1,20260401,20260423.0,Completed,22,False,False
1004,64,5,1,20260701,20260811.0,Completed,41,False,False
1005,65,10,1,20240701,20240715.0,Completed,14,False,False
1006,65,10,1,20241001,20241107.0,Completed,37,False,False
1007,65,10,1,20250101,20250107.0,Completed,6,False,False
1008,65,10,1,20250401,20250412.0,Completed,11,False,False
1009,65,10,1,20250701,20250709.0,Completed,8,False,False
1010,65,10,1,20251001,20251017.0,Completed,16,False,False
1011,65,10,1,20260101,20260107.0,Completed,6,False,False
1012,65,10,1,20260401,20260405.0,Completed,4,False,False
1013,65,10,1,20260701,20260708.0,Completed,7,False,False
1014,65,6,1,20240701,20240705.0,Completed,4,False,False
1015,65,6,1,20241001,20241013.0,Completed,12,False,False
1016,65,6,1,20250101,20250117.0,Completed,16,False,False
1017,65,6,1,20250401,20250404.0,Completed,3,False,False
1018,65,6,1,20250701,20250711.0,Completed,10,False,False
1019,65,6,1,20251001,20251028.0,Completed,27,False,False
1020,65,6,1,20260101,20260203.0,Completed,33,False,False
1021,65,6,1,20260401,20260424.0,Completed,23,False,False
1022,65,6,1,20260701,20260702.0,Completed,1,False,False
1023,66,8,1,20240701,20240716.0,Completed,15,False,False
1024,66,8,1,20241001,20241030.0,Completed,29,False,False
1025,66,8,1,20250101,20250110.0,Completed,9,False,False
1026,66,8,1,20250401,20250406.0,Completed,5,False,False
1027,66,8,1,20250701,20250729.0,Completed,28,False,False
1028,66,8,1,20251001,20251101.0,Completed,31,False,False
1029,66,8,1,20260101,20260114.0,Completed,13,False,False
1030,66,8,1,20260401,20260406.0,Completed,5,False,False
1031,66,8,1,20260701,20260704.0,Completed,3,False,False
1032,66,7,1,20240701,20240718.0,Completed,17,False,False
1033,66,7,1,20241001,20241009.0,Completed,8,False,False
1034,66,7,1,20250101,20250114.0,Completed,13,False,False
1035,66,7,1,20250401,20250413.0,Completed,12,False,False
1036,66,7,1,20250701,20250708.0,Completed,7,False,False
1037,66,7,1,20251001,20251004.0,Completed,3,False,False
1038,66,7,1,20260101,20260111.0,Completed,10,False,False
1039,66,7,1,20260401,20260416.0,Completed,15,False,False
1040,66,7,1,20260701,20260716.0,Completed,15,False,False
1041,67,1,1,20240701,20240717.0,Completed,16,False,True
1042,67,1,1,20241001,20241112.0,Completed,42,False,True
1043,67,1,1,20250101,20250201.0,Completed,31,False,True
1044,67,1,1,20250401,20250417.0,Completed,16,False,False
1045,67,1,1,20250701,20250725.0,Completed,24,False,False
1046,67,1,1,20251001,20251002.0,Completed,1,False,False
1047,67,1,1,20260101,20260204.0,Completed,34,False,False
1048,67,1,1,20260401,20260523.0,Completed,52,False,False
1049,67,1,1,20260701,20260724.0,Completed,23,False,False
1050,67,8,1,20240701,20240712.0,Completed,11,False,False
1051,67,8,1,20241001,20241003.0,Completed,2,False,False
1052,67,8,1,20250101,20250206.0,Completed,36,False,False
1053,67,8,1,20250401,20250417.0,Completed,16,False,False
1054,67,8,1,20250701,20250703.0,Completed,2,False,False
1055,67,8,1,20251001,20251002.0,Completed,1,False,False
1056,67,8,1,20260101,20260114.0,Completed,13,False,False
1057,67,8,1,20260401,20260408.0,Completed,7,False,False
1058,67,8,1,20260701,20260708.0,Completed,7,False,False
1059,67,5,1,20240701,20240712.0,Completed,11,False,True
1060,67,5,1,20241001,20241008.0,Completed,7,False,True
1061,67,5,1,20250101,20250125.0,Completed,24,False,True
1062,67,5,1,20250401,20250421.0,Completed,20,False,False
1063,67,5,1,20250701,20250720.0,Completed,19,False,False
1064,67,5,1,20251001,20251006.0,Completed,5,False,False
1065,67,5,1,20260101,20260130.0,Completed,29,False,False
1066,67,5,1,20260401,20260502.0,Completed,31,False,False
1067,67,5,1,20260701,20260828.0,Completed,58,False,False
1068,68,7,1,20240701,20240719.0,Completed,18,False,False
1069,68,7,1,20241001,20241110.0,Completed,40,False,False
1070,68,7,1,20250101,20250109.0,Completed,8,False,False
1071,68,7,1,20250401,20250508.0,Completed,37,False,False
1072,68,7,1,20250701,20250720.0,Completed,19,False,False
1073,68,7,1,20251001,20251018.0,Completed,17,False,False
1074,68,7,1,20260101,20260112.0,Completed,11,False,False
1075,68,7,1,20260401,20260411.0,Completed,10,False,False
1076,68,7,1,20260701,20260709.0,Completed,8,False,False
1077,68,8,1,20240701,20240807.0,Completed,37,False,False
1078,68,8,1,20241001,20241012.0,Completed,11,False,False
1079,68,8,1,20250101,20250120.0,Completed,19,False,False
1080,68,8,1,20250401,20250423.0,Completed,22,False,False
1081,68,8,1,20250701,20250723.0,Completed,22,False,False
1082,68,8,1,20251001,20251016.0,Completed,15,False,False
1083,68,8,1,20260101,20260206.0,Completed,36,False,False
1084,68,8,1,20260401,20260419.0,Completed,18,False,False
1085,68,8,1,20260701,20260709.0,Completed,8,False,False
1086,69,1,1,20240701,20240721.0,Completed,20,False,False
1087,69,1,1,20241001,20241007.0,Completed,6,False,False
1088,69,1,1,20250101,20250203.0,Completed,33,False,False
1089,69,1,1,20250401,20250511.0,Completed,40,False,False
1090,69,1,1,20250701,20250812.0,Completed,42,False,False
1091,69,1,1,20251001,20251107.0,Completed,37,False,False
1092,69,1,1,20260101,20260124.0,Completed,23,False,False
1093,69,1,1,20260401,20260427.0,Completed,26,False,False
1094,69,1,1,20260701,20260727.0,Completed,26,False,False
1095,70,9,1,20240701,20240727.0,Completed,26,False,False
1096,70,9,1,20241001,20241003.0,Completed,2,False,False
1097,70,9,1,20250101,20250110.0,Completed,9,False,False
1098,70,9,1,20250401,20250407.0,Completed,6,False,False
1099,70,9,1,20250701,20250816.0,Completed,46,False,False
1100,70,9,1,20251001,20251030.0,Completed,29,False,False
1101,70,9,1,20260101,20260110.0,Completed,9,False,False
1102,70,9,1,20260401,20260405.0,Completed,4,False,False
1103,70,9,1,20260701,20260706.0,Completed,5,False,False
1104,70,1,1,20240701,20240821.0,Completed,51,False,False
1105,70,1,1,20241001,20241007.0,Completed,6,False,False
1106,70,1,1,20250101,20250128.0,Completed,27,False,False
1107,70,1,1,20250401,20250516.0,Completed,45,False,False
1108,70,1,1,20250701,20250710.0,Completed,9,False,False
1109,70,1,1,20251001,20251027.0,Completed,26,False,False
1110,70,1,1,20260101,20260120.0,Completed,19,False,False
1111,70,1,1,20260401,20260418.0,Completed,17,False,False
1112,70,1,1,20260701,20260716.0,Completed,15,False,False
1113,71,8,1,20240701,20240725.0,Completed,24,False,False
1114,71,8,1,20241001,20241103.0,Completed,33,False,False
1115,71,8,1,20250101,20250112.0,Completed,11,False,False
1116,71,8,1,20250401,20250418.0,Completed,17,False,False
1117,71,8,1,20250701,20250714.0,Completed,13,False,False
1118,71,8,1,20251001,20251003.0,Completed,2,False,False
1119,71,8,1,20260101,20260111.0,Completed,10,False,False
1120,71,8,1,20260401,20260403.0,Completed,2,False,False
1121,71,8,1,20260701,20260710.0,Completed,9,False,False
1122,71,9,1,20240701,20240714.0,Completed,13,False,False
1123,71,9,1,20241001,20241022.0,Completed,21,False,False
1124,71,9,1,20250101,20250117.0,Completed,16,False,False
1125,71,9,1,20250401,20250425.0,Completed,24,False,False
1126,71,9,1,20250701,20250708.0,Completed,7,False,False
1127,71,9,1,20251001,20251031.0,Completed,30,False,False
1128,71,9,1,20260101,20260203.0,Completed,33,False,False
1129,71,9,1,20260401,20260403.0,Completed,2,False,False
1130,71,9,1,20260701,20260704.0,Completed,3,False,False
1131,71,4,1,20240701,20240714.0,Completed,13,False,False
1132,71,4,1,20241001,20241009.0,Completed,8,False,False
1133,71,4,1,20250101,20250111.0,Completed,10,False,False
1134,71,4,1,20250401,20250417.0,Completed,16,False,False
1135,71,4,1,20250701,20250726.0,Completed,25,False,False
1136,71,4,1,20251001,20251007.0,Completed,6,False,False
1137,71,4,1,20260101,20260129.0,Completed,28,False,False
1138,71,4,1,20260401,20260408.0,Completed,7,False,False
1139,71,4,1,20260701,20260820.0,Completed,50,False,False
1140,72,1,1,20240701,20240831.0,Completed,61,False,False
1141,72,1,1,20241001,20241017.0,Completed,16,False,False
1142,72,1,1,20250101,20250109.0,Completed,8,False,False
1143,72,1,1,20250401,20250417.0,Completed,16,False,False
1144,72,1,1,20250701,20250715.0,Completed,14,False,False
1145,72,1,1,20251001,20251109.0,Completed,39,False,False
1146,72,1,1,20260101,20260105.0,Completed,4,False,False
1147,72,1,1,20260401,20260407.0,Completed,6,False,False
1148,72,1,1,20260701,20260808.0,Completed,38,False,False
1149,72,9,1,20240701,20240708.0,Completed,7,False,False
1150,72,9,1,20241001,20241010.0,Completed,9,False,False
1151,72,9,1,20250101,20250124.0,Completed,23,False,False
1152,72,9,1,20250401,20250427.0,Completed,26,False,False
1153,72,9,1,20250701,20250731.0,Completed,30,False,False
1154,72,9,1,20251001,20251022.0,Completed,21,False,False
1155,72,9,1,20260101,20260112.0,Completed,11,False,False
1156,72,9,1,20260401,20260411.0,Completed,10,False,False
1157,72,9,1,20260701,20260711.0,Completed,10,False,False
1158,73,8,1,20240701,20240706.0,Completed,5,False,False
1159,73,8,1,20241001,20241007.0,Completed,6,False,False
1160,73,8,1,20250101,20250128.0,Completed,27,False,False
1161,73,8,1,20250401,20250408.0,Completed,7,False,False
1162,73,8,1,20250701,20250706.0,Completed,5,False,False
1163,73,8,1,20251001,20251030.0,Completed,29,False,False
1164,73,8,1,20260101,20260116.0,Completed,15,False,False
1165,73,8,1,20260401,20260509.0,Completed,38,False,False
1166,73,8,1,20260701,20260805.0,Completed,35,False,False
1167,74,1,1,20240701,20240711.0,Completed,10,False,False
1168,74,1,1,20241001,20241025.0,Completed,24,False,False
1169,74,1,1,20250101,20250112.0,Completed,11,False,False
1170,74,1,1,20250401,20250412.0,Completed,11,False,False
1171,74,1,1,20250701,20250720.0,Completed,19,False,False
1172,74,1,1,20251001,20251110.0,Completed,40,False,False
1173,74,1,1,20260101,20260210.0,Completed,40,False,False
1174,74,1,1,20260401,20260508.0,Completed,37,False,False
1175,74,1,1,20260701,20260723.0,Completed,22,False,False
1176,74,5,1,20240701,20240804.0,Completed,34,False,False
1177,74,5,1,20241001,20241008.0,Completed,7,False,False
1178,74,5,1,20250101,20250126.0,Completed,25,False,False
1179,74,5,1,20250401,20250422.0,Completed,21,False,False
1180,74,5,1,20250701,20250718.0,Completed,17,False,False
1181,74,5,1,20251001,20251027.0,Completed,26,False,False
1182,74,5,1,20260101,20260110.0,Completed,9,False,False
1183,74,5,1,20260401,20260502.0,Completed,31,False,False
1184,74,5,1,20260701,20260722.0,Completed,21,False,False
1185,75,8,1,20240701,20240704.0,Completed,3,False,False
1186,75,8,1,20241001,20241014.0,Completed,13,False,False
1187,75,8,1,20250101,20250109.0,Completed,8,False,False
1188,75,8,1,20250401,20250429.0,Completed,28,False,False
1189,75,8,1,20250701,20250706.0,Completed,5,False,False
1190,75,8,1,20251001,20251006.0,Completed,5,False,False
1191,75,8,1,20260101,20260118.0,Completed,17,False,False
1192,75,8,1,20260401,20260412.0,Completed,11,False,False
1193,75,8,1,20260701,20260712.0,Completed,11,False,False
1194,76,9,1,20240701,20240820.0,Completed,50,False,False
1195,76,9,1,20241001,20241021.0,Completed,20,False,False
1196,76,9,1,20250101,20250111.0,Completed,10,False,False
1197,76,9,1,20250401,20250404.0,Completed,3,False,False
1198,76,9,1,20250701,20250711.0,Completed,10,False,False
1199,76,9,1,20251001,20251005.0,Completed,4,False,False
1200,76,9,1,20260101,20260107.0,Completed,6,False,False
1201,76,9,1,20260401,20260407.0,Completed,6,False,False
1202,76,9,1,20260701,20260727.0,Completed,26,False,False
1203,76,1,1,20240701,20240708.0,Completed,7,False,False
1204,76,1,1,20241001,20241119.0,Completed,49,False,False
1205,76,1,1,20250101,20250206.0,Completed,36,False,False
1206,76,1,1,20250401,20250506.0,Completed,35,False,False
1207,76,1,1,20250701,20250713.0,Completed,12,False,False
1208,76,1,1,20251001,20251114.0,Completed,44,False,False
1209,76,1,1,20260101,20260111.0,Completed,10,False,False
1210,76,1,1,20260401,20260607.0,Completed,67,False,False
1211,76,1,1,20260701,20260823.0,Completed,53,False,False
1212,77,1,1,20240701,20240914.0,Completed,75,False,False
1213,77,1,1,20241001,20241027.0,Completed,26,False,False
1214,77,1,1,20250101,20250124.0,Completed,23,False,False
1215,77,1,1,20250401,20250420.0,Completed,19,False,False
1216,77,1,1,20250701,20251008.0,Completed,99,False,False
1217,77,1,1,20251001,20251110.0,Completed,40,False,False
1218,77,1,1,20260101,20260110.0,Completed,9,False,False
1219,77,1,1,20260401,20260602.0,Completed,62,False,False
1220,77,1,1,20260701,20260723.0,Completed,22,False,False
1221,77,9,1,20240701,20240702.0,Completed,1,False,False
1222,77,9,1,20241001,20241008.0,Completed,7,False,False
1223,77,9,1,20250101,20250127.0,Completed,26,False,False
1224,77,9,1,20250401,20250419.0,Completed,18,False,False
1225,77,9,1,20250701,20250721.0,Completed,20,False,False
1226,77,9,1,20251001,20251101.0,Completed,31,False,False
1227,77,9,1,20260101,20260103.0,Completed,2,False,False
1228,77,9,1,20260401,20260408.0,Completed,7,False,False
1229,77,9,1,20260701,20260714.0,Completed,13,False,False
1230,78,9,1,20240701,20240728.0,Completed,27,False,False
1231,78,9,1,20241001,20241006.0,Completed,5,False,False
1232,78,9,1,20250101,20250111.0,Completed,10,False,False
1233,78,9,1,20250401,20250414.0,Completed,13,False,False
1234,78,9,1,20250701,20250708.0,Completed,7,False,False
1235,78,9,1,20251001,20251014.0,Completed,13,False,False
1236,78,9,1,20260101,20260112.0,Completed,11,False,False
1237,78,9,1,20260401,20260409.0,Completed,8,False,False
1238,78,9,1,20260701,20260723.0,Completed,22,False,False
1239,78,3,1,20240701,20240809.0,Completed,39,False,False
1240,78,3,1,20241001,20241116.0,Completed,46,False,False
1241,78,3,1,20250101,20250218.0,Completed,48,False,False
1242,78,3,1,20250401,20250407.0,Completed,6,False,False
1243,78,3,1,20250701,20250708.0,Completed,7,False,False
1244,78,3,1,20251001,20251112.0,Completed,42,False,False
1245,78,3,1,20260101,20260119.0,Completed,18,False,False
1246,78,3,1,20260401,20260417.0,Completed,16,False,False
1247,78,3,1,20260701,20260715.0,Completed,14,False,False
1248,78,2,1,20240701,20240817.0,Completed,47,False,False
1249,78,2,1,20241001,20250104.0,Completed,95,False,False
1250,78,2,1,20250101,20250218.0,Completed,48,False,False
1251,78,2,1,20250401,20250418.0,Completed,17,False,False
1252,78,2,1,20250701,20250815.0,Completed,45,False,False
1253,78,2,1,20251001,20251008.0,Completed,7,False,False
1254,78,2,1,20260101,20260123.0,Completed,22,False,False
1255,78,2,1,20260401,20260406.0,Completed,5,False,False
1256,78,2,1,20260701,20260719.0,Completed,18,False,False
1257,79,1,1,20240701,20240730.0,Completed,29,False,False
1258,79,1,1,20241001,20250115.0,Completed,106,False,False
1259,79,1,1,20250101,20250227.0,Completed,57,False,False
1260,79,1,1,20250401,20250406.0,Completed,5,False,False
1261,79,1,1,20250701,20250706.0,Completed,5,False,False
1262,79,1,1,20251001,20251015.0,Completed,14,False,False
1263,79,1,1,20260101,20260323.0,Completed,81,False,False
1264,79,1,1,20260401,20260406.0,Completed,5,False,False
1265,79,1,1,20260701,20260715.0,Completed,14,False,False
1266,79,7,1,20240701,20240708.0,Completed,7,False,False
1267,79,7,1,20241001,20241018.0,Completed,17,False,False
1268,79,7,1,20250101,20250124.0,Completed,23,False,False
1269,79,7,1,20250401,20250421.0,Completed,20,False,False
1270,79,7,1,20250701,20250717.0,Completed,16,False,False
1271,79,7,1,20251001,20251004.0,Completed,3,False,False
1272,79,7,1,20260101,20260115.0,Completed,14,False,False
1273,79,7,1,20260401,20260502.0,Completed,31,False,False
1274,79,7,1,20260701,20260809.0,Completed,39,False,False
1275,80,9,1,20240701,20240718.0,Completed,17,False,False
1276,80,9,1,20241001,20241003.0,Completed,2,False,False
1277,80,9,1,20250101,20250118.0,Completed,17,False,False
1278,80,9,1,20250401,20250412.0,Completed,11,False,False
1279,80,9,1,20250701,20250704.0,Completed,3,False,False
1280,80,9,1,20251001,20251006.0,Completed,5,False,False
1281,80,9,1,20260101,20260107.0,Completed,6,False,False
1282,80,9,1,20260401,20260422.0,Completed,21,False,False
1283,80,9,1,20260701,20260807.0,Completed,37,False,False
1284,80,4,1,20240701,20240720.0,Completed,19,False,False
1285,80,4,1,20241001,20241022.0,Completed,21,False,False
1286,80,4,1,20250101,20250113.0,Completed,12,False,False
1287,80,4,1,20250401,20250409.0,Completed,8,False,False
1288,80,4,1,20250701,20250720.0,Completed,19,False,False
1289,80,4,1,20251001,20251017.0,Completed,16,False,False
1290,80,4,1,20260101,20260107.0,Completed,6,False,False
1291,80,4,1,20260401,20260416.0,Completed,15,False,False
1292,80,4,1,20260701,20260714.0,Completed,13,False,False
1293,80,3,1,20240701,20240721.0,Completed,20,False,False
1294,80,3,1,20241001,20241016.0,Completed,15,False,False
1295,80,3,1,20250101,20250204.0,Completed,34,False,False
1296,80,3,1,20250401,20250417.0,Completed,16,False,False
1297,80,3,1,20250701,20251004.0,Completed,95,False,False
1298,80,3,1,20251001,20251106.0,Completed,36,False,False
1299,80,3,1,20260101,20260204.0,Completed,34,False,False
1300,80,3,1,20260401,20260423.0,Completed,22,False,False
1301,80,3,1,20260701,20260719.0,Completed,18,False,False
1302,81,5,1,20240701,20240704.0,Completed,3,False,False
1303,81,5,1,20241001,20241012.0,Completed,11,False,False
1304,81,5,1,20250101,20250105.0,Completed,4,False,False
1305,81,5,1,20250401,20250405.0,Completed,4,False,False
1306,81,5,1,20250701,20250708.0,Completed,7,False,False
1307,81,5,1,20251001,20251117.0,Completed,47,False,False
1308,81,5,1,20260101,20260217.0,Completed,47,False,False
1309,81,5,1,20260401,20260412.0,Completed,11,False,False
1310,81,5,1,20260701,20260706.0,Completed,5,False,False
1311,82,8,1,20240701,20240710.0,Completed,9,False,False
1312,82,8,1,20241001,20241022.0,Completed,21,False,False
1313,82,8,1,20250101,20250126.0,Completed,25,False,False
1314,82,8,1,20250401,20250416.0,Completed,15,False,False
1315,82,8,1,20250701,20250718.0,Completed,17,False,False
1316,82,8,1,20251001,20251017.0,Completed,16,False,False
1317,82,8,1,20260101,20260104.0,Completed,3,False,False
1318,82,8,1,20260401,20260405.0,Completed,4,False,False
1319,82,8,1,20260701,20260808.0,Completed,38,False,False
1320,83,5,1,20240701,20240725.0,Completed,24,False,False
1321,83,5,1,20241001,20241003.0,Completed,2,False,False
1322,83,5,1,20250101,20250129.0,Completed,28,False,False
1323,83,5,1,20250401,20250410.0,Completed,9,False,False
1324,83,5,1,20250701,20250813.0,Completed,43,False,False
1325,83,5,1,20251001,20251110.0,Completed,40,False,False
1326,83,5,1,20260101,20260202.0,Completed,32,False,False
1327,83,5,1,20260401,20260425.0,Completed,24,False,False
1328,83,5,1,20260701,20260821.0,Completed,51,False,False
1329,83,1,1,20240701,20240906.0,Completed,67,False,False
1330,83,1,1,20241001,20241012.0,Completed,11,False,False
1331,83,1,1,20250101,20250210.0,Completed,40,False,False
1332,83,1,1,20250401,20250417.0,Completed,16,False,False
1333,83,1,1,20250701,20250711.0,Completed,10,False,False
1334,83,1,1,20251001,20251206.0,Completed,66,False,False
1335,83,1,1,20260101,20260214.0,Completed,44,False,False
1336,83,1,1,20260401,20260502.0,Completed,31,False,False
1337,83,1,1,20260701,20260713.0,Completed,12,False,False
1338,84,1,1,20240701,20240907.0,Completed,68,False,False
1339,84,1,1,20241001,20241012.0,Completed,11,False,False
1340,84,1,1,20250101,20250110.0,Completed,9,False,False
1341,84,1,1,20250401,20250426.0,Completed,25,False,False
1342,84,1,1,20250701,20250811.0,Completed,41,True,False
1343,84,1,1,20251001,20251020.0,Completed,19,True,False
1344,84,9,1,20240701,20240715.0,Completed,14,False,False
1345,84,9,1,20241001,20241009.0,Completed,8,False,False
1346,84,9,1,20250101,20250110.0,Completed,9,False,False
1347,84,9,1,20250401,20250512.0,Completed,41,False,False
1348,85,6,1,20240701,20240713.0,Completed,12,False,False
1349,85,6,1,20241001,20241102.0,Completed,32,False,False
1350,85,6,1,20250101,20250103.0,Completed,2,False,False
1351,85,6,1,20250401,20250428.0,Completed,27,False,False
1352,85,6,1,20250701,20250708.0,Completed,7,False,False
1353,85,6,1,20251001,20251023.0,Completed,22,False,False
1354,85,6,1,20260101,20260107.0,Completed,6,False,False
1355,85,6,1,20260401,20260410.0,Completed,9,False,False
1356,85,6,1,20260701,20260706.0,Completed,5,False,False
1357,86,7,1,20240701,20240724.0,Completed,23,False,False
1358,86,7,1,20241001,20241026.0,Completed,25,False,False
1359,86,7,1,20250101,20250108.0,Completed,7,False,False
1360,86,7,1,20250401,20250404.0,Completed,3,False,False
1361,86,7,1,20250701,20250802.0,Completed,32,False,False
1362,86,7,1,20251001,20251008.0,Completed,7,False,False
1363,86,7,1,20260101,20260112.0,Completed,11,False,False
1364,86,7,1,20260401,20260407.0,Completed,6,False,False
1365,86,7,1,20260701,20260722.0,Completed,21,False,False
1366,86,8,1,20240701,20240723.0,Completed,22,False,False
1367,86,8,1,20241001,20241106.0,Completed,36,False,False
1368,86,8,1,20250101,20250129.0,Completed,28,False,False
1369,86,8,1,20250401,20250427.0,Completed,26,False,False
1370,86,8,1,20250701,20250713.0,Completed,12,False,False
1371,86,8,1,20251001,20251012.0,Completed,11,False,False
1372,86,8,1,20260101,20260122.0,Completed,21,False,False
1373,86,8,1,20260401,20260413.0,Completed,12,False,False
1374,86,8,1,20260701,20260729.0,Completed,28,False,False
1375,87,8,1,20240701,20240706.0,Completed,5,False,False
1376,87,8,1,20241001,20241003.0,Completed,2,False,False
1377,87,8,1,20250101,20250120.0,Completed,19,False,False
1378,87,8,1,20250401,20250409.0,Completed,8,False,False
1379,87,8,1,20250701,20250706.0,Completed,5,False,False
1380,87,8,1,20251001,20251121.0,Completed,51,False,False
1381,87,8,1,20260101,20260114.0,Completed,13,False,False
1382,87,8,1,20260401,20260405.0,Completed,4,False,False
1383,87,8,1,20260701,20260708.0,Completed,7,False,False
1384,88,9,1,20240701,20240711.0,Completed,10,False,False
1385,88,9,1,20241001,20241020.0,Completed,19,False,False
1386,88,9,1,20250101,20250108.0,Completed,7,False,False
1387,88,9,1,20250401,20250412.0,Completed,11,False,False
1388,88,9,1,20250701,20250717.0,Completed,16,False,False
1389,88,9,1,20251001,20251019.0,Completed,18,False,False
1390,88,9,1,20260101,20260113.0,Completed,12,False,False
1391,88,9,1,20260401,20260512.0,Completed,41,False,False
1392,88,9,1,20260701,20260722.0,Completed,21,False,False
1393,88,1,1,20240701,20240811.0,Completed,41,False,False
1394,88,1,1,20241001,20241110.0,Completed,40,False,False
1395,88,1,1,20250101,20250227.0,Completed,57,False,False
1396,88,1,1,20250401,20250501.0,Completed,30,False,False
1397,88,1,1,20250701,20250712.0,Completed,11,False,False
1398,88,1,1,20251001,20251105.0,Completed,35,False,False
1399,88,1,1,20260101,20260208.0,Completed,38,False,False
1400,88,1,1,20260401,20260603.0,Completed,63,False,False
1401,88,1,1,20260701,20260711.0,Completed,10,False,False
1402,89,8,1,20240701,20240707.0,Completed,6,False,False
1403,89,8,1,20241001,20241014.0,Completed,13,False,False
1404,89,8,1,20250101,20250121.0,Completed,20,False,False
1405,89,8,1,20250401,20250405.0,Completed,4,False,False
1406,89,8,1,20250701,20250706.0,Completed,5,False,False
1407,89,8,1,20251001,20251025.0,Completed,24,False,False
1408,89,8,1,20260101,20260105.0,Completed,4,False,False
1409,89,8,1,20260401,20260407.0,Completed,6,False,False
1410,89,8,1,20260701,20260726.0,Completed,25,False,False
1411,89,1,1,20240701,20240810.0,Completed,40,False,False
1412,89,1,1,20241001,20241016.0,Completed,15,False,False
1413,89,1,1,20250101,20250207.0,Completed,37,False,False
1414,89,1,1,20250401,20250503.0,Completed,32,False,False
1415,89,1,1,20250701,20250724.0,Completed,23,False,False
1416,89,1,1,20251001,20251020.0,Completed,19,False,False
1417,89,1,1,20260101,20260206.0,Completed,36,False,False
1418,89,1,1,20260401,20260410.0,Completed,9,False,False
1419,89,1,1,20260701,20260806.0,Completed,36,False,False
1420,89,5,1,20240701,20240725.0,Completed,24,False,False
1421,89,5,1,20241001,20241027.0,Completed,26,False,False
1422,89,5,1,20250101,20250110.0,Completed,9,False,False
1423,89,5,1,20250401,20250523.0,Completed,52,False,False
1424,89,5,1,20250701,20250713.0,Completed,12,False,False
1425,89,5,1,20251001,20251015.0,Completed,14,False,False
1426,89,5,1,20260101,20260119.0,Completed,18,False,False
1427,89,5,1,20260401,20260504.0,Completed,33,False,False
1428,89,5,1,20260701,20260726.0,Completed,25,False,False
1429,90,4,1,20240701,20240704.0,Completed,3,False,False
1430,90,4,1,20241001,20241014.0,Completed,13,False,False
1431,90,4,1,20250101,20250115.0,Completed,14,False,False
1432,90,4,1,20250401,20250503.0,Completed,32,False,False
1433,90,4,1,20250701,20250711.0,Completed,10,False,False
1434,90,4,1,20251001,20251020.0,Completed,19,False,False
1435,90,4,1,20260101,20260309.0,Completed,67,False,False
1436,90,4,1,20260401,20260430.0,Completed,29,False,False
1437,90,4,1,20260701,20260706.0,Completed,5,False,False
1438,91,9,1,20240701,20240723.0,Completed,22,False,False
1439,91,9,1,20241001,20241019.0,Completed,18,False,False
1440,91,9,1,20250101,20250111.0,Completed,10,False,False
1441,91,9,1,20250401,20250423.0,Completed,22,False,False
1442,91,9,1,20250701,20250706.0,Completed,5,False,False
1443,91,9,1,20251001,20251009.0,Completed,8,False,False
1444,91,9,1,20260101,20260112.0,Completed,11,False,False
1445,91,9,1,20260401,20260410.0,Completed,9,False,False
1446,91,9,1,20260701,20260722.0,Completed,21,False,False
1447,91,1,1,20240701,20240726.0,Completed,25,False,False
1448,91,1,1,20241001,20241018.0,Completed,17,False,False
1449,91,1,1,20250101,20250227.0,Completed,57,False,False
1450,91,1,1,20250401,20250511.0,Completed,40,False,False
1451,91,1,1,20250701,20250708.0,Completed,7,False,False
1452,91,1,1,20251001,20251008.0,Completed,7,False,False
1453,91,1,1,20260101,20260119.0,Completed,18,False,False
1454,91,1,1,20260401,20260409.0,Completed,8,False,False
1455,91,1,1,20260701,20260821.0,Completed,51,False,False
1456,92,10,1,20240701,20240709.0,Completed,8,False,False
1457,92,10,1,20241001,20241020.0,Completed,19,False,False
1458,92,10,1,20250101,20250123.0,Completed,22,False,False
1459,92,10,1,20250401,20250403.0,Completed,2,False,False
1460,92,10,1,20250701,20250709.0,Completed,8,False,False
1461,92,10,1,20251001,20251012.0,Completed,11,False,False
1462,92,10,1,20260101,20260117.0,Completed,16,False,False
1463,92,10,1,20260401,20260425.0,Completed,24,False,False
1464,92,10,1,20260701,20260823.0,Completed,53,False,False
1465,92,6,1,20240701,20240808.0,Completed,38,False,False
1466,92,6,1,20241001,20241013.0,Completed,12,False,False
1467,92,6,1,20250101,20250113.0,Completed,12,False,False
1468,92,6,1,20250401,20250507.0,Completed,36,False,False
1469,92,6,1,20250701,20250714.0,Completed,13,False,False
1470,92,6,1,20251001,20251009.0,Completed,8,False,False
1471,92,6,1,20260101,20260127.0,Completed,26,False,False
1472,92,6,1,20260401,20260418.0,Completed,17,False,False
1473,92,6,1,20260701,20260704.0,Completed,3,False,False
1474,93,8,1,20240701,20240711.0,Completed,10,False,False
1475,93,8,1,20241001,20241005.0,Completed,4,False,False
1476,93,8,1,20250101,20250102.0,Completed,1,False,False
1477,93,8,1,20250401,20250513.0,Completed,42,False,False
1478,93,8,1,20250701,20250715.0,Completed,14,False,False
1479,93,8,1,20251001,20251011.0,Completed,10,False,False
1480,93,8,1,20260101,20260110.0,Completed,9,False,False
1481,93,8,1,20260401,20260414.0,Completed,13,False,False
1482,93,8,1,20260701,20260710.0,Completed,9,False,False
1483,94,4,1,20240701,20240707.0,Completed,6,False,False
1484,94,4,1,20241001,20241010.0,Completed,9,False,False
1485,94,4,1,20250101,20250203.0,Completed,33,False,False
1486,94,4,1,20250401,20250426.0,Completed,25,False,False
1487,94,4,1,20250701,20250710.0,Completed,9,False,False
1488,94,4,1,20251001,20251115.0,Completed,45,False,False
1489,94,4,1,20260101,20260113.0,Completed,12,False,False
1490,94,4,1,20260401,20260408.0,Completed,7,False,False
1491,94,4,1,20260701,20260718.0,Completed,17,False,False
1492,94,2,1,20240701,20240913.0,Completed,74,False,False
1493,94,2,1,20241001,20241205.0,Completed,65,False,False
1494,94,2,1,20250101,20250115.0,Completed,14,False,False
1495,94,2,1,20250401,20250410.0,Completed,9,False,False
1496,94,2,1,20250701,20250720.0,Completed,19,False,False
1497,94,2,1,20251001,20251108.0,Completed,38,False,False
1498,94,2,1,20260101,20260216.0,Completed,46,False,False
1499,94,2,1,20260401,20260529.0,Completed,58,False,False
1500,94,2,1,20260701,20260731.0,Completed,30,False,False
1501,95,6,1,20240701,20240716.0,Completed,15,False,False
1502,95,6,1,20241001,20241016.0,Completed,15,False,False
1503,95,6,1,20250101,20250128.0,Completed,27,False,False
1504,95,6,1,20250401,20250424.0,Completed,23,False,False
1505,95,6,1,20250701,20250708.0,Completed,7,False,False
1506,95,6,1,20251001,20251022.0,Completed,21,False,False
1507,95,6,1,20260101,20260127.0,Completed,26,False,False
1508,95,6,1,20260401,20260428.0,Completed,27,False,False
1509,95,6,1,20260701,20260718.0,Completed,17,False,False
1510,95,10,1,20240701,20240717.0,Completed,16,False,False
1511,95,10,1,20241001,20241014.0,Completed,13,False,False
1512,95,10,1,20250101,20250115.0,Completed,14,False,False
1513,95,10,1,20250401,20250511.0,Completed,40,False,False
1514,95,10,1,20250701,20250715.0,Completed,14,False,False
1515,95,10,1,20251001,20251008.0,Completed,7,False,False
1516,95,10,1,20260101,20260118.0,Completed,17,False,False
1517,95,10,1,20260401,20260424.0,Completed,23,False,False
1518,95,10,1,20260701,20260727.0,Completed,26,False,False
1519,96,8,1,20240701,20240707.0,Completed,6,False,False
1520,96,8,1,20241001,20241105.0,Completed,35,False,False
1521,96,8,1,20250101,20250123.0,Completed,22,False,False
1522,96,8,1,20250401,20250505.0,Completed,34,False,False
1523,96,8,1,20250701,20250705.0,Completed,4,False,False
1524,96,8,1,20251001,20251029.0,Completed,28,False,False
1525,96,8,1,20260101,20260106.0,Completed,5,False,False
1526,96,8,1,20260401,20260412.0,Completed,11,False,False
1527,96,8,1,20260701,20260724.0,Completed,23,False,False
1528,97,1,1,20240701,20240711.0,Completed,10,False,False
1529,97,1,1,20241001,20241018.0,Completed,17,False,False
1530,97,1,1,20250101,20250108.0,Completed,7,False,False
1531,97,1,1,20250401,20250515.0,Completed,44,False,False
1532,97,1,1,20250701,20250714.0,Completed,13,False,False
1533,97,1,1,20251001,20251028.0,Completed,27,False,False
1534,97,1,1,20260101,20260206.0,Completed,36,False,False
1535,97,1,1,20260401,20260504.0,Completed,33,False,False
1536,97,1,1,20260701,20260801.0,Completed,31,False,False
1537,97,9,1,20240701,20240717.0,Completed,16,False,False
1538,97,9,1,20241001,20241005.0,Completed,4,False,False
1539,97,9,1,20250101,20250112.0,Completed,11,False,False
1540,97,9,1,20250401,20250416.0,Completed,15,False,False
1541,97,9,1,20250701,20250715.0,Completed,14,False,False
1542,97,9,1,20251001,20251013.0,Completed,12,False,False
1543,97,9,1,20260101,20260109.0,Completed,8,False,False
1544,97,9,1,20260401,20260417.0,Completed,16,False,False
1545,97,9,1,20260701,20260720.0,Completed,19,False,False
1546,98,1,1,20240701,20240720.0,Completed,19,False,False
1547,98,1,1,20241001,20241123.0,Completed,53,False,False
1548,98,1,1,20250101,20250313.0,Completed,71,False,False
1549,98,1,1,20250401,20250428.0,Completed,27,False,False
1550,98,1,1,20250701,20250715.0,Completed,14,False,False
1551,98,1,1,20251001,20251011.0,Completed,10,False,False
1552,98,1,1,20260101,20260122.0,Completed,21,True,False
1553,98,1,1,20260401,20260427.0,Completed,26,True,False
1554,98,9,1,20240701,20240706.0,Completed,5,False,False
1555,98,9,1,20241001,20241011.0,Completed,10,False,False
1556,98,9,1,20250101,20250126.0,Completed,25,False,False
1557,98,9,1,20250401,20250403.0,Completed,2,False,False
1558,98,9,1,20250701,20250715.0,Completed,14,False,False
1559,98,9,1,20251001,20251010.0,Completed,9,False,False
1560,99,8,1,20240701,20240714.0,Completed,13,False,False
1561,99,8,1,20241001,20241107.0,Completed,37,False,False
1562,99,8,1,20250101,20250114.0,Completed,13,False,False
1563,99,8,1,20250401,20250412.0,Completed,11,False,False
1564,99,8,1,20250701,20250722.0,Completed,21,False,False
1565,99,8,1,20251001,20251018.0,Completed,17,False,False
1566,99,8,1,20260101,20260115.0,Completed,14,False,False
1567,99,8,1,20260401,20260418.0,Completed,17,False,False
1568,99,8,1,20260701,20260731.0,Completed,30,False,False
1569,100,9,1,20240701,20240725.0,Completed,24,False,False
1570,100,9,1,20241001,20241012.0,Completed,11,False,False
1571,100,9,1,20250101,20250205.0,Completed,35,False,False
1572,100,9,1,20250401,20250410.0,Completed,9,False,False
1573,100,9,1,20250701,20250715.0,Completed,14,False,False
1574,100,9,1,20251001,20251017.0,Completed,16,False,False
1575,100,9,1,20260101,20260111.0,Completed,10,False,False
1576,100,9,1,20260401,20260504.0,Completed,33,False,False
1577,100,9,1,20260701,20260711.0,Completed,10,False,False
1578,100,1,1,20240701,20240725.0,Completed,24,False,False
1579,100,1,1,20241001,20241123.0,Completed,53,False,False
1580,100,1,1,20250101,20250119.0,Completed,18,False,False
1581,100,1,1,20250401,20250410.0,Completed,9,False,False
1582,100,1,1,20250701,20250730.0,Completed,29,False,False
1583,100,1,1,20251001,20251012.0,Completed,11,False,False
1584,100,1,1,20260101,20260111.0,Completed,10,False,False
1585,100,1,1,20260401,20260404.0,Completed,3,False,False
1586,100,1,1,20260701,20260705.0,Completed,4,False,False
1587,101,8,1,20240701,20240703.0,Completed,2,False,False
1588,101,8,1,20241001,20241108.0,Completed,38,False,False
1589,101,8,1,20250101,20250103.0,Completed,2,False,False
1590,101,8,1,20250401,20250407.0,Completed,6,False,False
1591,101,8,1,20250701,20250713.0,Completed,12,False,False
1592,101,8,1,20251001,20251022.0,Completed,21,False,False
1593,101,8,1,20260101,20260123.0,Completed,22,False,False
1594,101,8,1,20260401,20260408.0,Completed,7,False,False
1595,101,8,1,20260701,20260715.0,Completed,14,False,False
1596,102,7,1,20240701,20240713.0,Completed,12,False,False
1597,102,7,1,20241001,20241015.0,Completed,14,False,False
1598,102,7,1,20250101,20250116.0,Completed,15,False,False
1599,102,7,1,20250401,20250419.0,Completed,18,False,False
1600,102,7,1,20250701,20250709.0,Completed,8,False,False
1601,102,7,1,20251001,20251011.0,Completed,10,False,False
1602,102,7,1,20260101,20260221.0,Completed,51,False,False
1603,102,7,1,20260401,20260410.0,Completed,9,False,False
1604,102,7,1,20260701,20260715.0,Completed,14,False,False
1605,102,8,1,20240701,20240713.0,Completed,12,False,False
1606,102,8,1,20241001,20241015.0,Completed,14,False,False
1607,102,8,1,20250101,20250128.0,Completed,27,False,False
1608,102,8,1,20250401,20250412.0,Completed,11,False,False
1609,102,8,1,20250701,20250706.0,Completed,5,False,False
1610,102,8,1,20251001,20251009.0,Completed,8,False,False
1611,102,8,1,20260101,20260113.0,Completed,12,False,False
1612,102,8,1,20260401,20260416.0,Completed,15,False,False
1613,102,8,1,20260701,20260708.0,Completed,7,False,False
1614,103,5,1,20240701,20240713.0,Completed,12,False,False
1615,103,5,1,20241001,20241027.0,Completed,26,False,False
1616,103,5,1,20250101,20250127.0,Completed,26,False,False
1617,103,5,1,20250401,20250511.0,Completed,40,False,False
1618,103,5,1,20250701,20250714.0,Completed,13,False,False
1619,103,5,1,20251001,20251101.0,Completed,31,False,False
1620,103,5,1,20260101,20260121.0,Completed,20,False,False
1621,103,5,1,20260401,20260416.0,Completed,15,False,False
1622,103,5,1,20260701,20260721.0,Completed,20,False,False
1623,104,6,1,20240701,20240715.0,Completed,14,False,False
1624,104,6,1,20241001,20241005.0,Completed,4,False,False
1625,104,6,1,20250101,20250106.0,Completed,5,False,False
1626,104,6,1,20250401,20250422.0,Completed,21,False,False
1627,104,6,1,20250701,20250711.0,Completed,10,False,False
1628,104,6,1,20251001,20251016.0,Completed,15,False,False
1629,104,6,1,20260101,20260122.0,Completed,21,False,False
1630,104,6,1,20260401,20260413.0,Completed,12,False,False
1631,104,6,1,20260701,20260720.0,Completed,19,False,False
1632,104,10,1,20240701,20240715.0,Completed,14,False,False
1633,104,10,1,20241001,20241015.0,Completed,14,False,False
1634,104,10,1,20250101,20250130.0,Completed,29,False,False
1635,104,10,1,20250401,20250412.0,Completed,11,False,False
1636,104,10,1,20250701,20250722.0,Completed,21,False,False
1637,104,10,1,20251001,20251005.0,Completed,4,False,False
1638,104,10,1,20260101,20260116.0,Completed,15,False,False
1639,104,10,1,20260401,20260505.0,Completed,34,False,False
1640,104,10,1,20260701,20260823.0,Completed,53,False,False
1641,105,8,1,20240701,20240705.0,Completed,4,False,False
1642,105,8,1,20241001,20241011.0,Completed,10,False,False
1643,105,8,1,20250101,20250107.0,Completed,6,False,False
1644,105,8,1,20250401,20250413.0,Completed,12,False,False
1645,105,8,1,20250701,20250725.0,Completed,24,False,False
1646,105,8,1,20251001,20251030.0,Completed,29,False,False
1647,105,8,1,20260101,20260131.0,Completed,30,False,False
1648,105,8,1,20260401,20260405.0,Completed,4,False,False
1649,105,8,1,20260701,20260714.0,Completed,13,False,False
1650,105,1,1,20240701,20240717.0,Completed,16,False,False
1651,105,1,1,20241001,20241023.0,Completed,22,False,False
1652,105,1,1,20250101,20250119.0,Completed,18,False,False
1653,105,1,1,20250401,20250408.0,Completed,7,False,False
1654,105,1,1,20250701,20250829.0,Completed,59,False,False
1655,105,1,1,20251001,20251015.0,Completed,14,False,False
1656,105,1,1,20260101,20260117.0,Completed,16,False,False
1657,105,1,1,20260401,20260607.0,Completed,67,False,False
1658,105,1,1,20260701,20260707.0,Completed,6,False,False
1659,106,9,1,20240701,20240719.0,Completed,18,False,False
1660,106,9,1,20241001,20241027.0,Completed,26,False,False
1661,106,9,1,20250101,20250202.0,Completed,32,False,False
1662,106,9,1,20250401,20250418.0,Completed,17,False,False
1663,106,9,1,20250701,20250722.0,Completed,21,False,False
1664,106,9,1,20251001,20251027.0,Completed,26,False,False
1665,106,9,1,20260101,20260113.0,Completed,12,False,False
1666,106,9,1,20260401,20260407.0,Completed,6,False,False
1667,106,9,1,20260701,20260805.0,Completed,35,False,False
1668,106,1,1,20240701,20240810.0,Completed,40,False,False
1669,106,1,1,20241001,20241028.0,Completed,27,False,False
1670,106,1,1,20250101,20250109.0,Completed,8,False,False
1671,106,1,1,20250401,20250403.0,Completed,2,False,False
1672,106,1,1,20250701,20250805.0,Completed,35,False,False
1673,106,1,1,20251001,20251003.0,Completed,2,False,False
1674,106,1,1,20260101,20260128.0,Completed,27,False,False
1675,106,1,1,20260401,20260416.0,Completed,15,False,False
1676,106,1,1,20260701,20260719.0,Completed,18,False,False
1677,107,8,1,20240701,20240731.0,Completed,30,False,False
1678,107,8,1,20241001,20241008.0,Completed,7,False,False
1679,107,8,1,20250101,20250115.0,Completed,14,False,False
1680,107,8,1,20250401,20250408.0,Completed,7,False,False
1681,107,8,1,20250701,20250717.0,Completed,16,False,False
1682,107,8,1,20251001,20251016.0,Completed,15,False,False
1683,107,8,1,20260101,20260114.0,Completed,13,False,False
1684,107,8,1,20260401,20260427.0,Completed,26,False,False
1685,107,8,1,20260701,20260704.0,Completed,3,False,False
1686,108,1,1,20240701,20240706.0,Completed,5,False,False
1687,108,1,1,20241001,20241010.0,Completed,9,False,False
1688,108,1,1,20250101,20250131.0,Completed,30,False,False
1689,108,1,1,20250401,20250508.0,Completed,37,False,False
1690,108,1,1,20250701,20250702.0,Completed,1,False,False
1691,108,1,1,20251001,20251106.0,Completed,36,False,False
1692,108,1,1,20260101,20260121.0,Completed,20,False,False
1693,108,1,1,20260401,20260612.0,Completed,72,False,False
1694,108,1,1,20260701,20260805.0,Completed,35,False,False
1695,109,6,1,20240701,20240803.0,Completed,33,False,False
1696,109,6,1,20241001,20241030.0,Completed,29,False,False
1697,109,6,1,20250101,20250111.0,Completed,10,False,False
1698,109,6,1,20250401,20250425.0,Completed,24,False,False
1699,109,6,1,20250701,20250711.0,Completed,10,False,False
1700,109,6,1,20251001,20251109.0,Completed,39,False,False
1701,109,6,1,20260101,20260112.0,Completed,11,False,False
1702,109,6,1,20260401,20260420.0,Completed,19,False,False
1703,109,6,1,20260701,20260814.0,Completed,44,False,False
1704,109,10,1,20240701,20240721.0,Completed,20,False,False
1705,109,10,1,20241001,20241010.0,Completed,9,False,False
1706,109,10,1,20250101,20250105.0,Completed,4,False,False
1707,109,10,1,20250401,20250404.0,Completed,3,False,False
1708,109,10,1,20250701,20250719.0,Completed,18,False,False
1709,109,10,1,20251001,20251013.0,Completed,12,False,False
1710,109,10,1,20260101,20260106.0,Completed,5,False,False
1711,109,10,1,20260401,20260423.0,Completed,22,False,False
1712,109,10,1,20260701,20260723.0,Completed,22,False,False
1713,110,9,1,20240701,20240713.0,Completed,12,False,False
1714,110,9,1,20241001,20241104.0,Completed,34,False,False
1715,110,9,1,20250101,20250104.0,Completed,3,False,False
1716,110,9,1,20250401,20250411.0,Completed,10,False,False
1717,110,9,1,20250701,20250721.0,Completed,20,False,False
1718,110,9,1,20251001,20251006.0,Completed,5,False,False
1719,110,9,1,20260101,20260124.0,Completed,23,False,False
1720,110,9,1,20260401,20260429.0,Completed,28,False,False
1721,110,9,1,20260701,20260702.0,Completed,1,False,False
1722,110,1,1,20240701,20240909.0,Completed,70,False,False
1723,110,1,1,20241001,20241107.0,Completed,37,False,False
1724,110,1,1,20250101,20250118.0,Completed,17,False,False
1725,110,1,1,20250401,20250408.0,Completed,7,False,False
1726,110,1,1,20250701,20250821.0,Completed,51,False,False
1727,110,1,1,20251001,20251010.0,Completed,9,False,False
1728,110,1,1,20260101,20260207.0,Completed,37,False,False
1729,110,1,1,20260401,20260410.0,Completed,9,False,False
1730,110,1,1,20260701,20260727.0,Completed,26,False,False
1731,111,2,1,20240701,20240820.0,Completed,50,False,False
1732,111,2,1,20241001,20241018.0,Completed,17,False,False
1733,111,2,1,20250101,20250312.0,Completed,70,False,False
1734,111,2,1,20250401,20250511.0,Completed,40,False,False
1735,111,2,1,20250701,20250712.0,Completed,11,False,False
1736,111,2,1,20251001,20251008.0,Completed,7,False,False
1737,111,2,1,20260101,20260114.0,Completed,13,False,False
1738,111,2,1,20260401,20260426.0,Completed,25,False,False
1739,111,2,1,20260701,20260913.0,Completed,74,False,False
1740,111,4,1,20240701,20240812.0,Completed,42,False,False
1741,111,4,1,20241001,20241009.0,Completed,8,False,False
1742,111,4,1,20250101,20250109.0,Completed,8,False,False
1743,111,4,1,20250401,20250423.0,Completed,22,False,False
1744,111,4,1,20250701,20250723.0,Completed,22,False,False
1745,111,4,1,20251001,20251101.0,Completed,31,False,False
1746,111,4,1,20260101,20260202.0,Completed,32,False,False
1747,111,4,1,20260401,20260407.0,Completed,6,False,False
1748,111,4,1,20260701,20260704.0,Completed,3,False,False
1749,111,8,1,20240701,20240721.0,Completed,20,False,False
1750,111,8,1,20241001,20241016.0,Completed,15,False,False
1751,111,8,1,20250101,20250103.0,Completed,2,False,False
1752,111,8,1,20250401,20250404.0,Completed,3,False,False
1753,111,8,1,20250701,20250720.0,Completed,19,False,False
1754,111,8,1,20251001,20251013.0,Completed,12,False,False
1755,111,8,1,20260101,20260121.0,Completed,20,False,False
1756,111,8,1,20260401,20260406.0,Completed,5,False,False
1757,111,8,1,20260701,20260722.0,Completed,21,False,False
1758,112,7,1,20240701,20240718.0,Completed,17,False,False
1759,112,7,1,20241001,20241023.0,Completed,22,False,False
1760,112,7,1,20250101,20250110.0,Completed,9,False,False
1761,112,7,1,20250401,20250408.0,Completed,7,False,False
1762,112,7,1,20250701,20250704.0,Completed,3,False,False
1763,112,7,1,20251001,20251011.0,Completed,10,False,False
1764,112,7,1,20260101,20260128.0,Completed,27,False,False
1765,112,7,1,20260401,20260504.0,Completed,33,False,False
1766,112,7,1,20260701,20260706.0,Completed,5,False,False
1767,112,8,1,20240701,20240714.0,Completed,13,False,False
1768,112,8,1,20241001,20241107.0,Completed,37,False,False
1769,112,8,1,20250101,20250211.0,Completed,41,False,False
1770,112,8,1,20250401,20250411.0,Completed,10,False,False
1771,112,8,1,20250701,20250730.0,Completed,29,False,False
1772,112,8,1,20251001,20251027.0,Completed,26,False,False
1773,112,8,1,20260101,20260125.0,Completed,24,False,False
1774,112,8,1,20260401,20260403.0,Completed,2,False,False
1775,112,8,1,20260701,20260709.0,Completed,8,False,False
1776,113,8,1,20240701,20240713.0,Completed,12,False,False
1777,113,8,1,20241001,20241012.0,Completed,11,False,False
1778,113,8,1,20250101,20250113.0,Completed,12,False,False
1779,113,8,1,20250401,20250515.0,Completed,44,False,False
1780,113,8,1,20250701,20250711.0,Completed,10,False,False
1781,113,8,1,20251001,20251018.0,Completed,17,False,False
1782,113,8,1,20260101,20260118.0,Completed,17,False,False
1783,113,8,1,20260401,20260414.0,Completed,13,False,False
1784,113,8,1,20260701,20260706.0,Completed,5,False,False
1785,113,4,1,20240701,20240715.0,Completed,14,False,False
1786,113,4,1,20241001,20241002.0,Completed,1,False,False
1787,113,4,1,20250101,20250120.0,Completed,19,False,False
1788,113,4,1,20250401,20250402.0,Completed,1,False,False
1789,113,4,1,20250701,20250718.0,Completed,17,False,False
1790,113,4,1,20251001,20251009.0,Completed,8,False,False
1791,113,4,1,20260101,20260106.0,Completed,5,False,False
1792,113,4,1,20260401,20260423.0,Completed,22,False,False
1793,113,4,1,20260701,20260710.0,Completed,9,False,False
1794,114,7,1,20240701,20240714.0,Completed,13,False,False
1795,114,7,1,20241001,20241004.0,Completed,3,False,False
1796,114,7,1,20250101,20250204.0,Completed,34,False,False
1797,114,7,1,20250401,20250415.0,Completed,14,False,False
1798,114,7,1,20250701,20250715.0,Completed,14,False,False
1799,114,7,1,20251001,20251020.0,Completed,19,False,False
1800,114,7,1,20260101,20260102.0,Completed,1,False,False
1801,114,7,1,20260401,20260508.0,Completed,37,False,False
1802,114,7,1,20260701,20260711.0,Completed,10,False,False
1803,114,8,1,20240701,20240805.0,Completed,35,False,False
1804,114,8,1,20241001,20241011.0,Completed,10,False,False
1805,114,8,1,20250101,20250109.0,Completed,8,False,False
1806,114,8,1,20250401,20250419.0,Completed,18,False,False
1807,114,8,1,20250701,20250820.0,Completed,50,False,False
1808,114,8,1,20251001,20251030.0,Completed,29,False,False
1809,114,8,1,20260101,20260121.0,Completed,20,False,False
1810,114,8,1,20260401,20260419.0,Completed,18,False,False
1811,114,8,1,20260701,20260715.0,Completed,14,False,False
1812,115,10,1,20240701,20240804.0,Completed,34,False,False
1813,115,10,1,20241001,20241024.0,Completed,23,False,False
1814,115,10,1,20250101,20250104.0,Completed,3,False,False
1815,115,10,1,20250401,20250406.0,Completed,5,False,False
1816,115,10,1,20250701,20250721.0,Completed,20,False,False
1817,115,10,1,20251001,20251006.0,Completed,5,False,False
1818,115,10,1,20260101,20260115.0,Completed,14,False,False
1819,115,10,1,20260401,20260425.0,Completed,24,False,False
1820,115,6,1,20240701,20240719.0,Completed,18,False,False
1821,115,6,1,20241001,20241005.0,Completed,4,False,False
1822,115,6,1,20250101,20250107.0,Completed,6,False,False
1823,115,6,1,20250401,20250420.0,Completed,19,False,False
1824,115,6,1,20250701,20250816.0,Completed,46,False,False
1825,115,6,1,20251001,20251013.0,Completed,12,False,False
1826,115,6,1,20260101,20260126.0,Completed,25,False,False
1827,115,6,1,20260401,20260419.0,Completed,18,False,False
1828,116,9,1,20240701,20240709.0,Completed,8,False,False
1829,116,9,1,20241001,20241026.0,Completed,25,False,False
1830,116,9,1,20250101,20250103.0,Completed,2,False,False
1831,116,9,1,20250401,20250425.0,Completed,24,False,False
1832,116,9,1,20250701,20250720.0,Completed,19,False,False
1833,116,9,1,20251001,20251009.0,Completed,8,False,False
1834,116,9,1,20260101,20260106.0,Completed,5,False,False
1835,116,9,1,20260401,20260410.0,Completed,9,False,False
1836,116,9,1,20260701,20260708.0,Completed,7,False,False
1837,116,1,1,20240701,20240722.0,Completed,21,False,False
1838,116,1,1,20241001,20241020.0,Completed,19,False,False
1839,116,1,1,20250101,20250117.0,Completed,16,False,False
1840,116,1,1,20250401,20250406.0,Completed,5,False,False
1841,116,1,1,20250701,20250710.0,Completed,9,False,False
1842,116,1,1,20251001,20251126.0,Completed,56,False,False
1843,116,1,1,20260101,20260118.0,Completed,17,False,False
1844,116,1,1,20260401,20260423.0,Completed,22,False,False
1845,116,1,1,20260701,20260719.0,Completed,18,False,False
1846,117,1,1,20240701,20240908.0,Completed,69,False,False
1847,117,1,1,20241001,20241015.0,Completed,14,False,False
1848,117,1,1,20250101,20250114.0,Completed,13,False,False
1849,117,1,1,20250401,20250510.0,Completed,39,False,False
1850,117,1,1,20250701,20250731.0,Completed,30,False,False
1851,117,1,1,20251001,20251110.0,Completed,40,False,False
1852,117,9,1,20240701,20240720.0,Completed,19,False,False
1853,117,9,1,20241001,20241026.0,Completed,25,False,False
1854,117,9,1,20250101,20250105.0,Completed,4,False,False
1855,117,9,1,20250401,20250419.0,Completed,18,False,False
1856,117,9,1,20250701,20250708.0,Completed,7,False,False
1857,117,9,1,20251001,20251003.0,Completed,2,False,False
1858,118,9,1,20240701,20240720.0,Completed,19,False,False
1859,118,9,1,20241001,20241019.0,Completed,18,False,False
1860,118,9,1,20250101,20250114.0,Completed,13,False,False
1861,118,9,1,20250401,20250427.0,Completed,26,False,False
1862,118,9,1,20250701,20250708.0,Completed,7,False,False
1863,118,9,1,20251001,20251022.0,Completed,21,False,False
1864,118,9,1,20260101,20260113.0,Completed,12,False,False
1865,118,9,1,20260401,20260413.0,Completed,12,False,False
1866,118,9,1,20260701,20260703.0,Completed,2,False,False
1867,119,9,1,20240701,20240727.0,Completed,26,False,False
1868,119,9,1,20241001,20241019.0,Completed,18,False,False
1869,119,9,1,20250101,20250121.0,Completed,20,False,False
1870,119,9,1,20250401,20250407.0,Completed,6,False,False
1871,119,9,1,20250701,20250717.0,Completed,16,False,False
1872,119,9,1,20251001,20251013.0,Completed,12,False,False
1873,119,9,1,20260101,20260119.0,Completed,18,False,False
1874,119,9,1,20260401,20260417.0,Completed,16,False,False
1875,119,9,1,20260701,20260809.0,Completed,39,False,False
1876,119,1,1,20240701,20240902.0,Completed,63,False,False
1877,119,1,1,20241001,20241022.0,Completed,21,False,False
1878,119,1,1,20250101,20250208.0,Completed,38,False,False
1879,119,1,1,20250401,20250421.0,Completed,20,False,False
1880,119,1,1,20250701,20250821.0,Completed,51,False,False
1881,119,1,1,20251001,20251025.0,Completed,24,False,False
1882,119,1,1,20260101,20260118.0,Completed,17,False,False
1883,119,1,1,20260401,20260503.0,Completed,32,False,False
1884,119,1,1,20260701,20260830.0,Completed,60,False,False
1885,120,10,1,20240701,20240728.0,Completed,27,False,False
1886,120,10,1,20241001,20241010.0,Completed,9,False,False
1887,121,7,1,20240701,20240807.0,Completed,37,False,False
1888,121,7,1,20241001,20241007.0,Completed,6,False,False
1889,121,7,1,20250101,20250109.0,Completed,8,False,False
1890,121,7,1,20250401,20250426.0,Completed,25,False,False
1891,121,7,1,20250701,20250703.0,Completed,2,False,False
1892,121,7,1,20251001,20251014.0,Completed,13,False,False
1893,121,7,1,20260101,20260111.0,Completed,10,False,False
1894,121,7,1,20260401,20260509.0,Completed,38,False,False
1895,121,7,1,20260701,20260706.0,Completed,5,False,False
1896,121,8,1,20240701,20240707.0,Completed,6,False,False
1897,121,8,1,20241001,20241112.0,Completed,42,False,False
1898,121,8,1,20250101,20250112.0,Completed,11,False,False
1899,121,8,1,20250401,20250430.0,Completed,29,False,False
1900,121,8,1,20250701,20250710.0,Completed,9,False,False
1901,121,8,1,20251001,20251009.0,Completed,8,False,False
1902,121,8,1,20260101,20260131.0,Completed,30,False,False
1903,121,8,1,20260401,20260520.0,Completed,49,False,False
1904,121,8,1,20260701,20260802.0,Completed,32,False,False
1905,122,7,1,20240701,20240710.0,Completed,9,False,False
1906,122,7,1,20241001,20241014.0,Completed,13,False,False
1907,122,7,1,20250101,20250107.0,Completed,6,False,False
1908,122,7,1,20250401,20250408.0,Completed,7,False,False
1909,122,7,1,20250701,20250708.0,Completed,7,False,False
1910,122,7,1,20251001,20251010.0,Completed,9,False,False
1911,122,7,1,20260101,20260116.0,Completed,15,False,False
1912,122,7,1,20260401,20260414.0,Completed,13,False,False
1913,122,7,1,20260701,20260723.0,Completed,22,False,False
1914,123,9,1,20240701,20240716.0,Completed,15,False,False
1915,123,9,1,20241001,20241022.0,Completed,21,False,False
1916,123,9,1,20250101,20250124.0,Completed,23,False,False
1917,123,9,1,20250401,20250410.0,Completed,9,False,False
1918,123,9,1,20250701,20250713.0,Completed,12,False,False
1919,123,9,1,20251001,20251222.0,Completed,82,False,False
1920,123,9,1,20260101,20260109.0,Completed,8,False,False
1921,123,9,1,20260401,20260423.0,Completed,22,False,False
1922,123,9,1,20260701,20260705.0,Completed,4,False,False
1923,123,1,1,20240701,20240817.0,Completed,47,False,False
1924,123,1,1,20241001,20241015.0,Completed,14,False,False
1925,123,1,1,20250101,20250129.0,Completed,28,False,False
1926,123,1,1,20250401,20250408.0,Completed,7,False,False
1927,123,1,1,20250701,20250726.0,Completed,25,False,False
1928,123,1,1,20251001,20251027.0,Completed,26,False,False
1929,123,1,1,20260101,20260124.0,Completed,23,False,False
1930,123,1,1,20260401,20260508.0,Completed,37,False,False
1931,123,1,1,20260701,20260827.0,Completed,57,False,False
1932,124,8,1,20240701,20240707.0,Completed,6,False,False
1933,124,8,1,20241001,20241013.0,Completed,12,False,False
1934,124,8,1,20250101,20250103.0,Completed,2,False,False
1935,124,8,1,20250401,20250416.0,Completed,15,False,False
1936,124,8,1,20250701,20250706.0,Completed,5,False,False
1937,124,2,1,20240701,20240728.0,Completed,27,False,False
1938,124,2,1,20241001,20241101.0,Completed,31,False,False
1939,124,2,1,20250101,20250106.0,Completed,5,False,False
1940,124,2,1,20250401,20250506.0,Completed,35,False,False
1941,124,2,1,20250701,20250825.0,Completed,55,False,False
1942,124,2,1,20251001,20251110.0,Completed,40,True,False
1943,124,2,1,20260101,20260113.0,Completed,12,True,False
1944,125,7,1,20240701,20240714.0,Completed,13,False,False
1945,125,7,1,20241001,20241015.0,Completed,14,False,False
1946,125,7,1,20250101,20250113.0,Completed,12,False,False
1947,125,7,1,20250401,20250405.0,Completed,4,False,False
1948,125,7,1,20250701,20250708.0,Completed,7,False,False
1949,125,7,1,20251001,20251012.0,Completed,11,False,False
1950,125,7,1,20260101,20260116.0,Completed,15,False,False
1951,125,7,1,20260401,20260409.0,Completed,8,False,False
1952,125,7,1,20260701,20260703.0,Completed,2,False,False
1953,126,9,1,20240701,20240710.0,Completed,9,False,False
1954,126,9,1,20241001,20241109.0,Completed,39,False,False
1955,126,1,1,20240701,20240805.0,Completed,35,False,False
1956,126,1,1,20241001,20241031.0,Completed,30,False,False
1957,126,1,1,20250101,20250114.0,Completed,13,True,False
1958,126,1,1,20250401,20250419.0,Completed,18,True,False
1959,127,8,1,20240701,20240703.0,Completed,2,False,False
1960,127,8,1,20241001,20241007.0,Completed,6,False,False
1961,127,8,1,20250101,20250118.0,Completed,17,False,False
1962,127,8,1,20250401,20250416.0,Completed,15,False,False
1963,127,8,1,20250701,20250709.0,Completed,8,False,False
1964,127,8,1,20251001,20251013.0,Completed,12,False,False
1965,127,8,1,20260101,20260114.0,Completed,13,False,False
1966,127,8,1,20260401,20260409.0,Completed,8,False,False
1967,127,8,1,20260701,20260719.0,Completed,18,False,False
1968,127,9,1,20240701,20240716.0,Completed,15,False,False
1969,127,9,1,20241001,20241010.0,Completed,9,False,False
1970,127,9,1,20250101,20250105.0,Completed,4,False,False
1971,127,9,1,20250401,20250410.0,Completed,9,False,False
1972,127,9,1,20250701,20250709.0,Completed,8,False,False
1973,127,9,1,20251001,20251009.0,Completed,8,False,False
1974,127,9,1,20260101,20260104.0,Completed,3,False,False
1975,127,9,1,20260401,20260503.0,Completed,32,False,False
1976,127,9,1,20260701,20260801.0,Completed,31,False,False
1977,127,2,1,20240701,20240724.0,Completed,23,False,False
1978,127,2,1,20241001,20241101.0,Completed,31,False,False
1979,127,2,1,20250101,20250206.0,Completed,36,False,False
1980,127,2,1,20250401,20250424.0,Completed,23,False,False
1981,127,2,1,20250701,20250802.0,Completed,32,False,False
1982,127,2,1,20251001,20251109.0,Completed,39,False,False
1983,127,2,1,20260101,20260130.0,Completed,29,False,False
1984,127,2,1,20260401,20260515.0,Completed,44,False,False
1985,127,2,1,20260701,20260716.0,Completed,15,False,False
1986,128,7,1,20240701,20240714.0,Completed,13,False,False
1987,128,7,1,20241001,20241205.0,Completed,65,False,False
1988,128,7,1,20250101,20250127.0,Completed,26,False,False
1989,128,7,1,20250401,20250416.0,Completed,15,False,False
1990,128,7,1,20250701,20250707.0,Completed,6,False,False
1991,128,7,1,20251001,20251014.0,Completed,13,False,False
1992,128,7,1,20260101,20260126.0,Completed,25,False,False
1993,128,7,1,20260401,20260422.0,Completed,21,False,False
1994,128,7,1,20260701,20260703.0,Completed,2,False,False
1995,128,8,1,20240701,20240704.0,Completed,3,False,False
1996,128,8,1,20241001,20241004.0,Completed,3,False,False
1997,128,8,1,20250101,20250119.0,Completed,18,False,False
1998,128,8,1,20250401,20250404.0,Completed,3,False,False
1999,128,8,1,20250701,20250706.0,Completed,5,False,False
2000,128,8,1,20251001,20251012.0,Completed,11,False,False
2001,128,8,1,20260101,20260129.0,Completed,28,False,False
2002,128,8,1,20260401,20260420.0,Completed,19,False,False
2003,128,8,1,20260701,20260711.0,Completed,10,False,False
2004,129,6,1,20240701,20240724.0,Completed,23,False,False
2005,129,6,1,20241001,20241117.0,Completed,47,False,False
2006,129,6,1,20250101,20250114.0,Completed,13,False,False
2007,129,6,1,20250401,20250405.0,Completed,4,False,False
2008,129,6,1,20250701,20250707.0,Completed,6,False,False
2009,129,6,1,20251001,20251007.0,Completed,6,False,False
2010,129,6,1,20260101,20260108.0,Completed,7,False,False
2011,129,6,1,20260401,20260411.0,Completed,10,False,False
2012,129,6,1,20260701,20260717.0,Completed,16,False,False
2013,129,10,1,20240701,20240704.0,Completed,3,False,False
2014,129,10,1,20241001,20241005.0,Completed,4,False,False
2015,129,10,1,20250101,20250121.0,Completed,20,False,False
2016,129,10,1,20250401,20250409.0,Completed,8,False,False
2017,129,10,1,20250701,20250707.0,Completed,6,False,False
2018,129,10,1,20251001,20251012.0,Completed,11,False,False
2019,129,10,1,20260101,20260201.0,Completed,31,False,False
2020,129,10,1,20260401,20260423.0,Completed,22,False,False
2021,129,10,1,20260701,20260722.0,Completed,21,False,False
2022,130,3,1,20240701,20240916.0,Completed,77,False,False
2023,130,3,1,20241001,20241102.0,Completed,32,False,False
2024,130,3,1,20250101,20250323.0,Completed,81,False,False
2025,130,3,1,20250401,20250626.0,Completed,86,False,False
2026,130,3,1,20250701,20250708.0,Completed,7,False,False
2027,130,3,1,20251001,20251006.0,Completed,5,False,False
2028,130,3,1,20260101,20260111.0,Completed,10,False,False
2029,130,3,1,20260401,20260529.0,Completed,58,False,False
2030,130,3,1,20260701,20260723.0,Completed,22,False,False
2031,130,8,1,20240701,20240711.0,Completed,10,False,False
2032,130,8,1,20241001,20241024.0,Completed,23,False,False
2033,130,8,1,20250101,20250109.0,Completed,8,False,False
2034,130,8,1,20250401,20250416.0,Completed,15,False,False
2035,130,8,1,20250701,20250721.0,Completed,20,False,False
2036,130,8,1,20251001,20251007.0,Completed,6,False,False
2037,130,8,1,20260101,20260106.0,Completed,5,False,False
2038,130,8,1,20260401,20260414.0,Completed,13,False,False
2039,130,8,1,20260701,20260715.0,Completed,14,False,False
2040,131,7,1,20240701,20240723.0,Completed,22,False,False
2041,131,7,1,20241001,20241006.0,Completed,5,False,False
2042,131,7,1,20250101,20250108.0,Completed,7,False,False
2043,131,7,1,20250401,20250513.0,Completed,42,False,False
2044,131,7,1,20250701,20250726.0,Completed,25,False,False
2045,131,7,1,20251001,20251013.0,Completed,12,False,False
2046,131,7,1,20260101,20260129.0,Completed,28,False,False
2047,131,7,1,20260401,20260406.0,Completed,5,False,False
2048,131,7,1,20260701,20260712.0,Completed,11,False,False
2049,131,8,1,20240701,20240715.0,Completed,14,False,False
2050,131,8,1,20241001,20241011.0,Completed,10,False,False
2051,131,8,1,20250101,20250111.0,Completed,10,False,False
2052,131,8,1,20250401,20250422.0,Completed,21,False,False
2053,131,8,1,20250701,20250727.0,Completed,26,False,False
2054,131,8,1,20251001,20251010.0,Completed,9,False,False
2055,131,8,1,20260101,20260105.0,Completed,4,False,False
2056,131,8,1,20260401,20260404.0,Completed,3,False,False
2057,131,8,1,20260701,20260702.0,Completed,1,False,False
2058,132,5,1,20240701,20240831.0,Completed,61,False,False
2059,132,5,1,20241001,20241104.0,Completed,34,False,False
2060,132,5,1,20250101,20250130.0,Completed,29,False,False
2061,132,5,1,20250401,20250414.0,Completed,13,False,False
2062,132,5,1,20250701,20250714.0,Completed,13,False,False
2063,132,5,1,20251001,20251113.0,Completed,43,False,False
2064,132,5,1,20260101,20260105.0,Completed,4,False,False
2065,132,5,1,20260401,20260416.0,Completed,15,False,False
2066,132,5,1,20260701,20260817.0,Completed,47,False,False
2067,132,1,1,20240701,20240719.0,Completed,18,False,False
2068,132,1,1,20241001,20241111.0,Completed,41,False,False
2069,132,1,1,20250101,20250125.0,Completed,24,False,False
2070,132,1,1,20250401,20250402.0,Completed,1,False,False
2071,132,1,1,20250701,20250724.0,Completed,23,False,False
2072,132,1,1,20251001,20251028.0,Completed,27,False,False
2073,132,1,1,20260101,20260123.0,Completed,22,False,False
2074,132,1,1,20260401,20260410.0,Completed,9,False,False
2075,132,1,1,20260701,20260723.0,Completed,22,False,False
2076,133,4,1,20240701,20240703.0,Completed,2,False,False
2077,133,4,1,20241001,20241010.0,Completed,9,False,False
2078,133,4,1,20250101,20250123.0,Completed,22,False,False
2079,133,4,1,20250401,20250507.0,Completed,36,False,False
2080,133,4,1,20250701,20250802.0,Completed,32,False,False
2081,133,4,1,20251001,20251006.0,Completed,5,False,False
2082,133,4,1,20260101,20260104.0,Completed,3,False,False
2083,133,4,1,20260401,20260415.0,Completed,14,False,False
2084,133,4,1,20260701,20260714.0,Completed,13,False,False
2085,133,8,1,20240701,20240720.0,Completed,19,False,False
2086,133,8,1,20241001,20241008.0,Completed,7,False,False
2087,133,8,1,20250101,20250114.0,Completed,13,False,False
2088,133,8,1,20250401,20250413.0,Completed,12,False,False
2089,133,8,1,20250701,20250710.0,Completed,9,False,False
2090,133,8,1,20251001,20251003.0,Completed,2,False,False
2091,133,8,1,20260101,20260122.0,Completed,21,False,False
2092,133,8,1,20260401,20260415.0,Completed,14,False,False
2093,133,8,1,20260701,20260723.0,Completed,22,False,False
2094,134,7,1,20240701,20240727.0,Completed,26,False,False
2095,134,7,1,20241001,20241013.0,Completed,12,False,False
2096,134,7,1,20250101,20250122.0,Completed,21,False,False
2097,134,7,1,20250401,20250508.0,Completed,37,False,False
2098,134,8,1,20240701,20240815.0,Completed,45,False,False
2099,134,8,1,20241001,20241017.0,Completed,16,False,False
2100,134,8,1,20250101,20250118.0,Completed,17,False,False
2101,134,8,1,20250401,20250417.0,Completed,16,False,False
2102,135,7,1,20240701,20240720.0,Completed,19,False,False
2103,135,7,1,20241001,20241027.0,Completed,26,False,False
2104,135,7,1,20250101,20250116.0,Completed,15,False,False
2105,135,7,1,20250401,20250514.0,Completed,43,False,False
2106,135,7,1,20250701,20250809.0,Completed,39,False,False
2107,135,7,1,20251001,20251014.0,Completed,13,False,False
2108,135,7,1,20260101,20260114.0,Completed,13,False,False
2109,135,7,1,20260401,20260410.0,Completed,9,False,False
2110,135,7,1,20260701,20260721.0,Completed,20,False,False
2111,135,8,1,20240701,20240711.0,Completed,10,False,False
2112,135,8,1,20241001,20241009.0,Completed,8,False,False
2113,135,8,1,20250101,20250120.0,Completed,19,False,False
2114,135,8,1,20250401,20250406.0,Completed,5,False,False
2115,135,8,1,20250701,20250727.0,Completed,26,False,False
2116,135,8,1,20251001,20251021.0,Completed,20,False,False
2117,135,8,1,20260101,20260208.0,Completed,38,False,False
2118,135,8,1,20260401,20260417.0,Completed,16,False,False
2119,135,8,1,20260701,20260723.0,Completed,22,False,False
2120,136,1,1,20240701,20240818.0,Completed,48,False,False
2121,136,1,1,20241001,20241201.0,Completed,61,False,False
2122,136,1,1,20250101,20250130.0,Completed,29,False,False
2123,136,1,1,20250401,20250418.0,Completed,17,False,False
2124,136,1,1,20250701,20250803.0,Completed,33,False,False
2125,136,1,1,20251001,20251122.0,Completed,52,False,False
2126,136,1,1,20260101,20260226.0,Completed,56,False,False
2127,136,1,1,20260401,20260406.0,Completed,5,False,False
2128,136,1,1,20260701,,Overdue,80,False,False
2129,137,2,1,20240701,20240718.0,Completed,17,False,False
2130,137,2,1,20241001,20241115.0,Completed,45,False,False
2131,137,2,1,20250101,20250308.0,Completed,66,False,False
2132,138,8,1,20240701,20240713.0,Completed,12,False,False
2133,138,8,1,20241001,20241030.0,Completed,29,False,False
2134,138,8,1,20250101,20250103.0,Completed,2,False,False
2135,138,8,1,20250401,20250501.0,Completed,30,False,False
2136,138,8,1,20250701,20250728.0,Completed,27,False,False
2137,138,7,1,20240701,20240719.0,Completed,18,False,False
2138,138,7,1,20241001,20241027.0,Completed,26,False,False
2139,138,7,1,20250101,20250210.0,Completed,40,False,False
2140,138,7,1,20250401,20250505.0,Completed,34,False,False
2141,138,7,1,20250701,20250714.0,Completed,13,False,False
2142,139,5,1,20240701,20240729.0,Completed,28,False,True
2143,139,5,1,20241001,20241013.0,Completed,12,False,True
2144,139,5,1,20250101,20250105.0,Completed,4,False,False
2145,139,5,1,20250401,20250408.0,Completed,7,False,False
2146,139,5,1,20250701,20250804.0,Completed,34,False,False
2147,139,5,1,20251001,20251004.0,Completed,3,False,False
2148,139,5,1,20260101,20260131.0,Completed,30,False,False
2149,139,5,1,20260401,20260524.0,Completed,53,False,False
2150,139,5,1,20260701,20260703.0,Completed,2,False,False
2151,139,8,1,20240701,20240710.0,Completed,9,False,False
2152,139,8,1,20241001,20241013.0,Completed,12,False,False
2153,139,8,1,20250101,20250105.0,Completed,4,False,False
2154,139,8,1,20250401,20250407.0,Completed,6,False,False
2155,139,8,1,20250701,20250705.0,Completed,4,False,False
2156,139,8,1,20251001,20251013.0,Completed,12,False,False
2157,139,8,1,20260101,20260311.0,Completed,69,False,False
2158,139,8,1,20260401,20260410.0,Completed,9,False,False
2159,139,8,1,20260701,20260705.0,Completed,4,False,False
2160,140,7,1,20240701,20240703.0,Completed,2,False,False
2161,140,7,1,20241001,20241004.0,Completed,3,False,False
2162,140,7,1,20250101,20250114.0,Completed,13,False,False
2163,140,7,1,20250401,20250412.0,Completed,11,False,False
2164,140,7,1,20250701,20250723.0,Completed,22,False,False
2165,140,7,1,20251001,20251005.0,Completed,4,False,False
2166,140,7,1,20260101,20260108.0,Completed,7,False,False
2167,140,7,1,20260401,20260518.0,Completed,47,False,False
2168,140,7,1,20260701,20260728.0,Completed,27,False,False
2169,141,1,1,20240701,20240724.0,Completed,23,False,False
2170,141,1,1,20241001,20241121.0,Completed,51,False,False
2171,141,1,1,20250101,20250122.0,Completed,21,False,False
2172,141,1,1,20250401,20250507.0,Completed,36,False,False
2173,141,1,1,20250701,20250827.0,Completed,57,False,False
2174,141,1,1,20251001,20251019.0,Completed,18,False,False
2175,141,1,1,20260101,20260123.0,Completed,22,False,False
2176,141,1,1,20260401,20260410.0,Completed,9,False,False
2177,141,1,1,20260701,20260706.0,Completed,5,False,False
2178,141,9,1,20240701,20240713.0,Completed,12,False,False
2179,141,9,1,20241001,20241017.0,Completed,16,False,False
2180,141,9,1,20250101,20250214.0,Completed,44,False,False
2181,141,9,1,20250401,20250417.0,Completed,16,False,False
2182,141,9,1,20250701,20250728.0,Completed,27,False,False
2183,141,9,1,20251001,20251019.0,Completed,18,False,False
2184,141,9,1,20260101,20260103.0,Completed,2,False,False
2185,141,9,1,20260401,20260414.0,Completed,13,False,False
2186,141,9,1,20260701,20260721.0,Completed,20,False,False
2187,142,5,1,20240701,20240803.0,Completed,33,False,False
2188,142,5,1,20241001,20241022.0,Completed,21,False,False
2189,142,5,1,20250101,20250130.0,Completed,29,False,False
2190,142,5,1,20250401,20250511.0,Completed,40,False,False
2191,142,5,1,20250701,20250706.0,Completed,5,False,False
2192,142,5,1,20251001,20251110.0,Completed,40,False,False
2193,142,5,1,20260101,20260105.0,Completed,4,False,False
2194,142,5,1,20260401,20260406.0,Completed,5,False,False
2195,142,5,1,20260701,20260725.0,Completed,24,False,False
2196,142,1,1,20240701,20240807.0,Completed,37,False,False
2197,142,1,1,20241001,20241027.0,Completed,26,False,False
2198,142,1,1,20250101,20250111.0,Completed,10,False,False
2199,142,1,1,20250401,20250409.0,Completed,8,False,False
2200,142,1,1,20250701,20250730.0,Completed,29,False,False
2201,142,1,1,20251001,20251025.0,Completed,24,False,False
2202,142,1,1,20260101,20260120.0,Completed,19,False,False
2203,142,1,1,20260401,20260519.0,Completed,48,False,False
2204,142,1,1,20260701,20260724.0,Completed,23,False,False
2205,143,4,1,20240701,20240704.0,Completed,3,False,False
2206,143,4,1,20241001,20241011.0,Completed,10,False,False
2207,143,4,1,20250101,20250121.0,Completed,20,False,False
2208,143,4,1,20250401,20250412.0,Completed,11,False,False
2209,143,4,1,20250701,20250721.0,Completed,20,False,False
2210,143,4,1,20251001,20251024.0,Completed,23,False,False
2211,143,4,1,20260101,20260112.0,Completed,11,False,False
2212,143,4,1,20260401,20260414.0,Completed,13,False,False
2213,143,4,1,20260701,20260711.0,Completed,10,False,False
2214,144,1,1,20240701,20240810.0,Completed,40,False,False
2215,144,1,1,20241001,20241021.0,Completed,20,False,False
2216,144,1,1,20250101,20250207.0,Completed,37,False,False
2217,144,1,1,20250401,20250502.0,Completed,31,False,False
2218,144,1,1,20250701,20250705.0,Completed,4,False,False
2219,144,1,1,20251001,20251109.0,Completed,39,False,False
2220,144,1,1,20260101,20260130.0,Completed,29,False,False
2221,144,1,1,20260401,20260603.0,Completed,63,False,False
2222,144,1,1,20260701,20260710.0,Completed,9,False,False
2223,144,5,1,20240701,20240727.0,Completed,26,False,False
2224,144,5,1,20241001,20241015.0,Completed,14,False,False
2225,144,5,1,20250101,20250104.0,Completed,3,False,False
2226,144,5,1,20250401,20250403.0,Completed,2,False,False
2227,144,5,1,20250701,20250828.0,Completed,58,False,False
2228,144,5,1,20251001,20251027.0,Completed,26,False,False
2229,144,5,1,20260101,20260119.0,Completed,18,False,False
2230,144,5,1,20260401,20260406.0,Completed,5,False,False
2231,144,5,1,20260701,20260826.0,Completed,56,False,False
2232,144,8,1,20240701,20240708.0,Completed,7,False,False
2233,144,8,1,20241001,20241017.0,Completed,16,False,False
2234,144,8,1,20250101,20250115.0,Completed,14,False,False
2235,144,8,1,20250401,20250517.0,Completed,46,False,False
2236,144,8,1,20250701,20250714.0,Completed,13,False,False
2237,144,8,1,20251001,20251009.0,Completed,8,False,False
2238,144,8,1,20260101,20260117.0,Completed,16,False,False
2239,144,8,1,20260401,20260418.0,Completed,17,False,False
2240,144,8,1,20260701,20260906.0,Completed,67,False,False
2241,145,2,1,20240701,20240726.0,Completed,25,False,False
2242,145,2,1,20241001,20241009.0,Completed,8,False,False
2243,145,2,1,20250101,20250120.0,Completed,19,False,False
2244,145,2,1,20250401,20250503.0,Completed,32,False,False
2245,145,2,1,20250701,20250807.0,Completed,37,False,False
2246,145,2,1,20251001,20251006.0,Completed,5,False,False
2247,145,2,1,20260101,20260119.0,Completed,18,False,False
2248,145,2,1,20260401,20260628.0,Completed,88,False,False
2249,145,2,1,20260701,20260713.0,Completed,12,False,False
2250,145,8,1,20240701,20240726.0,Completed,25,False,False
2251,145,8,1,20241001,20241011.0,Completed,10,False,False
2252,145,8,1,20250101,20250114.0,Completed,13,False,False
2253,145,8,1,20250401,20250404.0,Completed,3,False,False
2254,145,8,1,20250701,20250712.0,Completed,11,False,False
2255,145,8,1,20251001,20251017.0,Completed,16,False,False
2256,145,8,1,20260101,20260114.0,Completed,13,False,False
2257,145,8,1,20260401,20260412.0,Completed,11,False,False
2258,145,8,1,20260701,20260721.0,Completed,20,False,False
2259,146,9,1,20240701,20240705.0,Completed,4,False,False
2260,146,9,1,20241001,20241017.0,Completed,16,False,False
2261,146,9,1,20250101,20250102.0,Completed,1,False,False
2262,146,9,1,20250401,20250430.0,Completed,29,False,False
2263,146,9,1,20250701,20250713.0,Completed,12,False,False
2264,146,9,1,20251001,20251024.0,Completed,23,False,False
2265,146,9,1,20260101,20260102.0,Completed,1,False,False
2266,146,9,1,20260401,20260422.0,Completed,21,False,False
2267,146,9,1,20260701,20260708.0,Completed,7,False,False
2268,146,4,1,20240701,20240714.0,Completed,13,False,False
2269,146,4,1,20241001,20241022.0,Completed,21,False,False
2270,146,4,1,20250101,20250113.0,Completed,12,False,False
2271,146,4,1,20250401,20250420.0,Completed,19,False,False
2272,146,4,1,20250701,20250711.0,Completed,10,False,False
2273,146,4,1,20251001,20251101.0,Completed,31,False,False
2274,146,4,1,20260101,20260113.0,Completed,12,False,False
2275,146,4,1,20260401,20260413.0,Completed,12,False,False
2276,146,4,1,20260701,20260713.0,Completed,12,False,False
2277,146,2,1,20240701,20240727.0,Completed,26,False,False
2278,146,2,1,20241001,20241009.0,Completed,8,False,False
2279,146,2,1,20250101,20250112.0,Completed,11,False,False
2280,146,2,1,20250401,20250523.0,Completed,52,False,False
2281,146,2,1,20250701,20250817.0,Completed,47,False,False
2282,146,2,1,20251001,20251115.0,Completed,45,False,False
2283,146,2,1,20260101,20260206.0,Completed,36,False,False
2284,146,2,1,20260401,20260418.0,Completed,17,False,False
2285,146,2,1,20260701,20260717.0,Completed,16,False,False
2286,147,8,1,20240701,20240714.0,Completed,13,False,False
2287,147,8,1,20241001,20241030.0,Completed,29,False,False
2288,147,8,1,20250101,20250116.0,Completed,15,False,False
2289,147,8,1,20250401,20250406.0,Completed,5,False,False
2290,147,8,1,20250701,20250704.0,Completed,3,False,False
2291,147,8,1,20251001,20251025.0,Completed,24,False,False
2292,147,8,1,20260101,20260205.0,Completed,35,False,False
2293,147,8,1,20260401,20260403.0,Completed,2,False,False
2294,147,8,1,20260701,20260725.0,Completed,24,False,False
2295,148,7,1,20240701,20240719.0,Completed,18,False,False
2296,148,7,1,20241001,20241008.0,Completed,7,False,False
2297,148,7,1,20250101,20250116.0,Completed,15,False,False
2298,148,7,1,20250401,20250406.0,Completed,5,False,False
2299,148,7,1,20250701,20250712.0,Completed,11,False,False
2300,148,7,1,20251001,20251014.0,Completed,13,False,False
2301,148,7,1,20260101,20260201.0,Completed,31,False,False
2302,148,7,1,20260401,20260412.0,Completed,11,False,False
2303,148,7,1,20260701,20260708.0,Completed,7,False,False
2304,148,8,1,20240701,20240718.0,Completed,17,False,False
2305,148,8,1,20241001,20241021.0,Completed,20,False,False
2306,148,8,1,20250101,20250108.0,Completed,7,False,False
2307,148,8,1,20250401,20250406.0,Completed,5,False,False
2308,148,8,1,20250701,20250707.0,Completed,6,False,False
2309,148,8,1,20251001,20251101.0,Completed,31,False,False
2310,148,8,1,20260101,20260120.0,Completed,19,False,False
2311,148,8,1,20260401,20260411.0,Completed,10,False,False
2312,148,8,1,20260701,20260728.0,Completed,27,False,False
2313,149,1,1,20240701,20240715.0,Completed,14,False,True
2314,149,1,1,20241001,20241026.0,Completed,25,False,True
2315,149,1,1,20250101,20250110.0,Completed,9,False,False
2316,149,1,1,20250401,20250524.0,Completed,53,False,False
2317,149,1,1,20250701,20250714.0,Completed,13,False,False
2318,149,1,1,20251001,20251014.0,Completed,13,False,False
2319,149,1,1,20260101,20260204.0,Completed,34,False,False
2320,149,1,1,20260401,20260403.0,Completed,2,False,False
2321,149,1,1,20260701,20260708.0,Completed,7,False,False
2322,149,8,1,20240701,20240723.0,Completed,22,False,False
2323,149,8,1,20241001,20241007.0,Completed,6,False,False
2324,149,8,1,20250101,20250226.0,Completed,56,False,False
2325,149,8,1,20250401,20250416.0,Completed,15,False,False
2326,149,8,1,20250701,20250703.0,Completed,2,False,False
2327,149,8,1,20251001,20251106.0,Completed,36,False,False
2328,149,8,1,20260101,20260116.0,Completed,15,False,False
2329,149,8,1,20260401,20260412.0,Completed,11,False,False
2330,149,8,1,20260701,20260716.0,Completed,15,False,False
2331,149,5,1,20240701,20240824.0,Completed,54,False,True
2332,149,5,1,20241001,20241005.0,Completed,4,False,True
2333,149,5,1,20250101,20250108.0,Completed,7,False,True
2334,149,5,1,20250401,20250426.0,Completed,25,False,True
2335,149,5,1,20250701,20250807.0,Completed,37,False,False
2336,149,5,1,20251001,20251115.0,Completed,45,False,False
2337,149,5,1,20260101,20260111.0,Completed,10,False,False
2338,149,5,1,20260401,20260419.0,Completed,18,False,False
2339,149,5,1,20260701,20260728.0,Completed,27,False,False
2340,150,10,1,20240701,20240716.0,Completed,15,False,False
2341,150,10,1,20241001,20241011.0,Completed,10,False,False
2342,150,10,1,20250101,20250224.0,Completed,54,False,False
2343,150,10,1,20250401,20250413.0,Completed,12,False,False
2344,150,10,1,20250701,20250707.0,Completed,6,False,False
2345,150,10,1,20251001,20251025.0,Completed,24,False,False
2346,150,10,1,20260101,20260223.0,Completed,53,False,False
2347,150,10,1,20260401,20260406.0,Completed,5,False,False
2348,150,10,1,20260701,20260728.0,Completed,27,False,False
2349,150,6,1,20240701,20240708.0,Completed,7,False,False
2350,150,6,1,20241001,20241004.0,Completed,3,False,False
2351,150,6,1,20250101,20250109.0,Completed,8,False,False
2352,150,6,1,20250401,20250502.0,Completed,31,False,False
2353,150,6,1,20250701,20250721.0,Completed,20,False,False
2354,150,6,1,20251001,20251024.0,Completed,23,False,False
2355,150,6,1,20260101,20260103.0,Completed,2,False,False
2356,150,6,1,20260401,20260406.0,Completed,5,False,False
2357,150,6,1,20260701,20260716.0,Completed,15,False,False
2358,151,9,1,20240701,20240727.0,Completed,26,False,False
2359,151,9,1,20241001,20241016.0,Completed,15,False,False
2360,151,9,1,20250101,20250115.0,Completed,14,False,False
2361,151,9,1,20250401,20250412.0,Completed,11,False,False
2362,151,9,1,20250701,20250716.0,Completed,15,False,False
2363,151,9,1,20251001,20251008.0,Completed,7,False,False
2364,151,9,1,20260101,20260124.0,Completed,23,False,False
2365,151,9,1,20260401,20260417.0,Completed,16,False,False
2366,151,9,1,20260701,20260801.0,Completed,31,False,False
2367,151,3,1,20240701,20240725.0,Completed,24,False,False
2368,151,3,1,20241001,20241013.0,Completed,12,False,False
2369,151,3,1,20250101,20250127.0,Completed,26,False,False
2370,151,3,1,20250401,20250519.0,Completed,48,False,False
2371,151,3,1,20250701,20250719.0,Completed,18,False,False
2372,151,3,1,20251001,20251019.0,Completed,18,False,False
2373,151,3,1,20260101,20260128.0,Completed,27,False,False
2374,151,3,1,20260401,20260426.0,Completed,25,False,False
2375,151,3,1,20260701,20260719.0,Completed,18,False,False
2376,151,2,1,20240701,20240826.0,Completed,56,False,False
2377,151,2,1,20241001,20241024.0,Completed,23,False,False
2378,151,2,1,20250101,20250206.0,Completed,36,False,False
2379,151,2,1,20250401,20250419.0,Completed,18,False,False
2380,151,2,1,20250701,20250825.0,Completed,55,False,False
2381,151,2,1,20251001,20251010.0,Completed,9,False,False
2382,151,2,1,20260101,20260219.0,Completed,49,False,False
2383,151,2,1,20260401,20260426.0,Completed,25,False,False
2384,151,2,1,20260701,20260720.0,Completed,19,False,False
2385,152,8,1,20240701,20240711.0,Completed,10,False,False
2386,152,8,1,20241001,20241021.0,Completed,20,False,False
2387,152,8,1,20250101,20250109.0,Completed,8,False,False
2388,152,8,1,20250401,20250407.0,Completed,6,False,False
2389,152,8,1,20250701,20250728.0,Completed,27,False,False
2390,152,8,1,20251001,20251002.0,Completed,1,False,False
2391,152,8,1,20260101,20260108.0,Completed,7,False,False
2392,152,8,1,20260401,20260509.0,Completed,38,False,False
2393,152,8,1,20260701,20260713.0,Completed,12,False,False
2394,152,7,1,20240701,20240704.0,Completed,3,False,False
2395,152,7,1,20241001,20241018.0,Completed,17,False,False
2396,152,7,1,20250101,20250110.0,Completed,9,False,False
2397,152,7,1,20250401,20250403.0,Completed,2,False,False
2398,152,7,1,20250701,20250716.0,Completed,15,False,False
2399,152,7,1,20251001,20251014.0,Completed,13,False,False
2400,152,7,1,20260101,20260114.0,Completed,13,False,False
2401,152,7,1,20260401,20260419.0,Completed,18,False,False
2402,152,7,1,20260701,20260705.0,Completed,4,False,False
2403,153,8,1,20240701,20240717.0,Completed,16,False,False
2404,153,8,1,20241001,20241015.0,Completed,14,False,False
2405,153,8,1,20250101,20250128.0,Completed,27,False,False
2406,153,8,1,20250401,20250408.0,Completed,7,False,False
2407,153,8,1,20250701,20250731.0,Completed,30,False,False
2408,153,8,1,20251001,20251024.0,Completed,23,False,False
2409,153,8,1,20260101,20260112.0,Completed,11,False,False
2410,153,8,1,20260401,20260414.0,Completed,13,False,False
2411,153,8,1,20260701,20260702.0,Completed,1,False,False
2412,153,2,1,20240701,20240726.0,Completed,25,False,False
2413,153,2,1,20241001,20241113.0,Completed,43,False,False
2414,153,2,1,20250101,20250121.0,Completed,20,False,False
2415,153,2,1,20250401,20250524.0,Completed,53,False,False
2416,153,2,1,20250701,20250805.0,Completed,35,False,False
2417,153,2,1,20251001,20260102.0,Completed,93,False,False
2418,153,2,1,20260101,20260115.0,Completed,14,False,False
2419,153,2,1,20260401,20260511.0,Completed,40,False,False
2420,153,2,1,20260701,20260708.0,Completed,7,False,False
2421,153,3,1,20240701,20240722.0,Completed,21,False,False
2422,153,3,1,20241001,20241107.0,Completed,37,False,False
2423,153,3,1,20250101,20250212.0,Completed,42,False,False
2424,153,3,1,20250401,20250420.0,Completed,19,False,False
2425,153,3,1,20250701,20250828.0,Completed,58,False,False
2426,153,3,1,20251001,20251206.0,Completed,66,False,False
2427,153,3,1,20260101,20260115.0,Completed,14,False,False
2428,153,3,1,20260401,20260423.0,Completed,22,False,False
2429,153,3,1,20260701,20260721.0,Completed,20,False,False
2430,154,3,1,20240701,20240717.0,Completed,16,False,False
2431,154,3,1,20241001,20241203.0,Completed,63,False,False
2432,154,3,1,20250101,20250305.0,Completed,63,False,False
2433,154,3,1,20250401,20250422.0,Completed,21,True,False
2434,154,9,1,20240701,20240721.0,Completed,20,False,False
2435,154,9,1,20241001,20241028.0,Completed,27,False,False
2436,154,9,1,20250101,20250116.0,Completed,15,False,False
2437,154,4,1,20240701,20240711.0,Completed,10,False,False
2438,154,4,1,20241001,20241008.0,Completed,7,False,False
2439,154,4,1,20250101,20250122.0,Completed,21,False,False
2440,155,8,1,20240701,20240705.0,Completed,4,False,False
2441,155,8,1,20241001,20241011.0,Completed,10,False,False
2442,155,8,1,20250101,20250110.0,Completed,9,False,False
2443,155,8,1,20250401,20250404.0,Completed,3,False,False
2444,155,8,1,20250701,20250713.0,Completed,12,False,False
2445,155,8,1,20251001,20251012.0,Completed,11,False,False
2446,155,8,1,20260101,20260106.0,Completed,5,False,False
2447,155,8,1,20260401,20260502.0,Completed,31,False,False
2448,155,8,1,20260701,20260723.0,Completed,22,False,False
2449,155,4,1,20240701,20240714.0,Completed,13,False,False
2450,155,4,1,20241001,20241025.0,Completed,24,False,False
2451,155,4,1,20250101,20250129.0,Completed,28,False,False
2452,155,4,1,20250401,20250503.0,Completed,32,False,False
2453,155,4,1,20250701,20250708.0,Completed,7,False,False
2454,155,4,1,20251001,20251025.0,Completed,24,False,False
2455,155,4,1,20260101,20260112.0,Completed,11,False,False
2456,155,4,1,20260401,20260416.0,Completed,15,False,False
2457,155,4,1,20260701,20260708.0,Completed,7,False,False
2458,155,2,1,20240701,20240726.0,Completed,25,False,False
2459,155,2,1,20241001,20241118.0,Completed,48,False,False
2460,155,2,1,20250101,20250317.0,Completed,75,False,False
2461,155,2,1,20250401,20250424.0,Completed,23,False,False
2462,155,2,1,20250701,20250712.0,Completed,11,False,False
2463,155,2,1,20251001,20251223.0,Completed,83,False,False
2464,155,2,1,20260101,20260114.0,Completed,13,False,False
2465,155,2,1,20260401,20260406.0,Completed,5,False,False
2466,155,2,1,20260701,20260717.0,Completed,16,False,False
2467,156,10,1,20240701,20240728.0,Completed,27,False,False
2468,156,10,1,20241001,20241007.0,Completed,6,False,False
2469,156,10,1,20250101,20250105.0,Completed,4,False,False
2470,156,10,1,20250401,20250415.0,Completed,14,False,False
2471,156,10,1,20250701,20250807.0,Completed,37,False,False
2472,156,10,1,20251001,20251019.0,Completed,18,False,False
2473,156,10,1,20260101,20260105.0,Completed,4,False,False
2474,156,10,1,20260401,20260522.0,Completed,51,False,False
2475,156,10,1,20260701,20260717.0,Completed,16,False,False
2476,157,10,1,20240701,20240726.0,Completed,25,False,False
2477,157,10,1,20241001,20241004.0,Completed,3,False,False
2478,157,10,1,20250101,20250215.0,Completed,45,False,False
2479,157,10,1,20250401,20250410.0,Completed,9,False,False
2480,157,10,1,20250701,20250704.0,Completed,3,False,False
2481,157,10,1,20251001,20251016.0,Completed,15,False,False
2482,157,10,1,20260101,20260126.0,Completed,25,False,False
2483,157,10,1,20260401,20260421.0,Completed,20,False,False
2484,157,10,1,20260701,20260721.0,Completed,20,False,False
2485,158,1,1,20240701,20240807.0,Completed,37,False,False
2486,158,1,1,20241001,20241029.0,Completed,28,False,False
2487,158,1,1,20250101,20250107.0,Completed,6,False,False
2488,158,1,1,20250401,20250422.0,Completed,21,False,False
2489,158,1,1,20250701,20250720.0,Completed,19,False,False
2490,158,1,1,20251001,20251204.0,Completed,64,False,False
2491,158,1,1,20260101,20260224.0,Completed,54,False,False
2492,158,1,1,20260401,20260418.0,Completed,17,False,False
2493,158,1,1,20260701,20260815.0,Completed,45,False,False
2494,158,8,1,20240701,20240713.0,Completed,12,False,False
2495,158,8,1,20241001,20241003.0,Completed,2,False,False
2496,158,8,1,20250101,20250102.0,Completed,1,False,False
2497,158,8,1,20250401,20250421.0,Completed,20,False,False
2498,158,8,1,20250701,20250706.0,Completed,5,False,False
2499,158,8,1,20251001,20251006.0,Completed,5,False,False
2500,158,8,1,20260101,20260108.0,Completed,7,False,False
2501,158,8,1,20260401,20260422.0,Completed,21,False,False
2502,158,8,1,20260701,20260728.0,Completed,27,False,False
2503,158,5,1,20240701,20240814.0,Completed,44,False,False
2504,158,5,1,20241001,20241004.0,Completed,3,False,False
2505,158,5,1,20250101,20250112.0,Completed,11,False,False
2506,158,5,1,20250401,20250410.0,Completed,9,False,False
2507,158,5,1,20250701,20250804.0,Completed,34,False,False
2508,158,5,1,20251001,20251012.0,Completed,11,False,False
2509,158,5,1,20260101,20260119.0,Completed,18,False,False
2510,158,5,1,20260401,20260507.0,Completed,36,False,False
2511,158,5,1,20260701,20260722.0,Completed,21,False,False
2512,159,6,1,20240701,20240717.0,Completed,16,False,False
2513,159,6,1,20241001,20241012.0,Completed,11,False,False
2514,159,6,1,20250101,20250126.0,Completed,25,False,False
2515,159,6,1,20250401,20250428.0,Completed,27,False,False
2516,159,6,1,20250701,20250720.0,Completed,19,False,False
2517,159,6,1,20251001,20251028.0,Completed,27,False,False
2518,160,8,1,20240701,20240901.0,Completed,62,False,False
2519,160,8,1,20241001,20241023.0,Completed,22,False,False
2520,160,8,1,20250101,20250113.0,Completed,12,False,False
2521,160,8,1,20250401,20250418.0,Completed,17,False,False
2522,160,8,1,20250701,20250730.0,Completed,29,False,False
2523,160,8,1,20251001,20251010.0,Completed,9,False,False
2524,160,8,1,20260101,20260109.0,Completed,8,False,False
2525,160,8,1,20260401,20260417.0,Completed,16,False,False
2526,160,8,1,20260701,20260713.0,Completed,12,False,False
2527,160,7,1,20240701,20240707.0,Completed,6,False,False
2528,160,7,1,20241001,20241016.0,Completed,15,False,False
2529,160,7,1,20250101,20250203.0,Completed,33,False,False
2530,160,7,1,20250401,20250419.0,Completed,18,False,False
2531,160,7,1,20250701,20250706.0,Completed,5,False,False
2532,160,7,1,20251001,20251021.0,Completed,20,False,False
2533,160,7,1,20260101,20260111.0,Completed,10,False,False
2534,160,7,1,20260401,20260520.0,Completed,49,False,False
2535,160,7,1,20260701,20260720.0,Completed,19,False,False
2536,161,1,1,20240701,20240717.0,Completed,16,False,True
2537,161,1,1,20241001,20241113.0,Completed,43,False,True
2538,161,1,1,20250101,20250201.0,Completed,31,False,True
2539,161,1,1,20250401,20250602.0,Completed,62,False,False
2540,161,1,1,20250701,20250718.0,Completed,17,False,False
2541,161,1,1,20251001,20251108.0,Completed,38,False,False
2542,161,1,1,20260101,20260107.0,Completed,6,False,False
2543,161,1,1,20260401,20260429.0,Completed,28,False,False
2544,161,1,1,20260701,20260710.0,Completed,9,False,False
2545,161,5,1,20240701,20240823.0,Completed,53,False,True
2546,161,5,1,20241001,20241009.0,Completed,8,False,True
2547,161,5,1,20250101,20250205.0,Completed,35,False,True
2548,161,5,1,20250401,20250406.0,Completed,5,False,False
2549,161,5,1,20250701,20250710.0,Completed,9,False,False
2550,161,5,1,20251001,20251017.0,Completed,16,False,False
2551,161,5,1,20260101,20260103.0,Completed,2,False,False
2552,161,5,1,20260401,20260527.0,Completed,56,False,False
2553,161,5,1,20260701,20260720.0,Completed,19,False,False
2554,162,6,1,20240701,20240708.0,Completed,7,False,False
2555,162,6,1,20241001,20241005.0,Completed,4,False,False
2556,162,6,1,20250101,20250120.0,Completed,19,False,False
2557,162,6,1,20250401,20250406.0,Completed,5,False,False
2558,162,6,1,20250701,20250723.0,Completed,22,False,False
2559,162,6,1,20251001,20251005.0,Completed,4,False,False
2560,162,6,1,20260101,20260121.0,Completed,20,False,False
2561,162,6,1,20260401,20260424.0,Completed,23,False,False
2562,162,6,1,20260701,20260707.0,Completed,6,False,False
2563,162,10,1,20240701,20240709.0,Completed,8,False,False
2564,162,10,1,20241001,20241004.0,Completed,3,False,False
2565,162,10,1,20250101,20250128.0,Completed,27,False,False
2566,162,10,1,20250401,20250425.0,Completed,24,False,False
2567,162,10,1,20250701,20250709.0,Completed,8,False,False
2568,162,10,1,20251001,20251111.0,Completed,41,False,False
2569,162,10,1,20260101,20260123.0,Completed,22,False,False
2570,162,10,1,20260401,20260408.0,Completed,7,False,False
2571,162,10,1,20260701,20260716.0,Completed,15,False,False
2572,163,6,1,20240701,20240710.0,Completed,9,False,False
2573,163,6,1,20241001,20241020.0,Completed,19,False,False
2574,163,6,1,20250101,20250116.0,Completed,15,False,False
2575,163,6,1,20250401,20250424.0,Completed,23,False,False
2576,163,6,1,20250701,20250806.0,Completed,36,False,False
2577,163,6,1,20251001,20251023.0,Completed,22,False,False
2578,163,6,1,20260101,20260106.0,Completed,5,False,False
2579,163,6,1,20260401,20260415.0,Completed,14,False,False
2580,163,6,1,20260701,20260720.0,Completed,19,False,False
2581,163,10,1,20240701,20240721.0,Completed,20,False,False
2582,163,10,1,20241001,20241008.0,Completed,7,False,False
2583,163,10,1,20250101,20250113.0,Completed,12,False,False
2584,163,10,1,20250401,20250422.0,Completed,21,False,False
2585,163,10,1,20250701,20250706.0,Completed,5,False,False
2586,163,10,1,20251001,20251011.0,Completed,10,False,False
2587,163,10,1,20260101,20260125.0,Completed,24,False,False
2588,163,10,1,20260401,20260505.0,Completed,34,False,False
2589,163,10,1,20260701,20260713.0,Completed,12,False,False
2590,164,8,1,20240701,20240703.0,Completed,2,False,False
2591,164,8,1,20241001,20241011.0,Completed,10,False,False
2592,164,8,1,20250101,20250123.0,Completed,22,False,False
2593,164,8,1,20250401,20250407.0,Completed,6,False,False
2594,164,8,1,20250701,20250718.0,Completed,17,False,False
2595,164,8,1,20251001,20251013.0,Completed,12,False,False
2596,164,8,1,20260101,20260126.0,Completed,25,False,False
2597,164,8,1,20260401,20260509.0,Completed,38,False,False
2598,164,8,1,20260701,20260713.0,Completed,12,False,False
2599,165,9,1,20240701,20240728.0,Completed,27,False,False
2600,165,9,1,20241001,20241004.0,Completed,3,False,False
2601,165,9,1,20250101,20250321.0,Completed,79,False,False
2602,165,9,1,20250401,20250408.0,Completed,7,False,False
2603,165,9,1,20250701,20250811.0,Completed,41,False,False
2604,165,9,1,20251001,20251104.0,Completed,34,False,False
2605,165,9,1,20260101,20260201.0,Completed,31,False,False
2606,165,9,1,20260401,20260416.0,Completed,15,False,False
2607,165,1,1,20240701,20240906.0,Completed,67,False,False
2608,165,1,1,20241001,20241017.0,Completed,16,False,False
2609,165,1,1,20250101,20250106.0,Completed,5,False,False
2610,165,1,1,20250401,20250519.0,Completed,48,False,False
2611,165,1,1,20250701,20250723.0,Completed,22,False,False
2612,165,1,1,20251001,20251207.0,Completed,67,False,False
2613,165,1,1,20260101,20260401.0,Completed,90,False,False
2614,165,1,1,20260401,20260504.0,Completed,33,False,False
2615,165,1,1,20260701,20260709.0,Completed,8,True,False
2616,166,4,1,20240701,20240715.0,Completed,14,False,False
2617,166,4,1,20241001,20241010.0,Completed,9,False,False
2618,166,4,1,20250101,20250129.0,Completed,28,False,False
2619,166,4,1,20250401,20250410.0,Completed,9,False,False
2620,166,4,1,20250701,20250723.0,Completed,22,False,False
2621,166,4,1,20251001,20251003.0,Completed,2,False,False
2622,166,4,1,20260101,20260119.0,Completed,18,False,False
2623,166,4,1,20260401,20260414.0,Completed,13,False,False
2624,166,4,1,20260701,20260816.0,Completed,46,False,False
2625,166,2,1,20240701,20240814.0,Completed,44,False,False
2626,166,2,1,20241001,20241114.0,Completed,44,False,False
2627,166,2,1,20250101,20250119.0,Completed,18,False,False
2628,166,2,1,20250401,20250417.0,Completed,16,False,False
2629,166,2,1,20250701,20250717.0,Completed,16,False,False
2630,166,2,1,20251001,20251212.0,Completed,72,False,False
2631,166,2,1,20260101,20260223.0,Completed,53,False,False
2632,166,2,1,20260401,20260430.0,Completed,29,False,False
2633,166,2,1,20260701,,Overdue,80,False,False
2634,166,3,1,20240701,20240712.0,Completed,11,False,False
2635,166,3,1,20241001,20241123.0,Completed,53,False,False
2636,166,3,1,20250101,20250118.0,Completed,17,False,False
2637,166,3,1,20250401,20250416.0,Completed,15,False,False
2638,166,3,1,20250701,20250726.0,Completed,25,False,False
2639,166,3,1,20251001,20251018.0,Completed,17,False,False
2640,166,3,1,20260101,20260204.0,Completed,34,False,False
2641,166,3,1,20260401,20260501.0,Completed,30,False,False
2642,166,3,1,20260701,20260807.0,Completed,37,False,False
2643,167,7,1,20240701,20240719.0,Completed,18,False,False
2644,167,7,1,20241001,20241030.0,Completed,29,False,False
2645,167,7,1,20250101,20250107.0,Completed,6,False,False
2646,167,7,1,20250401,20250410.0,Completed,9,False,False
2647,167,7,1,20250701,20250713.0,Completed,12,False,False
2648,167,7,1,20251001,20251006.0,Completed,5,False,False
2649,167,7,1,20260101,20260225.0,Completed,55,False,False
2650,167,7,1,20260401,20260407.0,Completed,6,False,False
2651,167,7,1,20260701,20260704.0,Completed,3,False,False
2652,168,7,1,20240701,20240705.0,Completed,4,False,False
2653,168,7,1,20241001,20241013.0,Completed,12,False,False
2654,168,7,1,20250101,20250122.0,Completed,21,False,False
2655,168,7,1,20250401,20250415.0,Completed,14,False,False
2656,168,7,1,20250701,20250705.0,Completed,4,False,False
2657,168,7,1,20251001,20251022.0,Completed,21,False,False
2658,168,7,1,20260101,20260103.0,Completed,2,False,False
2659,168,7,1,20260401,20260405.0,Completed,4,False,False
2660,168,7,1,20260701,20260709.0,Completed,8,False,False
2661,169,8,1,20240701,20240729.0,Completed,28,False,False
2662,169,8,1,20241001,20241015.0,Completed,14,False,False
2663,169,8,1,20250101,20250116.0,Completed,15,False,False
2664,169,8,1,20250401,20250405.0,Completed,4,False,False
2665,169,8,1,20250701,20250710.0,Completed,9,False,False
2666,169,8,1,20251001,20251026.0,Completed,25,False,False
2667,169,8,1,20260101,20260118.0,Completed,17,False,False
2668,169,8,1,20260401,20260423.0,Completed,22,False,False
2669,169,8,1,20260701,20260714.0,Completed,13,False,False
2670,170,7,1,20240701,20240726.0,Completed,25,False,False
2671,170,7,1,20241001,20241005.0,Completed,4,False,False
2672,170,7,1,20250101,20250112.0,Completed,11,False,False
2673,170,7,1,20250401,20250420.0,Completed,19,False,False
2674,170,7,1,20250701,20250704.0,Completed,3,False,False
2675,170,7,1,20251001,20251002.0,Completed,1,False,False
2676,170,7,1,20260101,20260213.0,Completed,43,False,False
2677,170,7,1,20260401,20260415.0,Completed,14,False,False
2678,170,7,1,20260701,20260703.0,Completed,2,False,False
2679,171,8,1,20240701,20240715.0,Completed,14,False,False
2680,171,8,1,20241001,20241005.0,Completed,4,False,False
2681,171,8,1,20250101,20250107.0,Completed,6,False,False
2682,171,8,1,20250401,20250430.0,Completed,29,False,False
2683,171,8,1,20250701,20250709.0,Completed,8,False,False
2684,171,8,1,20251001,20251009.0,Completed,8,False,False
2685,171,8,1,20260101,20260105.0,Completed,4,False,False
2686,171,8,1,20260401,20260411.0,Completed,10,False,False
2687,171,8,1,20260701,20260716.0,Completed,15,False,False
2688,171,1,1,20240701,20240718.0,Completed,17,False,False
2689,171,1,1,20241001,20250110.0,Completed,101,False,False
2690,171,1,1,20250101,20250111.0,Completed,10,False,False
2691,171,1,1,20250401,20250411.0,Completed,10,False,False
2692,171,1,1,20250701,20250720.0,Completed,19,False,False
2693,171,1,1,20251001,20260102.0,Completed,93,False,False
2694,171,1,1,20260101,20260214.0,Completed,44,False,False
2695,171,1,1,20260401,20260417.0,Completed,16,False,False
2696,171,1,1,20260701,20260717.0,Completed,16,False,False
2697,172,8,1,20240701,20240706.0,Completed,5,False,False
2698,172,8,1,20241001,20241010.0,Completed,9,False,False
2699,172,8,1,20250101,20250112.0,Completed,11,False,False
2700,172,8,1,20250401,20250422.0,Completed,21,False,False
2701,172,8,1,20250701,20250719.0,Completed,18,False,False
2702,172,8,1,20251001,20251010.0,Completed,9,False,False
2703,172,8,1,20260101,20260205.0,Completed,35,False,False
2704,172,8,1,20260401,20260408.0,Completed,7,False,False
2705,172,8,1,20260701,20260704.0,Completed,3,False,False
2706,173,1,1,20240701,20240801.0,Completed,31,False,False
2707,173,1,1,20241001,20241124.0,Completed,54,False,False
2708,173,1,1,20250101,20250126.0,Completed,25,False,False
2709,173,1,1,20250401,20250409.0,Completed,8,False,False
2710,173,1,1,20250701,20250730.0,Completed,29,False,False
2711,173,7,1,20240701,20240717.0,Completed,16,False,False
2712,173,7,1,20241001,20241018.0,Completed,17,False,False
2713,173,7,1,20250101,20250116.0,Completed,15,False,False
2714,173,7,1,20250401,20250501.0,Completed,30,False,False
2715,174,9,1,20240701,20240706.0,Completed,5,False,False
2716,174,9,1,20241001,20241002.0,Completed,1,False,False
2717,174,9,1,20250101,20250103.0,Completed,2,False,False
2718,174,9,1,20250401,20250405.0,Completed,4,False,False
2719,174,9,1,20250701,20250725.0,Completed,24,False,False
2720,174,9,1,20251001,20251011.0,Completed,10,False,False
2721,174,9,1,20260101,20260207.0,Completed,37,False,False
2722,174,9,1,20260401,20260405.0,Completed,4,False,False
2723,174,9,1,20260701,20260807.0,Completed,37,False,False
2724,174,1,1,20240701,20240713.0,Completed,12,False,False
2725,174,1,1,20241001,20241023.0,Completed,22,False,False
2726,174,1,1,20250101,20250106.0,Completed,5,False,False
2727,174,1,1,20250401,20250607.0,Completed,67,False,False
2728,174,1,1,20250701,20250726.0,Completed,25,False,False
2729,174,1,1,20251001,20260113.0,Completed,104,False,False
2730,174,1,1,20260101,20260226.0,Completed,56,False,False
2731,174,1,1,20260401,20260423.0,Completed,22,False,False
2732,174,1,1,20260701,20260715.0,Completed,14,False,False
2733,175,8,1,20240701,20240726.0,Completed,25,False,False
2734,175,8,1,20241001,20241014.0,Completed,13,False,False
2735,175,8,1,20250101,20250108.0,Completed,7,False,False
2736,175,8,1,20250401,20250415.0,Completed,14,False,False
2737,175,8,1,20250701,20250702.0,Completed,1,False,False
2738,175,8,1,20251001,20251019.0,Completed,18,False,False
2739,175,8,1,20260101,20260121.0,Completed,20,False,False
2740,175,8,1,20260401,20260405.0,Completed,4,False,False
2741,175,8,1,20260701,20260731.0,Completed,30,False,False
2742,176,7,1,20240701,20240727.0,Completed,26,False,False
2743,176,7,1,20241001,20241017.0,Completed,16,False,False
2744,176,7,1,20250101,20250107.0,Completed,6,False,False
2745,176,7,1,20250401,20250422.0,Completed,21,False,False
2746,176,7,1,20250701,20250711.0,Completed,10,False,False
2747,176,7,1,20251001,20251016.0,Completed,15,False,False
2748,176,7,1,20260101,20260123.0,Completed,22,False,False
2749,176,7,1,20260401,20260404.0,Completed,3,False,False
2750,176,7,1,20260701,20260703.0,Completed,2,False,False
2751,177,2,1,20240701,20240718.0,Completed,17,False,False
2752,177,2,1,20241001,20250101.0,Completed,92,False,False
2753,177,2,1,20250101,20250418.0,Completed,107,False,False
2754,177,2,1,20250401,20250506.0,Completed,35,False,False
2755,177,2,1,20250701,20250823.0,Completed,53,False,False
2756,177,2,1,20251001,20251026.0,Completed,25,False,False
2757,177,2,1,20260101,20260129.0,Completed,28,False,False
2758,177,2,1,20260401,20260423.0,Completed,22,False,False
2759,177,2,1,20260701,20260828.0,Completed,58,False,False
2760,177,3,1,20240701,20240914.0,Completed,75,False,False
2761,177,3,1,20241001,20241029.0,Completed,28,False,False
2762,177,3,1,20250101,20250129.0,Completed,28,False,False
2763,177,3,1,20250401,20250424.0,Completed,23,False,False
2764,177,3,1,20250701,20250915.0,Completed,76,False,False
2765,177,3,1,20251001,20251118.0,Completed,48,False,False
2766,177,3,1,20260101,20260112.0,Completed,11,False,False
2767,177,3,1,20260401,20260630.0,Completed,90,False,False
2768,177,3,1,20260701,20260703.0,Completed,2,False,False
2769,177,8,1,20240701,20240806.0,Completed,36,False,False
2770,177,8,1,20241001,20241028.0,Completed,27,False,False
2771,177,8,1,20250101,20250115.0,Completed,14,False,False
2772,177,8,1,20250401,20250415.0,Completed,14,False,False
2773,177,8,1,20250701,20250713.0,Completed,12,False,False
2774,177,8,1,20251001,20251007.0,Completed,6,False,False
2775,177,8,1,20260101,20260213.0,Completed,43,False,False
2776,177,8,1,20260401,20260414.0,Completed,13,False,False
2777,177,8,1,20260701,20260707.0,Completed,6,False,False
2778,178,8,1,20240701,20240811.0,Completed,41,False,False
2779,178,8,1,20241001,20241020.0,Completed,19,False,False
2780,178,8,1,20250101,20250121.0,Completed,20,False,False
2781,178,8,1,20250401,20250518.0,Completed,47,False,False
2782,178,8,1,20250701,20250723.0,Completed,22,False,False
2783,178,8,1,20251001,20251009.0,Completed,8,False,False
2784,178,8,1,20260101,20260123.0,Completed,22,False,False
2785,178,8,1,20260401,20260407.0,Completed,6,False,False
2786,178,8,1,20260701,20260710.0,Completed,9,False,False
2787,179,8,1,20240701,20240718.0,Completed,17,False,False
2788,179,8,1,20241001,20241027.0,Completed,26,False,False
2789,179,8,1,20250101,20250109.0,Completed,8,False,False
2790,179,8,1,20250401,20250413.0,Completed,12,False,False
2791,179,8,1,20250701,20250713.0,Completed,12,False,False
2792,179,8,1,20251001,20251030.0,Completed,29,False,False
2793,179,8,1,20260101,20260115.0,Completed,14,False,False
2794,179,8,1,20260401,20260516.0,Completed,45,False,False
2795,179,8,1,20260701,20260710.0,Completed,9,False,False
2796,180,1,1,20240701,20240718.0,Completed,17,False,False
2797,180,1,1,20241001,20241210.0,Completed,70,False,False
2798,180,1,1,20250101,20250211.0,Completed,41,False,False
2799,180,1,1,20250401,20250609.0,Completed,69,False,False
2800,180,1,1,20250701,20250709.0,Completed,8,False,False
2801,180,1,1,20251001,20251028.0,Completed,27,False,False
2802,180,1,1,20260101,20260204.0,Completed,34,False,False
2803,180,1,1,20260401,20260503.0,Completed,32,False,False
2804,180,1,1,20260701,20260725.0,Completed,24,False,False
2805,180,8,1,20240701,20240717.0,Completed,16,False,False
2806,180,8,1,20241001,20241017.0,Completed,16,False,False
2807,180,8,1,20250101,20250109.0,Completed,8,False,False
2808,180,8,1,20250401,20250430.0,Completed,29,False,False
2809,180,8,1,20250701,20250811.0,Completed,41,False,False
2810,180,8,1,20251001,20251024.0,Completed,23,False,False
2811,180,8,1,20260101,20260119.0,Completed,18,False,False
2812,180,8,1,20260401,20260414.0,Completed,13,False,False
2813,180,8,1,20260701,20260718.0,Completed,17,False,False
2814,181,7,1,20240701,20240719.0,Completed,18,False,False
2815,181,7,1,20241001,20241007.0,Completed,6,False,False
2816,181,7,1,20250101,20250129.0,Completed,28,False,False
2817,181,7,1,20250401,20250411.0,Completed,10,False,False
2818,181,8,1,20240701,20240806.0,Completed,36,False,False
2819,181,8,1,20241001,20241016.0,Completed,15,False,False
2820,181,8,1,20250101,20250129.0,Completed,28,False,False
2821,181,8,1,20250401,20250424.0,Completed,23,False,False
2822,182,8,1,20240701,20240705.0,Completed,4,False,False
2823,182,8,1,20241001,20241104.0,Completed,34,False,False
2824,182,8,1,20250101,20250108.0,Completed,7,False,False
2825,182,8,1,20250401,20250410.0,Completed,9,False,False
2826,182,8,1,20250701,20250711.0,Completed,10,False,False
2827,182,8,1,20251001,20251004.0,Completed,3,False,False
2828,182,8,1,20260101,20260117.0,Completed,16,False,False
2829,182,8,1,20260401,20260430.0,Completed,29,False,False
2830,182,8,1,20260701,20260806.0,Completed,36,False,False
2831,182,4,1,20240701,20240713.0,Completed,12,False,False
2832,182,4,1,20241001,20241015.0,Completed,14,False,False
2833,182,4,1,20250101,20250125.0,Completed,24,False,False
2834,182,4,1,20250401,20250413.0,Completed,12,False,False
2835,182,4,1,20250701,20250801.0,Completed,31,False,False
2836,182,4,1,20251001,20251014.0,Completed,13,False,False
2837,182,4,1,20260101,20260107.0,Completed,6,False,False
2838,182,4,1,20260401,20260417.0,Completed,16,False,False
2839,182,4,1,20260701,20260704.0,Completed,3,False,False
2840,183,7,1,20240701,20240717.0,Completed,16,False,False
2841,183,7,1,20241001,20241019.0,Completed,18,False,False
2842,183,7,1,20250101,20250108.0,Completed,7,False,False
2843,183,7,1,20250401,20250419.0,Completed,18,False,False
2844,183,7,1,20250701,20250712.0,Completed,11,False,False
2845,183,7,1,20251001,20251008.0,Completed,7,False,False
2846,183,7,1,20260101,20260104.0,Completed,3,False,False
2847,183,7,1,20260401,20260405.0,Completed,4,False,False
2848,183,7,1,20260701,20260809.0,Completed,39,False,False
2849,184,8,1,20240701,20240712.0,Completed,11,False,False
2850,184,8,1,20241001,20241019.0,Completed,18,False,False
2851,184,8,1,20250101,20250113.0,Completed,12,False,False
2852,184,8,1,20250401,20250511.0,Completed,40,False,False
2853,184,8,1,20250701,20250708.0,Completed,7,False,False
2854,184,8,1,20251001,20251015.0,Completed,14,False,False
2855,184,8,1,20260101,20260110.0,Completed,9,False,False
2856,184,8,1,20260401,20260429.0,Completed,28,False,False
2857,184,8,1,20260701,20260719.0,Completed,18,False,False
2858,185,2,1,20240701,20240729.0,Completed,28,False,False
2859,185,2,1,20241001,20241010.0,Completed,9,False,False
2860,186,9,1,20240701,20240822.0,Completed,52,False,False
2861,186,9,1,20241001,20241013.0,Completed,12,False,False
2862,186,9,1,20250101,20250107.0,Completed,6,False,False
2863,186,9,1,20250401,20250404.0,Completed,3,False,False
2864,186,9,1,20250701,20250705.0,Completed,4,False,False
2865,186,9,1,20251001,20251015.0,Completed,14,False,False
2866,186,9,1,20260101,20260129.0,Completed,28,False,False
2867,186,9,1,20260401,20260418.0,Completed,17,False,False
2868,186,9,1,20260701,20260704.0,Completed,3,False,False
2869,186,4,1,20240701,20240715.0,Completed,14,False,False
2870,186,4,1,20241001,20241104.0,Completed,34,False,False
2871,186,4,1,20250101,20250111.0,Completed,10,False,False
2872,186,4,1,20250401,20250418.0,Completed,17,False,False
2873,186,4,1,20250701,20250712.0,Completed,11,False,False
2874,186,4,1,20251001,20251021.0,Completed,20,False,False
2875,186,4,1,20260101,20260108.0,Completed,7,False,False
2876,186,4,1,20260401,20260402.0,Completed,1,False,False
2877,186,4,1,20260701,20260706.0,Completed,5,False,False
2878,186,2,1,20240701,20240720.0,Completed,19,False,False
2879,186,2,1,20241001,20241027.0,Completed,26,False,False
2880,186,2,1,20250101,20250120.0,Completed,19,False,False
2881,186,2,1,20250401,20250420.0,Completed,19,False,False
2882,186,2,1,20250701,20250827.0,Completed,57,False,False
2883,186,2,1,20251001,20251012.0,Completed,11,False,False
2884,186,2,1,20260101,20260129.0,Completed,28,False,False
2885,186,2,1,20260401,20260408.0,Completed,7,False,False
2886,186,2,1,20260701,20260816.0,Completed,46,False,False
2887,187,1,1,20240701,20240803.0,Completed,33,False,False
2888,187,1,1,20241001,20250111.0,Completed,102,False,False
2889,187,1,1,20250101,20250111.0,Completed,10,False,False
2890,187,1,1,20250401,20250622.0,Completed,82,False,False
2891,187,1,1,20250701,20250713.0,Completed,12,False,False
2892,187,1,1,20251001,20251022.0,Completed,21,False,False
2893,187,1,1,20260101,20260109.0,Completed,8,False,False
2894,187,1,1,20260401,20260711.0,Completed,101,False,False
2895,187,1,1,20260701,20260807.0,Completed,37,False,False
2896,188,6,1,20240701,20240720.0,Completed,19,False,False
2897,188,6,1,20241001,20241007.0,Completed,6,False,False
2898,188,6,1,20250101,20250102.0,Completed,1,False,False
2899,188,10,1,20240701,20240711.0,Completed,10,False,False
2900,188,10,1,20241001,20241009.0,Completed,8,False,False
2901,188,10,1,20250101,20250103.0,Completed,2,False,False
2902,189,1,1,20240701,20240722.0,Completed,21,False,False
2903,189,1,1,20241001,20241029.0,Completed,28,False,False
2904,189,1,1,20250101,20250209.0,Completed,39,False,False
2905,189,1,1,20250401,20250403.0,Completed,2,False,False
2906,189,1,1,20250701,20250709.0,Completed,8,False,False
2907,189,1,1,20251001,20251014.0,Completed,13,False,False
2908,189,1,1,20260101,20260228.0,Completed,58,False,False
2909,189,1,1,20260401,20260528.0,Completed,57,False,False
2910,189,1,1,20260701,20260806.0,Completed,36,False,False
2911,190,4,1,20240701,20240711.0,Completed,10,False,False
2912,190,4,1,20241001,20241031.0,Completed,30,False,False
2913,190,4,1,20250101,20250117.0,Completed,16,False,False
2914,190,4,1,20250401,20250430.0,Completed,29,False,False
2915,190,4,1,20250701,20250719.0,Completed,18,False,False
2916,190,4,1,20251001,20251003.0,Completed,2,False,False
2917,190,4,1,20260101,20260102.0,Completed,1,False,False
2918,190,4,1,20260401,20260410.0,Completed,9,False,False
2919,190,4,1,20260701,20260726.0,Completed,25,False,False
2920,190,2,1,20240701,20240718.0,Completed,17,False,False
2921,190,2,1,20241001,20241209.0,Completed,69,False,False
2922,190,2,1,20250101,20250217.0,Completed,47,False,False
2923,190,2,1,20250401,20250605.0,Completed,65,False,False
2924,190,2,1,20250701,20250720.0,Completed,19,False,False
2925,190,2,1,20251001,20251012.0,Completed,11,False,False
2926,190,2,1,20260101,20260111.0,Completed,10,False,False
2927,190,2,1,20260401,20260511.0,Completed,40,False,False
2928,190,2,1,20260701,20260706.0,Completed,5,False,False
2929,191,1,1,20240701,20240707.0,Completed,6,False,False
2930,191,1,1,20241001,20241017.0,Completed,16,False,False
2931,191,1,1,20250101,20250202.0,Completed,32,False,False
2932,191,1,1,20250401,20250414.0,Completed,13,False,False
2933,191,1,1,20250701,20250828.0,Completed,58,False,False
2934,191,1,1,20251001,20251205.0,Completed,65,False,False
2935,191,1,1,20260101,20260102.0,Completed,1,False,False
2936,191,1,1,20260401,20260508.0,Completed,37,False,False
2937,191,1,1,20260701,20260718.0,Completed,17,False,False
2938,191,5,1,20240701,20240812.0,Completed,42,False,False
2939,191,5,1,20241001,20241101.0,Completed,31,False,False
2940,191,5,1,20250101,20250126.0,Completed,25,False,False
2941,191,5,1,20250401,20250421.0,Completed,20,False,False
2942,191,5,1,20250701,20250706.0,Completed,5,False,False
2943,191,5,1,20251001,20251231.0,Completed,91,False,False
2944,191,5,1,20260101,20260108.0,Completed,7,False,False
2945,191,5,1,20260401,20260607.0,Completed,67,False,False
2946,191,5,1,20260701,20260806.0,Completed,36,False,False
2947,191,8,1,20240701,20240710.0,Completed,9,False,False
2948,191,8,1,20241001,20241009.0,Completed,8,False,False
2949,191,8,1,20250101,20250104.0,Completed,3,False,False
2950,191,8,1,20250401,20250415.0,Completed,14,False,False
2951,191,8,1,20250701,20250704.0,Completed,3,False,False
2952,191,8,1,20251001,20251031.0,Completed,30,False,False
2953,191,8,1,20260101,20260117.0,Completed,16,False,False
2954,191,8,1,20260401,20260414.0,Completed,13,False,False
2955,191,8,1,20260701,20260715.0,Completed,14,False,False
2956,192,8,1,20240701,20240718.0,Completed,17,False,False
2957,192,8,1,20241001,20241011.0,Completed,10,False,False
2958,192,8,1,20250101,20250112.0,Completed,11,False,False
2959,192,8,1,20250401,20250515.0,Completed,44,False,False
2960,192,8,1,20250701,20250729.0,Completed,28,False,False
2961,192,8,1,20251001,20251022.0,Completed,21,False,False
2962,192,8,1,20260101,20260110.0,Completed,9,False,False
2963,192,8,1,20260401,20260403.0,Completed,2,False,False
2964,192,8,1,20260701,20260721.0,Completed,20,False,False
2965,193,4,1,20240701,20240715.0,Completed,14,False,False
2966,193,4,1,20241001,20241012.0,Completed,11,False,False
2967,193,4,1,20250101,20250114.0,Completed,13,False,False
2968,193,4,1,20250401,20250405.0,Completed,4,False,False
2969,193,4,1,20250701,20250707.0,Completed,6,False,False
2970,193,4,1,20251001,20251029.0,Completed,28,False,False
2971,193,4,1,20260101,20260102.0,Completed,1,False,False
2972,193,4,1,20260401,20260426.0,Completed,25,False,False
2973,193,4,1,20260701,20260806.0,Completed,36,False,False
2974,193,2,1,20240701,20240808.0,Completed,38,False,False
2975,193,2,1,20241001,20241107.0,Completed,37,False,False
2976,193,2,1,20250101,20250113.0,Completed,12,False,False
2977,193,2,1,20250401,20250414.0,Completed,13,False,False
2978,193,2,1,20250701,20250720.0,Completed,19,False,False
2979,193,2,1,20251001,20251008.0,Completed,7,False,False
2980,193,2,1,20260101,20260113.0,Completed,12,False,False
2981,193,2,1,20260401,20260430.0,Completed,29,False,False
2982,193,2,1,20260701,20260719.0,Completed,18,False,False
2983,194,5,1,20240701,20240726.0,Completed,25,False,False
2984,194,5,1,20241001,20241115.0,Completed,45,False,False
2985,194,5,1,20250101,20250126.0,Completed,25,False,False
2986,194,5,1,20250401,20250501.0,Completed,30,False,False
2987,194,5,1,20250701,20250705.0,Completed,4,False,False
2988,194,5,1,20251001,20251115.0,Completed,45,False,False
2989,194,5,1,20260101,20260105.0,Completed,4,False,False
2990,194,5,1,20260401,20260415.0,Completed,14,False,False
2991,194,5,1,20260701,20260709.0,Completed,8,False,False
2992,195,8,1,20240701,20240703.0,Completed,2,False,False
2993,195,8,1,20241001,20241016.0,Completed,15,False,False
2994,195,8,1,20250101,20250121.0,Completed,20,False,False
2995,195,8,1,20250401,20250507.0,Completed,36,False,False
2996,195,8,1,20250701,20250717.0,Completed,16,False,False
2997,195,8,1,20251001,20251007.0,Completed,6,False,False
2998,195,8,1,20260101,20260110.0,Completed,9,False,False
2999,195,8,1,20260401,20260403.0,Completed,2,False,False
3000,195,8,1,20260701,20260711.0,Completed,10,False,False
3001,195,4,1,20240701,20240714.0,Completed,13,False,False
3002,195,4,1,20241001,20241020.0,Completed,19,False,False
3003,195,4,1,20250101,20250124.0,Completed,23,False,False
3004,195,4,1,20250401,20250420.0,Completed,19,False,False
3005,195,4,1,20250701,20250707.0,Completed,6,False,False
3006,195,4,1,20251001,20251005.0,Completed,4,False,False
3007,195,4,1,20260101,20260123.0,Completed,22,False,False
3008,195,4,1,20260401,20260403.0,Completed,2,False,False
3009,195,4,1,20260701,20260818.0,Completed,48,False,False
3010,195,3,1,20240701,20240714.0,Completed,13,False,False
3011,195,3,1,20241001,20241130.0,Completed,60,False,False
3012,195,3,1,20250101,20250117.0,Completed,16,False,False
3013,195,3,1,20250401,20250512.0,Completed,41,False,False
3014,195,3,1,20250701,20250710.0,Completed,9,False,False
3015,195,3,1,20251001,20251028.0,Completed,27,False,False
3016,195,3,1,20260101,20260105.0,Completed,4,False,False
3017,195,3,1,20260401,20260505.0,Completed,34,False,False
3018,195,3,1,20260701,20260709.0,Completed,8,False,False
3019,196,8,1,20240701,20240706.0,Completed,5,False,False
3020,196,8,1,20241001,20241010.0,Completed,9,False,False
3021,196,8,1,20250101,20250112.0,Completed,11,False,False
3022,196,8,1,20250401,20250420.0,Completed,19,False,False
3023,196,8,1,20250701,20250719.0,Completed,18,False,False
3024,196,8,1,20251001,20251016.0,Completed,15,True,False
3025,196,7,1,20240701,20240726.0,Completed,25,False,False
3026,196,7,1,20241001,20241019.0,Completed,18,False,False
3027,196,7,1,20250101,20250119.0,Completed,18,False,False
3028,196,7,1,20250401,20250406.0,Completed,5,False,False
3029,196,7,1,20250701,20250728.0,Completed,27,False,False
3030,196,7,1,20251001,20251025.0,Completed,24,True,False
3031,197,9,1,20240701,20240716.0,Completed,15,False,False
3032,197,9,1,20241001,20241025.0,Completed,24,False,False
3033,197,9,1,20250101,20250114.0,Completed,13,False,False
3034,197,9,1,20250401,20250508.0,Completed,37,False,False
3035,197,9,1,20250701,20250715.0,Completed,14,False,False
3036,197,9,1,20251001,20251013.0,Completed,12,False,False
3037,197,9,1,20260101,20260119.0,Completed,18,False,False
3038,197,9,1,20260401,20260514.0,Completed,43,False,False
3039,197,9,1,20260701,20260709.0,Completed,8,False,False
3040,197,1,1,20240701,20240804.0,Completed,34,False,False
3041,197,1,1,20241001,20241018.0,Completed,17,False,False
3042,197,1,1,20250101,20250126.0,Completed,25,False,False
3043,197,1,1,20250401,20250413.0,Completed,12,False,False
3044,197,1,1,20250701,20250806.0,Completed,36,False,False
3045,197,1,1,20251001,20251027.0,Completed,26,False,False
3046,197,1,1,20260101,20260217.0,Completed,47,False,False
3047,197,1,1,20260401,20260527.0,Completed,56,False,False
3048,197,1,1,20260701,20260901.0,Completed,62,False,False
3049,198,8,1,20240701,20240710.0,Completed,9,False,False
3050,198,8,1,20241001,20241019.0,Completed,18,False,False
3051,198,8,1,20250101,20250202.0,Completed,32,False,False
3052,198,8,1,20250401,20250407.0,Completed,6,False,False
3053,198,8,1,20250701,20250715.0,Completed,14,False,False
3054,198,8,1,20251001,20251007.0,Completed,6,False,False
3055,198,8,1,20260101,20260212.0,Completed,42,False,False
3056,198,8,1,20260401,20260503.0,Completed,32,False,False
3057,198,8,1,20260701,20260721.0,Completed,20,False,False
3058,198,9,1,20240701,20240721.0,Completed,20,False,False
3059,198,9,1,20241001,20241008.0,Completed,7,False,False
3060,198,9,1,20250101,20250205.0,Completed,35,False,False
3061,198,9,1,20250401,20250411.0,Completed,10,False,False
3062,198,9,1,20250701,20250709.0,Completed,8,False,False
3063,198,9,1,20251001,20251030.0,Completed,29,False,False
3064,198,9,1,20260101,20260111.0,Completed,10,False,False
3065,198,9,1,20260401,20260409.0,Completed,8,False,False
3066,198,9,1,20260701,20260725.0,Completed,24,False,False
3067,198,4,1,20240701,20240705.0,Completed,4,False,False
3068,198,4,1,20241001,20241021.0,Completed,20,False,False
3069,198,4,1,20250101,20250115.0,Completed,14,False,False
3070,198,4,1,20250401,20250424.0,Completed,23,False,False
3071,198,4,1,20250701,20250720.0,Completed,19,False,False
3072,198,4,1,20251001,20251201.0,Completed,61,False,False
3073,198,4,1,20260101,20260117.0,Completed,16,False,False
3074,198,4,1,20260401,20260411.0,Completed,10,False,False
3075,198,4,1,20260701,20260714.0,Completed,13,False,False
3076,199,9,1,20240701,20240719.0,Completed,18,False,False
3077,199,9,1,20241001,20241111.0,Completed,41,False,False
3078,199,9,1,20250101,20250122.0,Completed,21,False,False
3079,199,9,1,20250401,20250408.0,Completed,7,False,False
3080,199,9,1,20250701,20251028.0,Completed,119,False,False
3081,199,9,1,20251001,20251028.0,Completed,27,False,False
3082,199,9,1,20260101,20260107.0,Completed,6,False,False
3083,199,9,1,20260401,20260406.0,Completed,5,False,False
3084,199,9,1,20260701,20260705.0,Completed,4,False,False
3085,199,1,1,20240701,20240726.0,Completed,25,False,False
3086,199,1,1,20241001,20241027.0,Completed,26,False,False
3087,199,1,1,20250101,20250116.0,Completed,15,False,False
3088,199,1,1,20250401,20250408.0,Completed,7,False,False
3089,199,1,1,20250701,20250711.0,Completed,10,False,False
3090,199,1,1,20251001,20251113.0,Completed,43,False,False
3091,199,1,1,20260101,20260122.0,Completed,21,False,False
3092,199,1,1,20260401,20260412.0,Completed,11,False,False
3093,199,1,1,20260701,20260730.0,Completed,29,False,False
3094,200,1,1,20240701,20240803.0,Completed,33,False,True
3095,200,1,1,20241001,20241106.0,Completed,36,False,True
3096,200,1,1,20250101,20250129.0,Completed,28,False,True
3097,200,1,1,20250401,20250426.0,Completed,25,False,True
3098,200,1,1,20250701,20250831.0,Completed,61,False,False
3099,200,1,1,20251001,20251011.0,Completed,10,False,False
3100,200,1,1,20260101,20260123.0,Completed,22,False,False
3101,200,1,1,20260401,20260405.0,Completed,4,False,False
3102,200,1,1,20260701,20260721.0,Completed,20,False,False
3103,201,8,1,20240701,20240716.0,Completed,15,False,False
3104,201,8,1,20241001,20241025.0,Completed,24,False,False
3105,201,8,1,20250101,20250103.0,Completed,2,False,False
3106,201,8,1,20250401,20250416.0,Completed,15,False,False
3107,201,8,1,20250701,20250815.0,Completed,45,False,False
3108,201,8,1,20251001,20251020.0,Completed,19,False,False
3109,201,8,1,20260101,20260105.0,Completed,4,False,False
3110,201,8,1,20260401,20260411.0,Completed,10,False,False
3111,201,8,1,20260701,20260720.0,Completed,19,False,False
3112,202,6,1,20240701,20240709.0,Completed,8,False,False
3113,202,6,1,20241001,20241017.0,Completed,16,False,False
3114,202,6,1,20250101,20250117.0,Completed,16,False,False
3115,202,6,1,20250401,20250414.0,Completed,13,False,False
3116,202,6,1,20250701,20250705.0,Completed,4,False,False
3117,202,6,1,20251001,20251008.0,Completed,7,False,False
3118,202,6,1,20260101,20260218.0,Completed,48,False,False
3119,202,6,1,20260401,20260410.0,Completed,9,False,False
3120,202,6,1,20260701,20260711.0,Completed,10,False,False
3121,202,10,1,20240701,20240711.0,Completed,10,False,False
3122,202,10,1,20241001,20241025.0,Completed,24,False,False
3123,202,10,1,20250101,20250112.0,Completed,11,False,False
3124,202,10,1,20250401,20250414.0,Completed,13,False,False
3125,202,10,1,20250701,20250716.0,Completed,15,False,False
3126,202,10,1,20251001,20251027.0,Completed,26,False,False
3127,202,10,1,20260101,20260114.0,Completed,13,False,False
3128,202,10,1,20260401,20260415.0,Completed,14,False,False
3129,202,10,1,20260701,20260709.0,Completed,8,False,False
3130,203,3,1,20240701,20240803.0,Completed,33,False,False
3131,203,3,1,20241001,20241110.0,Completed,40,False,False
3132,203,3,1,20250101,20250212.0,Completed,42,False,False
3133,203,3,1,20250401,20250626.0,Completed,86,False,False
3134,203,3,1,20250701,20250714.0,Completed,13,False,False
3135,203,3,1,20251001,20251028.0,Completed,27,False,False
3136,203,3,1,20260101,20260123.0,Completed,22,False,False
3137,203,3,1,20260401,20260616.0,Completed,76,False,False
3138,203,3,1,20260701,20260814.0,Completed,44,False,False
3139,203,9,1,20240701,20240704.0,Completed,3,False,False
3140,203,9,1,20241001,20241009.0,Completed,8,False,False
3141,203,9,1,20250101,20250111.0,Completed,10,False,False
3142,203,9,1,20250401,20250404.0,Completed,3,False,False
3143,203,9,1,20250701,20250715.0,Completed,14,False,False
3144,203,9,1,20251001,20251009.0,Completed,8,False,False
3145,203,9,1,20260101,20260214.0,Completed,44,False,False
3146,203,9,1,20260401,20260417.0,Completed,16,False,False
3147,203,9,1,20260701,20260711.0,Completed,10,False,False
3148,204,8,1,20240701,20240707.0,Completed,6,False,False
3149,204,8,1,20241001,20241013.0,Completed,12,False,False
3150,204,8,1,20250101,20250206.0,Completed,36,False,False
3151,204,8,1,20250401,20250412.0,Completed,11,False,False
3152,204,8,1,20250701,20250714.0,Completed,13,False,False
3153,204,8,1,20251001,20251029.0,Completed,28,False,False
3154,204,8,1,20260101,20260117.0,Completed,16,False,False
3155,204,8,1,20260401,20260424.0,Completed,23,False,False
3156,204,8,1,20260701,20260718.0,Completed,17,False,False
3157,204,3,1,20240701,20240803.0,Completed,33,False,False
3158,204,3,1,20241001,20241006.0,Completed,5,False,False
3159,204,3,1,20250101,20250111.0,Completed,10,False,False
3160,204,3,1,20250401,20250501.0,Completed,30,False,False
3161,204,3,1,20250701,20250713.0,Completed,12,False,False
3162,204,3,1,20251001,20251026.0,Completed,25,False,False
3163,204,3,1,20260101,20260110.0,Completed,9,False,False
3164,204,3,1,20260401,20260527.0,Completed,56,False,False
3165,204,3,1,20260701,20260714.0,Completed,13,False,False
3166,205,5,1,20240701,20240713.0,Completed,12,False,True
3167,205,5,1,20241001,20241020.0,Completed,19,False,True
3168,205,5,1,20250101,20250112.0,Completed,11,False,True
3169,205,5,1,20250401,20250419.0,Completed,18,False,False
3170,205,5,1,20250701,20250714.0,Completed,13,False,False
3171,205,5,1,20251001,20251011.0,Completed,10,False,False
3172,205,5,1,20260101,20260202.0,Completed,32,False,False
3173,205,5,1,20260401,20260424.0,Completed,23,False,False
3174,205,5,1,20260701,20260823.0,Completed,53,False,False
3175,206,8,1,20240701,20240722.0,Completed,21,False,False
3176,206,8,1,20241001,20241010.0,Completed,9,False,False
3177,206,8,1,20250101,20250103.0,Completed,2,False,False
3178,206,8,1,20250401,20250420.0,Completed,19,False,False
3179,206,8,1,20250701,20250709.0,Completed,8,False,False
3180,206,8,1,20251001,20251011.0,Completed,10,False,False
3181,206,8,1,20260101,20260105.0,Completed,4,False,False
3182,206,8,1,20260401,20260502.0,Completed,31,False,False
3183,206,8,1,20260701,20260711.0,Completed,10,False,False
3184,206,7,1,20240701,20240714.0,Completed,13,False,False
3185,206,7,1,20241001,20241009.0,Completed,8,False,False
3186,206,7,1,20250101,20250117.0,Completed,16,False,False
3187,206,7,1,20250401,20250417.0,Completed,16,False,False
3188,206,7,1,20250701,20250722.0,Completed,21,False,False
3189,206,7,1,20251001,20251201.0,Completed,61,False,False
3190,206,7,1,20260101,20260118.0,Completed,17,False,False
3191,206,7,1,20260401,20260416.0,Completed,15,False,False
3192,206,7,1,20260701,20260707.0,Completed,6,False,False
3193,207,8,1,20240701,20240706.0,Completed,5,False,False
3194,207,8,1,20241001,20241010.0,Completed,9,False,False
3195,207,8,1,20250101,20250104.0,Completed,3,False,False
3196,207,8,1,20250401,20250412.0,Completed,11,False,False
3197,207,8,1,20250701,20250801.0,Completed,31,False,False
3198,207,8,1,20251001,20251018.0,Completed,17,False,False
3199,207,8,1,20260101,20260120.0,Completed,19,False,False
3200,207,8,1,20260401,20260423.0,Completed,22,False,False
3201,207,8,1,20260701,20260711.0,Completed,10,False,False
3202,207,1,1,20240701,20240706.0,Completed,5,False,False
3203,207,1,1,20241001,20241008.0,Completed,7,False,False
3204,207,1,1,20250101,20250131.0,Completed,30,False,False
3205,207,1,1,20250401,20250414.0,Completed,13,False,False
3206,207,1,1,20250701,20250821.0,Completed,51,False,False
3207,207,1,1,20251001,20251011.0,Completed,10,False,False
3208,207,1,1,20260101,20260203.0,Completed,33,False,False
3209,207,1,1,20260401,20260531.0,Completed,60,False,False
3210,207,1,1,20260701,20260713.0,Completed,12,False,False
3211,208,8,1,20240701,20240708.0,Completed,7,False,False
3212,208,8,1,20241001,20241027.0,Completed,26,False,False
3213,208,8,1,20250101,20250116.0,Completed,15,False,False
3214,208,8,1,20250401,20250403.0,Completed,2,False,False
3215,208,8,1,20250701,20250716.0,Completed,15,False,False
3216,208,8,1,20251001,20251022.0,Completed,21,False,False
3217,208,8,1,20260101,20260128.0,Completed,27,False,False
3218,208,8,1,20260401,20260417.0,Completed,16,False,False
3219,208,8,1,20260701,20260720.0,Completed,19,False,False
3220,208,7,1,20240701,20240809.0,Completed,39,False,False
3221,208,7,1,20241001,20241026.0,Completed,25,False,False
3222,208,7,1,20250101,20250111.0,Completed,10,False,False
3223,208,7,1,20250401,20250412.0,Completed,11,False,False
3224,208,7,1,20250701,20250730.0,Completed,29,False,False
3225,208,7,1,20251001,20251017.0,Completed,16,False,False
3226,208,7,1,20260101,20260115.0,Completed,14,False,False
3227,208,7,1,20260401,20260411.0,Completed,10,False,False
3228,208,7,1,20260701,20260729.0,Completed,28,False,False
3229,209,1,1,20240701,20240714.0,Completed,13,False,False
3230,209,1,1,20241001,20241019.0,Completed,18,False,False
3231,209,1,1,20250101,20250227.0,Completed,57,True,False
3232,209,1,1,20250401,20250527.0,Completed,56,True,False
3233,209,8,1,20240701,20240825.0,Completed,55,False,False
3234,209,8,1,20241001,20241013.0,Completed,12,False,False
3235,209,5,1,20240701,20240717.0,Completed,16,False,False
3236,209,5,1,20241001,20241019.0,Completed,18,False,False
3237,209,5,1,20250101,20250105.0,Completed,4,True,False
3238,210,8,1,20240701,20240702.0,Completed,1,False,False
3239,210,8,1,20241001,20241017.0,Completed,16,False,False
3240,211,8,1,20240701,20240711.0,Completed,10,False,False
3241,211,8,1,20241001,20241008.0,Completed,7,False,False
3242,211,8,1,20250101,20250115.0,Completed,14,False,False
3243,211,8,1,20250401,20250417.0,Completed,16,False,False
3244,211,8,1,20250701,20250713.0,Completed,12,False,False
3245,211,8,1,20251001,20251013.0,Completed,12,False,False
3246,211,8,1,20260101,20260110.0,Completed,9,False,False
3247,211,8,1,20260401,20260423.0,Completed,22,False,False
3248,211,8,1,20260701,20260709.0,Completed,8,False,False
3249,211,5,1,20240701,20240710.0,Completed,9,False,False
3250,211,5,1,20241001,20241016.0,Completed,15,False,False
3251,211,5,1,20250101,20250126.0,Completed,25,False,False
3252,211,5,1,20250401,20250508.0,Completed,37,False,False
3253,211,5,1,20250701,20250910.0,Completed,71,False,False
3254,211,5,1,20251001,20251024.0,Completed,23,False,False
3255,211,5,1,20260101,20260301.0,Completed,59,False,False
3256,211,5,1,20260401,20260414.0,Completed,13,False,False
3257,211,5,1,20260701,20260712.0,Completed,11,False,False
3258,211,1,1,20240701,20240806.0,Completed,36,False,False
3259,211,1,1,20241001,20241110.0,Completed,40,False,False
3260,211,1,1,20250101,20250131.0,Completed,30,False,False
3261,211,1,1,20250401,20250809.0,Completed,130,False,False
3262,211,1,1,20250701,20250717.0,Completed,16,False,False
3263,211,1,1,20251001,20251204.0,Completed,64,False,False
3264,211,1,1,20260101,20260114.0,Completed,13,False,False
3265,211,1,1,20260401,20260513.0,Completed,42,False,False
3266,211,1,1,20260701,20260728.0,Completed,27,False,False
3267,212,9,1,20240701,20240717.0,Completed,16,False,False
3268,212,9,1,20241001,20241019.0,Completed,18,False,False
3269,212,9,1,20250101,20250115.0,Completed,14,False,False
3270,212,9,1,20250401,20250413.0,Completed,12,False,False
3271,212,9,1,20250701,20250703.0,Completed,2,False,False
3272,212,9,1,20251001,20251026.0,Completed,25,False,False
3273,212,9,1,20260101,20260105.0,Completed,4,False,False
3274,212,9,1,20260401,20260411.0,Completed,10,False,False
3275,212,9,1,20260701,20260718.0,Completed,17,False,False
3276,212,1,1,20240701,20240711.0,Completed,10,False,False
3277,212,1,1,20241001,20241025.0,Completed,24,False,False
3278,212,1,1,20250101,20250217.0,Completed,47,False,False
3279,212,1,1,20250401,20250420.0,Completed,19,False,False
3280,212,1,1,20250701,20250725.0,Completed,24,False,False
3281,212,1,1,20251001,20251013.0,Completed,12,False,False
3282,212,1,1,20260101,20260122.0,Completed,21,False,False
3283,212,1,1,20260401,20260409.0,Completed,8,False,False
3284,212,1,1,20260701,20260801.0,Completed,31,False,False
3285,213,6,1,20240701,20240704.0,Completed,3,False,False
3286,213,6,1,20241001,20241009.0,Completed,8,False,False
3287,213,6,1,20250101,20250115.0,Completed,14,False,False
3288,213,6,1,20250401,20250412.0,Completed,11,False,False
3289,213,6,1,20250701,20250718.0,Completed,17,False,False
3290,213,6,1,20251001,20251013.0,Completed,12,False,False
3291,213,6,1,20260101,20260103.0,Completed,2,False,False
3292,213,6,1,20260401,20260406.0,Completed,5,False,False
3293,213,6,1,20260701,20260714.0,Completed,13,False,False
3294,213,10,1,20240701,20240729.0,Completed,28,False,False
3295,213,10,1,20241001,20241025.0,Completed,24,False,False
3296,213,10,1,20250101,20250311.0,Completed,69,False,False
3297,213,10,1,20250401,20250410.0,Completed,9,False,False
3298,213,10,1,20250701,20250724.0,Completed,23,False,False
3299,213,10,1,20251001,20251023.0,Completed,22,False,False
3300,213,10,1,20260101,20260207.0,Completed,37,False,False
3301,213,10,1,20260401,20260502.0,Completed,31,False,False
3302,213,10,1,20260701,20260717.0,Completed,16,False,False
3303,214,8,1,20240701,20240721.0,Completed,20,False,False
3304,214,8,1,20241001,20241018.0,Completed,17,False,False
3305,214,8,1,20250101,20250114.0,Completed,13,False,False
3306,214,8,1,20250401,20250420.0,Completed,19,False,False
3307,214,8,1,20250701,20250716.0,Completed,15,False,False
3308,214,8,1,20251001,20251015.0,Completed,14,False,False
3309,214,8,1,20260101,20260209.0,Completed,39,False,False
3310,214,8,1,20260401,20260417.0,Completed,16,False,False
3311,214,8,1,20260701,20260715.0,Completed,14,False,False
3312,214,7,1,20240701,20240713.0,Completed,12,False,False
3313,214,7,1,20241001,20241012.0,Completed,11,False,False
3314,214,7,1,20250101,20250106.0,Completed,5,False,False
3315,214,7,1,20250401,20250414.0,Completed,13,False,False
3316,214,7,1,20250701,20250730.0,Completed,29,False,False
3317,214,7,1,20251001,20251009.0,Completed,8,False,False
3318,214,7,1,20260101,20260102.0,Completed,1,False,False
3319,214,7,1,20260401,20260420.0,Completed,19,False,False
3320,214,7,1,20260701,20260716.0,Completed,15,False,False
3321,215,2,1,20240701,20240915.0,Completed,76,False,False
3322,215,2,1,20241001,20241016.0,Completed,15,False,False
3323,215,2,1,20250101,20250109.0,Completed,8,False,False
3324,215,2,1,20250401,20250423.0,Completed,22,False,False
3325,215,2,1,20250701,20250720.0,Completed,19,False,False
3326,215,2,1,20251001,20251006.0,Completed,5,False,False
3327,215,2,1,20260101,20260129.0,Completed,28,False,False
3328,215,2,1,20260401,20260419.0,Completed,18,False,False
3329,215,2,1,20260701,20260906.0,Completed,67,False,False
3330,215,4,1,20240701,20240715.0,Completed,14,False,False
3331,215,4,1,20241001,20241008.0,Completed,7,False,False
3332,215,4,1,20250101,20250114.0,Completed,13,False,False
3333,215,4,1,20250401,20250416.0,Completed,15,False,False
3334,215,4,1,20250701,20250721.0,Completed,20,False,False
3335,215,4,1,20251001,20251014.0,Completed,13,False,False
3336,215,4,1,20260101,20260218.0,Completed,48,False,False
3337,215,4,1,20260401,20260405.0,Completed,4,False,False
3338,215,4,1,20260701,20260710.0,Completed,9,False,False
3339,215,9,1,20240701,20240708.0,Completed,7,False,False
3340,215,9,1,20241001,20241011.0,Completed,10,False,False
3341,215,9,1,20250101,20250118.0,Completed,17,False,False
3342,215,9,1,20250401,20250417.0,Completed,16,False,False
3343,215,9,1,20250701,20250721.0,Completed,20,False,False
3344,215,9,1,20251001,20251015.0,Completed,14,False,False
3345,215,9,1,20260101,20260116.0,Completed,15,False,False
3346,215,9,1,20260401,20260415.0,Completed,14,False,False
3347,215,9,1,20260701,20260710.0,Completed,9,False,False
3348,216,1,1,20240701,20240719.0,Completed,18,False,False
3349,216,1,1,20241001,20241014.0,Completed,13,False,False
3350,216,1,1,20250101,20250211.0,Completed,41,False,False
3351,216,1,1,20250401,20250404.0,Completed,3,False,False
3352,216,1,1,20250701,20250730.0,Completed,29,False,False
3353,216,1,1,20251001,20251116.0,Completed,46,False,False
3354,216,1,1,20260101,20260225.0,Completed,55,False,False
3355,216,1,1,20260401,20260403.0,Completed,2,False,False
3356,216,1,1,20260701,20260720.0,Completed,19,False,False
3357,217,3,1,20240701,20240715.0,Completed,14,False,False
3358,217,3,1,20241001,20241019.0,Completed,18,False,False
3359,217,3,1,20250101,20250305.0,Completed,63,False,False
3360,217,3,1,20250401,20250415.0,Completed,14,False,False
3361,217,3,1,20250701,20250816.0,Completed,46,False,False
3362,217,3,1,20251001,20251031.0,Completed,30,False,False
3363,217,3,1,20260101,20260118.0,Completed,17,False,False
3364,217,3,1,20260401,20260417.0,Completed,16,False,False
3365,217,3,1,20260701,20260802.0,Completed,32,False,False
3366,217,8,1,20240701,20240713.0,Completed,12,False,False
3367,217,8,1,20241001,20241003.0,Completed,2,False,False
3368,217,8,1,20250101,20250107.0,Completed,6,False,False
3369,217,8,1,20250401,20250417.0,Completed,16,False,False
3370,217,8,1,20250701,20250705.0,Completed,4,False,False
3371,217,8,1,20251001,20251026.0,Completed,25,False,False
3372,217,8,1,20260101,20260104.0,Completed,3,False,False
3373,217,8,1,20260401,20260412.0,Completed,11,False,False
3374,217,8,1,20260701,20260722.0,Completed,21,False,False
3375,217,4,1,20240701,20240706.0,Completed,5,False,False
3376,217,4,1,20241001,20241005.0,Completed,4,False,False
3377,217,4,1,20250101,20250119.0,Completed,18,False,False
3378,217,4,1,20250401,20250424.0,Completed,23,False,False
3379,217,4,1,20250701,20250712.0,Completed,11,False,False
3380,217,4,1,20251001,20251010.0,Completed,9,False,False
3381,217,4,1,20260101,20260104.0,Completed,3,False,False
3382,217,4,1,20260401,20260415.0,Completed,14,False,False
3383,217,4,1,20260701,20260703.0,Completed,2,False,False
3384,218,8,1,20240701,20240802.0,Completed,32,False,False
3385,218,8,1,20241001,20241013.0,Completed,12,False,False
3386,218,8,1,20250101,20250107.0,Completed,6,False,False
3387,218,8,1,20250401,20250409.0,Completed,8,False,False
3388,218,8,1,20250701,20250716.0,Completed,15,False,False
3389,218,8,1,20251001,20251010.0,Completed,9,False,False
3390,218,8,1,20260101,20260114.0,Completed,13,False,False
3391,218,8,1,20260401,20260406.0,Completed,5,False,False
3392,218,8,1,20260701,20260729.0,Completed,28,False,False
3393,218,7,1,20240701,20240709.0,Completed,8,False,False
3394,218,7,1,20241001,20241002.0,Completed,1,False,False
3395,218,7,1,20250101,20250111.0,Completed,10,False,False
3396,218,7,1,20250401,20250408.0,Completed,7,False,False
3397,218,7,1,20250701,20250727.0,Completed,26,False,False
3398,218,7,1,20251001,20251007.0,Completed,6,False,False
3399,218,7,1,20260101,20260110.0,Completed,9,False,False
3400,218,7,1,20260401,20260416.0,Completed,15,False,False
3401,218,7,1,20260701,20260721.0,Completed,20,False,False
3402,219,7,1,20240701,20240803.0,Completed,33,False,False
3403,219,7,1,20241001,20241007.0,Completed,6,False,False
3404,219,7,1,20250101,20250201.0,Completed,31,False,False
3405,219,7,1,20250401,20250427.0,Completed,26,False,False
3406,219,7,1,20250701,20250708.0,Completed,7,False,False
3407,219,7,1,20251001,20251007.0,Completed,6,False,False
3408,219,7,1,20260101,20260118.0,Completed,17,False,False
3409,219,7,1,20260401,20260414.0,Completed,13,False,False
3410,219,7,1,20260701,20260718.0,Completed,17,False,False
3411,220,4,1,20240701,20240711.0,Completed,10,False,False
3412,220,4,1,20241001,20241015.0,Completed,14,False,False
3413,220,4,1,20250101,20250113.0,Completed,12,False,False
3414,220,4,1,20250401,20250418.0,Completed,17,False,False
3415,220,4,1,20250701,20250707.0,Completed,6,False,False
3416,220,4,1,20251001,20251015.0,Completed,14,False,False
3417,220,4,1,20260101,20260203.0,Completed,33,False,False
3418,220,4,1,20260401,20260502.0,Completed,31,False,False
3419,220,4,1,20260701,20260717.0,Completed,16,False,False
3420,220,8,1,20240701,20240707.0,Completed,6,False,False
3421,220,8,1,20241001,20241113.0,Completed,43,False,False
3422,220,8,1,20250101,20250118.0,Completed,17,False,False
3423,220,8,1,20250401,20250511.0,Completed,40,False,False
3424,220,8,1,20250701,20250719.0,Completed,18,False,False
3425,220,8,1,20251001,20251002.0,Completed,1,False,False
3426,220,8,1,20260101,20260213.0,Completed,43,False,False
3427,220,8,1,20260401,20260424.0,Completed,23,False,False
3428,220,8,1,20260701,20260714.0,Completed,13,False,False
3429,221,7,1,20240701,20240703.0,Completed,2,False,False
3430,221,7,1,20241001,20241026.0,Completed,25,False,False
3431,221,7,1,20250101,20250118.0,Completed,17,False,False
3432,221,7,1,20250401,20250522.0,Completed,51,False,False
3433,221,7,1,20250701,20250808.0,Completed,38,False,False
3434,221,7,1,20251001,20251110.0,Completed,40,False,False
3435,221,7,1,20260101,20260116.0,Completed,15,False,False
3436,221,7,1,20260401,20260416.0,Completed,15,False,False
3437,221,7,1,20260701,20260719.0,Completed,18,False,False
3438,221,8,1,20240701,20240709.0,Completed,8,False,False
3439,221,8,1,20241001,20241015.0,Completed,14,False,False
3440,221,8,1,20250101,20250113.0,Completed,12,False,False
3441,221,8,1,20250401,20250501.0,Completed,30,False,False
3442,221,8,1,20250701,20250804.0,Completed,34,False,False
3443,221,8,1,20251001,20251022.0,Completed,21,False,False
3444,221,8,1,20260101,20260108.0,Completed,7,False,False
3445,221,8,1,20260401,20260516.0,Completed,45,False,False
3446,221,8,1,20260701,20260726.0,Completed,25,False,False
3447,222,3,1,20240701,20240804.0,Completed,34,False,False
3448,222,3,1,20241001,20241110.0,Completed,40,False,False
3449,222,3,1,20250101,20250108.0,Completed,7,False,False
3450,222,3,1,20250401,20250424.0,Completed,23,False,False
3451,222,3,1,20250701,20250902.0,Completed,63,False,False
3452,222,3,1,20251001,20251008.0,Completed,7,False,False
3453,222,3,1,20260101,20260108.0,Completed,7,False,False
3454,222,3,1,20260401,20260521.0,Completed,50,False,False
3455,222,3,1,20260701,20260808.0,Completed,38,False,False
3456,222,9,1,20240701,20240705.0,Completed,4,False,False
3457,222,9,1,20241001,20241012.0,Completed,11,False,False
3458,222,9,1,20250101,20250118.0,Completed,17,False,False
3459,222,9,1,20250401,20250416.0,Completed,15,False,False
3460,222,9,1,20250701,20250719.0,Completed,18,False,False
3461,222,9,1,20251001,20251011.0,Completed,10,False,False
3462,222,9,1,20260101,20260117.0,Completed,16,False,False
3463,222,9,1,20260401,20260422.0,Completed,21,False,False
3464,222,9,1,20260701,20260721.0,Completed,20,False,False
3465,223,7,1,20240701,20240711.0,Completed,10,False,False
3466,223,7,1,20241001,20241024.0,Completed,23,False,False
3467,223,7,1,20250101,20250107.0,Completed,6,False,False
3468,223,7,1,20250401,20250409.0,Completed,8,False,False
3469,223,7,1,20250701,20250726.0,Completed,25,False,False
3470,223,7,1,20251001,20251023.0,Completed,22,False,False
3471,223,7,1,20260101,20260112.0,Completed,11,False,False
3472,223,7,1,20260401,20260409.0,Completed,8,False,False
3473,223,7,1,20260701,20260710.0,Completed,9,False,False
3474,223,1,1,20240701,20240811.0,Completed,41,False,False
3475,223,1,1,20241001,20241106.0,Completed,36,False,False
3476,223,1,1,20250101,20250116.0,Completed,15,False,False
3477,223,1,1,20250401,20250515.0,Completed,44,False,False
3478,223,1,1,20250701,20250722.0,Completed,21,False,False
3479,223,1,1,20251001,20251013.0,Completed,12,False,False
3480,223,1,1,20260101,20260120.0,Completed,19,False,False
3481,223,1,1,20260401,20260430.0,Completed,29,False,False
3482,223,1,1,20260701,20260813.0,Completed,43,False,False
3483,223,8,1,20240701,20240722.0,Completed,21,False,False
3484,223,8,1,20241001,20241013.0,Completed,12,False,False
3485,223,8,1,20250101,20250117.0,Completed,16,False,False
3486,223,8,1,20250401,20250413.0,Completed,12,False,False
3487,223,8,1,20250701,20250708.0,Completed,7,False,False
3488,223,8,1,20251001,20251014.0,Completed,13,False,False
3489,223,8,1,20260101,20260103.0,Completed,2,False,False
3490,223,8,1,20260401,20260506.0,Completed,35,False,False
3491,223,8,1,20260701,20260716.0,Completed,15,False,False
3492,224,2,1,20240701,20240807.0,Completed,37,False,False
3493,224,2,1,20241001,20241016.0,Completed,15,False,False
3494,224,2,1,20250101,20250131.0,Completed,30,False,False
3495,224,2,1,20250401,20250505.0,Completed,34,False,False
3496,224,2,1,20250701,20250723.0,Completed,22,False,False
3497,224,2,1,20251001,20251024.0,Completed,23,False,False
3498,224,2,1,20260101,20260110.0,Completed,9,False,False
3499,224,2,1,20260401,20260624.0,Completed,84,False,False
3500,224,2,1,20260701,20260716.0,Completed,15,False,False
3501,224,8,1,20240701,20240709.0,Completed,8,False,False
3502,224,8,1,20241001,20241106.0,Completed,36,False,False
3503,224,8,1,20250101,20250120.0,Completed,19,False,False
3504,224,8,1,20250401,20250423.0,Completed,22,False,False
3505,224,8,1,20250701,20250705.0,Completed,4,False,False
3506,224,8,1,20251001,20251016.0,Completed,15,False,False
3507,224,8,1,20260101,20260105.0,Completed,4,False,False
3508,224,8,1,20260401,20260408.0,Completed,7,False,False
3509,224,8,1,20260701,20260816.0,Completed,46,False,False
3510,225,9,1,20240701,20240707.0,Completed,6,False,False
3511,225,9,1,20241001,20241022.0,Completed,21,False,False
3512,225,9,1,20250101,20250107.0,Completed,6,False,False
3513,225,9,1,20250401,20250408.0,Completed,7,False,False
3514,225,9,1,20250701,20250904.0,Completed,65,False,False
3515,225,9,1,20251001,20251013.0,Completed,12,False,False
3516,225,9,1,20260101,20260105.0,Completed,4,False,False
3517,225,9,1,20260401,20260423.0,Completed,22,False,False
3518,225,9,1,20260701,20260731.0,Completed,30,False,False
3519,225,1,1,20240701,20240816.0,Completed,46,False,False
3520,225,1,1,20241001,20241024.0,Completed,23,False,False
3521,225,1,1,20250101,20250125.0,Completed,24,False,False
3522,225,1,1,20250401,20250418.0,Completed,17,False,False
3523,225,1,1,20250701,20250711.0,Completed,10,False,False
3524,225,1,1,20251001,20251104.0,Completed,34,False,False
3525,225,1,1,20260101,20260123.0,Completed,22,False,False
3526,225,1,1,20260401,20260409.0,Completed,8,False,False
3527,225,1,1,20260701,20260726.0,Completed,25,False,False
3528,226,9,1,20240701,20240709.0,Completed,8,False,False
3529,226,9,1,20241001,20241017.0,Completed,16,False,False
3530,226,9,1,20250101,20250116.0,Completed,15,False,False
3531,226,9,1,20250401,20250411.0,Completed,10,False,False
3532,226,9,1,20250701,20250714.0,Completed,13,False,False
3533,226,4,1,20240701,20240715.0,Completed,14,False,False
3534,226,4,1,20241001,20241026.0,Completed,25,False,False
3535,226,4,1,20250101,20250114.0,Completed,13,False,False
3536,226,4,1,20250401,20250410.0,Completed,9,False,False
3537,226,4,1,20250701,20250712.0,Completed,11,False,False
3538,226,4,1,20251001,20251110.0,Completed,40,True,False
3539,227,8,1,20240701,20240707.0,Completed,6,False,False
3540,227,8,1,20241001,20241012.0,Completed,11,False,False
3541,227,8,1,20250101,20250112.0,Completed,11,False,False
3542,227,8,1,20250401,20250413.0,Completed,12,False,False
3543,227,8,1,20250701,20250706.0,Completed,5,False,False
3544,227,8,1,20251001,20251012.0,Completed,11,False,False
3545,227,8,1,20260101,20260110.0,Completed,9,False,False
3546,227,8,1,20260401,20260417.0,Completed,16,False,False
3547,227,8,1,20260701,20260729.0,Completed,28,False,False
3548,228,7,1,20240701,20240718.0,Completed,17,False,False
3549,228,7,1,20241001,20241015.0,Completed,14,False,False
3550,228,7,1,20250101,20250119.0,Completed,18,False,False
3551,228,7,1,20250401,20250416.0,Completed,15,False,False
3552,228,7,1,20250701,20250714.0,Completed,13,False,False
3553,228,7,1,20251001,20251025.0,Completed,24,False,False
3554,228,7,1,20260101,20260111.0,Completed,10,False,False
3555,228,7,1,20260401,20260406.0,Completed,5,False,False
3556,228,7,1,20260701,20260709.0,Completed,8,False,False
3557,228,8,1,20240701,20240708.0,Completed,7,False,False
3558,228,8,1,20241001,20241117.0,Completed,47,False,False
3559,228,8,1,20250101,20250130.0,Completed,29,False,False
3560,228,8,1,20250401,20250415.0,Completed,14,False,False
3561,228,8,1,20250701,20250709.0,Completed,8,False,False
3562,228,8,1,20251001,20251025.0,Completed,24,False,False
3563,228,8,1,20260101,20260115.0,Completed,14,False,False
3564,228,8,1,20260401,20260412.0,Completed,11,False,False
3565,228,8,1,20260701,20260715.0,Completed,14,False,False
3566,229,9,1,20240701,20240712.0,Completed,11,False,False
3567,229,9,1,20241001,20241019.0,Completed,18,False,False
3568,229,9,1,20250101,20250105.0,Completed,4,False,False
3569,229,9,1,20250401,20250419.0,Completed,18,False,False
3570,229,9,1,20250701,20250712.0,Completed,11,False,False
3571,229,9,1,20251001,20251026.0,Completed,25,False,False
3572,229,9,1,20260101,20260130.0,Completed,29,False,False
3573,229,9,1,20260401,20260504.0,Completed,33,False,False
3574,229,9,1,20260701,20260820.0,Completed,50,False,False
3575,229,1,1,20240701,20240904.0,Completed,65,False,False
3576,229,1,1,20241001,20241118.0,Completed,48,False,False
3577,229,1,1,20250101,20250111.0,Completed,10,False,False
3578,229,1,1,20250401,20250403.0,Completed,2,False,False
3579,229,1,1,20250701,20250823.0,Completed,53,False,False
3580,229,1,1,20251001,20251014.0,Completed,13,False,False
3581,229,1,1,20260101,20260511.0,Completed,130,False,False
3582,229,1,1,20260401,20260408.0,Completed,7,False,False
3583,229,1,1,20260701,20260817.0,Completed,47,False,False
3584,230,7,1,20240701,20240716.0,Completed,15,False,False
3585,230,7,1,20241001,20241005.0,Completed,4,False,False
3586,230,7,1,20250101,20250116.0,Completed,15,False,False
3587,230,7,1,20250401,20250408.0,Completed,7,False,False
3588,230,7,1,20250701,20250713.0,Completed,12,False,False
3589,230,7,1,20251001,20251014.0,Completed,13,False,False
3590,230,7,1,20260101,20260108.0,Completed,7,False,False
3591,230,7,1,20260401,20260411.0,Completed,10,False,False
3592,230,7,1,20260701,20260708.0,Completed,7,False,False
3593,230,8,1,20240701,20240703.0,Completed,2,False,False
3594,230,8,1,20241001,20241015.0,Completed,14,False,False
3595,230,8,1,20250101,20250202.0,Completed,32,False,False
3596,230,8,1,20250401,20250408.0,Completed,7,False,False
3597,230,8,1,20250701,20250813.0,Completed,43,False,False
3598,230,8,1,20251001,20251119.0,Completed,49,False,False
3599,230,8,1,20260101,20260110.0,Completed,9,False,False
3600,230,8,1,20260401,20260412.0,Completed,11,False,False
3601,230,8,1,20260701,20260710.0,Completed,9,False,False
3602,230,1,1,20240701,20240711.0,Completed,10,False,False
3603,230,1,1,20241001,20241023.0,Completed,22,False,False
3604,230,1,1,20250101,20250121.0,Completed,20,False,False
3605,230,1,1,20250401,20250429.0,Completed,28,False,False
3606,230,1,1,20250701,20250730.0,Completed,29,False,False
3607,230,1,1,20251001,20251010.0,Completed,9,False,False
3608,230,1,1,20260101,20260211.0,Completed,41,False,False
3609,230,1,1,20260401,20260423.0,Completed,22,False,False
3610,230,1,1,20260701,20260712.0,Completed,11,False,False
3611,231,3,1,20240701,20240723.0,Completed,22,False,False
3612,231,3,1,20241001,20241031.0,Completed,30,False,False
3613,231,3,1,20250101,20250315.0,Completed,73,False,False
3614,231,3,1,20250401,20250605.0,Completed,65,True,False
3615,231,8,1,20240701,20240710.0,Completed,9,False,False
3616,231,8,1,20241001,20241013.0,Completed,12,False,False
3617,231,8,1,20250101,20250108.0,Completed,7,False,False
3618,231,4,1,20240701,20240718.0,Completed,17,False,False
3619,231,4,1,20241001,20241010.0,Completed,9,False,False
3620,231,4,1,20250101,20250112.0,Completed,11,False,False
3621,232,9,1,20240701,20240728.0,Completed,27,False,False
3622,232,9,1,20241001,20241006.0,Completed,5,False,False
3623,232,9,1,20250101,20250203.0,Completed,33,False,False
3624,232,9,1,20250401,20250419.0,Completed,18,False,False
3625,232,9,1,20250701,20250802.0,Completed,32,False,False
3626,232,9,1,20251001,20251023.0,Completed,22,False,False
3627,232,9,1,20260101,20260126.0,Completed,25,False,False
3628,232,9,1,20260401,20260415.0,Completed,14,False,False
3629,232,9,1,20260701,20260706.0,Completed,5,False,False
3630,233,9,1,20240701,20240709.0,Completed,8,False,False
3631,233,9,1,20241001,20241008.0,Completed,7,False,False
3632,233,9,1,20250101,20250103.0,Completed,2,False,False
3633,233,9,1,20250401,20250428.0,Completed,27,False,False
3634,233,9,1,20250701,20250713.0,Completed,12,False,False
3635,233,9,1,20251001,20251007.0,Completed,6,False,False
3636,233,9,1,20260101,20260218.0,Completed,48,False,False
3637,233,9,1,20260401,20260602.0,Completed,62,False,False
3638,233,9,1,20260701,20260705.0,Completed,4,False,False
3639,233,4,1,20240701,20240712.0,Completed,11,False,False
3640,233,4,1,20241001,20241012.0,Completed,11,False,False
3641,233,4,1,20250101,20250107.0,Completed,6,False,False
3642,233,4,1,20250401,20250428.0,Completed,27,False,False
3643,233,4,1,20250701,20250703.0,Completed,2,False,False
3644,233,4,1,20251001,20251110.0,Completed,40,False,False
3645,233,4,1,20260101,20260115.0,Completed,14,False,False
3646,233,4,1,20260401,20260517.0,Completed,46,False,False
3647,233,4,1,20260701,20260714.0,Completed,13,False,False
3648,234,1,1,20240701,20240722.0,Completed,21,False,False
3649,234,1,1,20241001,20241126.0,Completed,56,False,False
3650,234,1,1,20250101,20250402.0,Completed,91,False,False
3651,234,1,1,20250401,20250621.0,Completed,81,False,False
3652,234,1,1,20250701,20250707.0,Completed,6,False,False
3653,234,1,1,20251001,20251207.0,Completed,67,False,False
3654,234,1,1,20260101,20260121.0,Completed,20,False,False
3655,234,1,1,20260401,20260425.0,Completed,24,False,False
3656,234,1,1,20260701,20260721.0,Completed,20,False,False
3657,234,9,1,20240701,20240709.0,Completed,8,False,False
3658,234,9,1,20241001,20241012.0,Completed,11,False,False
3659,234,9,1,20250101,20250107.0,Completed,6,False,False
3660,234,9,1,20250401,20250505.0,Completed,34,False,False
3661,234,9,1,20250701,20250723.0,Completed,22,False,False
3662,234,9,1,20251001,20251017.0,Completed,16,False,False
3663,234,9,1,20260101,20260111.0,Completed,10,False,False
3664,234,9,1,20260401,20260410.0,Completed,9,False,False
3665,234,9,1,20260701,20260720.0,Completed,19,False,False
3666,235,8,1,20240701,20240717.0,Completed,16,False,False
3667,235,8,1,20241001,20241030.0,Completed,29,False,False
3668,235,8,1,20250101,20250110.0,Completed,9,False,False
3669,235,8,1,20250401,20250409.0,Completed,8,False,False
3670,235,8,1,20250701,20250723.0,Completed,22,False,False
3671,235,8,1,20251001,20251026.0,Completed,25,False,False
3672,235,8,1,20260101,20260301.0,Completed,59,False,False
3673,235,8,1,20260401,20260404.0,Completed,3,False,False
3674,235,8,1,20260701,20260805.0,Completed,35,False,False
3675,235,7,1,20240701,20240716.0,Completed,15,False,False
3676,235,7,1,20241001,20241010.0,Completed,9,False,False
3677,235,7,1,20250101,20250120.0,Completed,19,False,False
3678,235,7,1,20250401,20250419.0,Completed,18,False,False
3679,235,7,1,20250701,20250710.0,Completed,9,False,False
3680,235,7,1,20251001,20251004.0,Completed,3,False,False
3681,235,7,1,20260101,20260205.0,Completed,35,False,False
3682,235,7,1,20260401,20260409.0,Completed,8,False,False
3683,235,7,1,20260701,20260708.0,Completed,7,False,False
3684,236,8,1,20240701,20240709.0,Completed,8,False,False
3685,236,8,1,20241001,20241025.0,Completed,24,False,False
3686,236,8,1,20250101,20250111.0,Completed,10,False,False
3687,236,8,1,20250401,20250409.0,Completed,8,False,False
3688,236,8,1,20250701,20250719.0,Completed,18,False,False
3689,236,8,1,20251001,20251017.0,Completed,16,False,False
3690,236,8,1,20260101,20260109.0,Completed,8,False,False
3691,236,8,1,20260401,20260404.0,Completed,3,False,False
3692,236,8,1,20260701,20260725.0,Completed,24,False,False
3693,236,7,1,20240701,20240717.0,Completed,16,False,False
3694,236,7,1,20241001,20241003.0,Completed,2,False,False
3695,236,7,1,20250101,20250209.0,Completed,39,False,False
3696,236,7,1,20250401,20250403.0,Completed,2,False,False
3697,236,7,1,20250701,20250708.0,Completed,7,False,False
3698,236,7,1,20251001,20251008.0,Completed,7,False,False
3699,236,7,1,20260101,20260110.0,Completed,9,False,False
3700,236,7,1,20260401,20260409.0,Completed,8,False,False
3701,236,7,1,20260701,20260706.0,Completed,5,False,False
3702,237,4,1,20240701,20240716.0,Completed,15,False,False
3703,237,4,1,20241001,20241027.0,Completed,26,False,False
3704,237,4,1,20250101,20250116.0,Completed,15,False,False
3705,237,4,1,20250401,20250418.0,Completed,17,False,False
3706,237,4,1,20250701,20250712.0,Completed,11,False,False
3707,237,4,1,20251001,20251016.0,Completed,15,False,False
3708,237,4,1,20260101,20260119.0,Completed,18,False,False
3709,237,4,1,20260401,20260423.0,Completed,22,False,False
3710,237,4,1,20260701,20260709.0,Completed,8,False,False
3711,237,3,1,20240701,20240715.0,Completed,14,False,False
3712,237,3,1,20241001,20241003.0,Completed,2,False,False
3713,237,3,1,20250101,20250403.0,Completed,92,False,False
3714,237,3,1,20250401,20250628.0,Completed,88,False,False
3715,237,3,1,20250701,20250727.0,Completed,26,False,False
3716,237,3,1,20251001,20251028.0,Completed,27,False,False
3717,237,3,1,20260101,20260316.0,Completed,74,False,False
3718,237,3,1,20260401,20260410.0,Completed,9,False,False
3719,237,3,1,20260701,20260714.0,Completed,13,False,False
3720,237,9,1,20240701,20240808.0,Completed,38,False,False
3721,237,9,1,20241001,20241011.0,Completed,10,False,False
3722,237,9,1,20250101,20250107.0,Completed,6,False,False
3723,237,9,1,20250401,20250420.0,Completed,19,False,False
3724,237,9,1,20250701,20250709.0,Completed,8,False,False
3725,237,9,1,20251001,20251104.0,Completed,34,False,False
3726,237,9,1,20260101,20260116.0,Completed,15,False,False
3727,237,9,1,20260401,20260409.0,Completed,8,False,False
3728,237,9,1,20260701,20260709.0,Completed,8,False,False
3729,238,4,1,20240701,20240719.0,Completed,18,False,False
3730,238,4,1,20241001,20241012.0,Completed,11,False,False
3731,238,4,1,20250101,20250111.0,Completed,10,False,False
3732,238,4,1,20250401,20250424.0,Completed,23,False,False
3733,238,4,1,20250701,20250807.0,Completed,37,False,False
3734,238,4,1,20251001,20251022.0,Completed,21,False,False
3735,238,4,1,20260101,20260108.0,Completed,7,False,False
3736,238,4,1,20260401,20260406.0,Completed,5,False,False
3737,238,4,1,20260701,20260723.0,Completed,22,False,False
3738,238,8,1,20240701,20240722.0,Completed,21,False,False
3739,238,8,1,20241001,20241011.0,Completed,10,False,False
3740,238,8,1,20250101,20250113.0,Completed,12,False,False
3741,238,8,1,20250401,20250409.0,Completed,8,False,False
3742,238,8,1,20250701,20250706.0,Completed,5,False,False
3743,238,8,1,20251001,20251009.0,Completed,8,False,False
3744,238,8,1,20260101,20260102.0,Completed,1,False,False
3745,238,8,1,20260401,20260501.0,Completed,30,False,False
3746,238,8,1,20260701,20260705.0,Completed,4,False,False
3747,239,2,1,20240701,20240727.0,Completed,26,False,False
3748,239,2,1,20241001,20241004.0,Completed,3,False,False
3749,239,2,1,20250101,20250210.0,Completed,40,False,False
3750,239,2,1,20250401,20250520.0,Completed,49,False,False
3751,239,2,1,20250701,20250729.0,Completed,28,False,False
3752,239,2,1,20251001,20251026.0,Completed,25,False,False
3753,239,2,1,20260101,20260116.0,Completed,15,False,False
3754,239,2,1,20260401,20260530.0,Completed,59,False,False
3755,239,2,1,20260701,20260707.0,Completed,6,False,False
3756,239,8,1,20240701,20240710.0,Completed,9,False,False
3757,239,8,1,20241001,20241008.0,Completed,7,False,False
3758,239,8,1,20250101,20250108.0,Completed,7,False,False
3759,239,8,1,20250401,20250430.0,Completed,29,False,False
3760,239,8,1,20250701,20250713.0,Completed,12,False,False
3761,239,8,1,20251001,20251009.0,Completed,8,False,False
3762,239,8,1,20260101,20260118.0,Completed,17,False,False
3763,239,8,1,20260401,20260417.0,Completed,16,False,False
3764,239,8,1,20260701,20260725.0,Completed,24,False,False
3765,240,4,1,20240701,20240719.0,Completed,18,False,False
3766,240,4,1,20241001,20241013.0,Completed,12,False,False
3767,240,4,1,20250101,20250114.0,Completed,13,False,False
3768,240,4,1,20250401,20250419.0,Completed,18,False,False
3769,240,4,1,20250701,20250707.0,Completed,6,False,False
3770,240,4,1,20251001,20251017.0,Completed,16,False,False
3771,240,4,1,20260101,20260207.0,Completed,37,False,False
3772,240,4,1,20260401,20260415.0,Completed,14,False,False
3773,240,4,1,20260701,20260711.0,Completed,10,False,False
3774,240,2,1,20240701,20240721.0,Completed,20,False,False
3775,240,2,1,20241001,20241104.0,Completed,34,False,False
3776,240,2,1,20250101,20250131.0,Completed,30,False,False
3777,240,2,1,20250401,20250513.0,Completed,42,False,False
3778,240,2,1,20250701,20250717.0,Completed,16,False,False
3779,240,2,1,20251001,20251024.0,Completed,23,False,False
3780,240,2,1,20260101,20260217.0,Completed,47,False,False
3781,240,2,1,20260401,20260520.0,Completed,49,False,False
3782,240,2,1,20260701,20260819.0,Completed,49,False,False
3783,240,9,1,20240701,20240723.0,Completed,22,False,False
3784,240,9,1,20241001,20241023.0,Completed,22,False,False
3785,240,9,1,20250101,20250116.0,Completed,15,False,False
3786,240,9,1,20250401,20250405.0,Completed,4,False,False
3787,240,9,1,20250701,20250705.0,Completed,4,False,False
3788,240,9,1,20251001,20251015.0,Completed,14,False,False
3789,240,9,1,20260101,20260115.0,Completed,14,False,False
3790,240,9,1,20260401,20260408.0,Completed,7,False,False
3791,240,9,1,20260701,20260708.0,Completed,7,False,False
3792,241,8,1,20240701,20240713.0,Completed,12,False,False
3793,241,8,1,20241001,20241121.0,Completed,51,False,False
3794,241,8,1,20250101,20250107.0,Completed,6,False,False
3795,241,8,1,20250401,20250411.0,Completed,10,False,False
3796,241,8,1,20250701,20250725.0,Completed,24,False,False
3797,241,8,1,20251001,20251022.0,Completed,21,False,False
3798,241,8,1,20260101,20260117.0,Completed,16,False,False
3799,241,8,1,20260401,20260403.0,Completed,2,False,False
3800,241,8,1,20260701,20260712.0,Completed,11,False,False
3801,242,4,1,20240701,20240812.0,Completed,42,False,False
3802,242,4,1,20241001,20241008.0,Completed,7,False,False
3803,242,4,1,20250101,20250107.0,Completed,6,False,False
3804,242,4,1,20250401,20250506.0,Completed,35,False,False
3805,242,4,1,20250701,20250713.0,Completed,12,False,False
3806,242,4,1,20251001,20251003.0,Completed,2,False,False
3807,242,4,1,20260101,20260106.0,Completed,5,False,False
3808,242,4,1,20260401,20260409.0,Completed,8,False,False
3809,242,4,1,20260701,20260717.0,Completed,16,False,False
3810,242,9,1,20240701,20240712.0,Completed,11,False,False
3811,242,9,1,20241001,20241007.0,Completed,6,False,False
3812,242,9,1,20250101,20250112.0,Completed,11,False,False
3813,242,9,1,20250401,20250408.0,Completed,7,False,False
3814,242,9,1,20250701,20250813.0,Completed,43,False,False
3815,242,9,1,20251001,20251006.0,Completed,5,False,False
3816,242,9,1,20260101,20260110.0,Completed,9,False,False
3817,242,9,1,20260401,20260409.0,Completed,8,False,False
3818,242,9,1,20260701,20260709.0,Completed,8,False,False
3819,242,2,1,20240701,20240711.0,Completed,10,False,False
3820,242,2,1,20241001,20241207.0,Completed,67,False,False
3821,242,2,1,20250101,20250417.0,Completed,106,False,False
3822,242,2,1,20250401,20250505.0,Completed,34,False,False
3823,242,2,1,20250701,20250802.0,Completed,32,False,False
3824,242,2,1,20251001,20251007.0,Completed,6,False,False
3825,242,2,1,20260101,20260308.0,Completed,66,False,False
3826,242,2,1,20260401,20260414.0,Completed,13,False,False
3827,242,2,1,20260701,20260706.0,Completed,5,False,False
3828,243,7,1,20240701,20240721.0,Completed,20,False,False
3829,243,7,1,20241001,20241028.0,Completed,27,False,False
3830,243,7,1,20250101,20250203.0,Completed,33,False,False
3831,243,7,1,20250401,20250410.0,Completed,9,False,False
3832,243,7,1,20250701,20250709.0,Completed,8,False,False
3833,243,7,1,20251001,20251016.0,Completed,15,False,False
3834,243,7,1,20260101,20260112.0,Completed,11,False,False
3835,243,7,1,20260401,20260421.0,Completed,20,False,False
3836,243,7,1,20260701,20260716.0,Completed,15,False,False
3837,243,1,1,20240701,20240713.0,Completed,12,False,False
3838,243,1,1,20241001,20241207.0,Completed,67,False,False
3839,243,1,1,20250101,20250210.0,Completed,40,False,False
3840,243,1,1,20250401,20250525.0,Completed,54,False,False
3841,243,1,1,20250701,20250714.0,Completed,13,False,False
3842,243,1,1,20251001,20251109.0,Completed,39,False,False
3843,243,1,1,20260101,20260217.0,Completed,47,False,False
3844,243,1,1,20260401,20260501.0,Completed,30,False,False
3845,243,1,1,20260701,20260711.0,Completed,10,False,False
3846,243,8,1,20240701,20240715.0,Completed,14,False,False
3847,243,8,1,20241001,20241023.0,Completed,22,False,False
3848,243,8,1,20250101,20250129.0,Completed,28,False,False
3849,243,8,1,20250401,20250404.0,Completed,3,False,False
3850,243,8,1,20250701,20250716.0,Completed,15,False,False
3851,243,8,1,20251001,20251005.0,Completed,4,False,False
3852,243,8,1,20260101,20260123.0,Completed,22,False,False
3853,243,8,1,20260401,20260427.0,Completed,26,False,False
3854,243,8,1,20260701,20260707.0,Completed,6,False,False
3855,244,3,1,20240701,20240711.0,Completed,10,False,False
3856,244,3,1,20241001,20241017.0,Completed,16,False,False
3857,244,3,1,20250101,20250124.0,Completed,23,False,False
3858,244,3,1,20250401,20250415.0,Completed,14,False,False
3859,244,3,1,20250701,20250817.0,Completed,47,False,False
3860,244,3,1,20251001,20251126.0,Completed,56,False,False
3861,244,3,1,20260101,20260129.0,Completed,28,False,False
3862,244,3,1,20260401,20260416.0,Completed,15,False,False
3863,244,3,1,20260701,20260723.0,Completed,22,False,False
3864,244,2,1,20240701,20240729.0,Completed,28,False,False
3865,244,2,1,20241001,20241023.0,Completed,22,False,False
3866,244,2,1,20250101,20250126.0,Completed,25,False,False
3867,244,2,1,20250401,20250524.0,Completed,53,False,False
3868,244,2,1,20250701,20250715.0,Completed,14,False,False
3869,244,2,1,20251001,20260101.0,Completed,92,False,False
3870,244,2,1,20260101,20260130.0,Completed,29,False,False
3871,244,2,1,20260401,20260422.0,Completed,21,False,False
3872,244,2,1,20260701,20260715.0,Completed,14,False,False
3873,244,4,1,20240701,20240708.0,Completed,7,False,False
3874,244,4,1,20241001,20241014.0,Completed,13,False,False
3875,244,4,1,20250101,20250115.0,Completed,14,False,False
3876,244,4,1,20250401,20250411.0,Completed,10,False,False
3877,244,4,1,20250701,20250705.0,Completed,4,False,False
3878,244,4,1,20251001,20251014.0,Completed,13,False,False
3879,244,4,1,20260101,20260108.0,Completed,7,False,False
3880,244,4,1,20260401,20260403.0,Completed,2,False,False
3881,244,4,1,20260701,20260721.0,Completed,20,False,False
3882,245,8,1,20240701,20240704.0,Completed,3,False,False
3883,245,8,1,20241001,20241011.0,Completed,10,False,False
3884,245,8,1,20250101,20250113.0,Completed,12,False,False
3885,245,8,1,20250401,20250502.0,Completed,31,False,False
3886,245,8,1,20250701,20250704.0,Completed,3,False,False
3887,245,8,1,20251001,20251023.0,Completed,22,False,False
3888,245,8,1,20260101,20260125.0,Completed,24,False,False
3889,245,8,1,20260401,20260508.0,Completed,37,False,False
3890,245,8,1,20260701,20260729.0,Completed,28,False,False
3891,245,7,1,20240701,20240713.0,Completed,12,False,False
3892,245,7,1,20241001,20241024.0,Completed,23,False,False
3893,245,7,1,20250101,20250202.0,Completed,32,False,False
3894,245,7,1,20250401,20250403.0,Completed,2,False,False
3895,245,7,1,20250701,20250705.0,Completed,4,False,False
3896,245,7,1,20251001,20251017.0,Completed,16,False,False
3897,245,7,1,20260101,20260125.0,Completed,24,False,False
3898,245,7,1,20260401,20260421.0,Completed,20,False,False
3899,245,7,1,20260701,20260718.0,Completed,17,False,False
3900,246,1,1,20240701,20240913.0,Completed,74,False,False
3901,246,1,1,20241001,20241021.0,Completed,20,False,False
3902,246,1,1,20250101,20250115.0,Completed,14,False,False
3903,246,1,1,20250401,20250418.0,Completed,17,False,False
3904,246,1,1,20250701,20250802.0,Completed,32,False,False
3905,246,1,1,20251001,20251025.0,Completed,24,False,False
3906,246,1,1,20260101,20260220.0,Completed,50,False,False
3907,246,1,1,20260401,20260416.0,Completed,15,False,False
3908,246,1,1,20260701,20260805.0,Completed,35,False,False
3909,247,9,1,20240701,20240724.0,Completed,23,False,False
3910,247,9,1,20241001,20241102.0,Completed,32,False,False
3911,247,9,1,20250101,20250106.0,Completed,5,False,False
3912,247,9,1,20250401,20250409.0,Completed,8,False,False
3913,247,9,1,20250701,20250712.0,Completed,11,False,False
3914,247,9,1,20251001,20251004.0,Completed,3,False,False
3915,247,9,1,20260101,20260118.0,Completed,17,False,False
3916,247,9,1,20260401,20260417.0,Completed,16,False,False
3917,247,9,1,20260701,20260716.0,Completed,15,False,False
3918,248,9,1,20240701,20240712.0,Completed,11,False,False
3919,248,9,1,20241001,20241031.0,Completed,30,False,False
3920,248,9,1,20250101,20250110.0,Completed,9,False,False
3921,248,9,1,20250401,20250429.0,Completed,28,False,False
3922,248,9,1,20250701,20250709.0,Completed,8,False,False
3923,248,9,1,20251001,20251006.0,Completed,5,False,False
3924,248,9,1,20260101,20260113.0,Completed,12,False,False
3925,248,9,1,20260401,20260415.0,Completed,14,False,False
3926,248,9,1,20260701,20260719.0,Completed,18,False,False
3927,249,7,1,20240701,20240702.0,Completed,1,False,False
3928,249,7,1,20241001,20241011.0,Completed,10,False,False
3929,249,7,1,20250101,20250214.0,Completed,44,False,False
3930,249,7,1,20250401,20250409.0,Completed,8,False,False
3931,249,7,1,20250701,20250725.0,Completed,24,False,False
3932,249,7,1,20251001,20251213.0,Completed,73,False,False
3933,249,7,1,20260101,20260219.0,Completed,49,False,False
3934,249,7,1,20260401,20260406.0,Completed,5,False,False
3935,249,7,1,20260701,20260724.0,Completed,23,False,False
3936,249,8,1,20240701,20240725.0,Completed,24,False,False
3937,249,8,1,20241001,20241021.0,Completed,20,False,False
3938,249,8,1,20250101,20250106.0,Completed,5,False,False
3939,249,8,1,20250401,20250416.0,Completed,15,False,False
3940,249,8,1,20250701,20250716.0,Completed,15,False,False
3941,249,8,1,20251001,20251005.0,Completed,4,False,False
3942,249,8,1,20260101,20260111.0,Completed,10,False,False
3943,249,8,1,20260401,20260417.0,Completed,16,False,False
3944,249,8,1,20260701,20260713.0,Completed,12,False,False
3945,249,1,1,20240701,20240813.0,Completed,43,False,False
3946,249,1,1,20241001,20241021.0,Completed,20,False,False
3947,249,1,1,20250101,20250129.0,Completed,28,False,False
3948,249,1,1,20250401,20250522.0,Completed,51,False,False
3949,249,1,1,20250701,20250920.0,Completed,81,False,False
3950,249,1,1,20251001,20251010.0,Completed,9,False,False
3951,249,1,1,20260101,20260212.0,Completed,42,False,False
3952,249,1,1,20260401,20260419.0,Completed,18,False,False
3953,249,1,1,20260701,20260805.0,Completed,35,False,False
3954,250,9,1,20240701,20240705.0,Completed,4,False,False
3955,250,9,1,20241001,20241031.0,Completed,30,False,False
3956,250,9,1,20250101,20250108.0,Completed,7,False,False
3957,250,9,1,20250401,20250427.0,Completed,26,False,False
3958,250,9,1,20250701,20250706.0,Completed,5,False,False
3959,250,9,1,20251001,20251004.0,Completed,3,False,False
3960,250,9,1,20260101,20260112.0,Completed,11,False,False
3961,250,9,1,20260401,20260416.0,Completed,15,False,False
3962,250,9,1,20260701,20260822.0,Completed,52,False,False
3963,250,2,1,20240701,20240731.0,Completed,30,False,False
3964,250,2,1,20241001,20241012.0,Completed,11,False,False
3965,250,2,1,20250101,20250216.0,Completed,46,False,False
3966,250,2,1,20250401,20250607.0,Completed,67,False,False
3967,250,2,1,20250701,20250714.0,Completed,13,False,False
3968,250,2,1,20251001,20251120.0,Completed,50,False,False
3969,250,2,1,20260101,20260303.0,Completed,61,False,False
3970,250,2,1,20260401,20260518.0,Completed,47,False,False
3971,250,2,1,20260701,20260716.0,Completed,15,False,False
3972,251,8,1,20240701,20240716.0,Completed,15,False,False
3973,251,8,1,20241001,20241019.0,Completed,18,False,False
3974,251,8,1,20250101,20250130.0,Completed,29,False,False
3975,251,8,1,20250401,20250409.0,Completed,8,False,False
3976,251,8,1,20250701,20250727.0,Completed,26,False,False
3977,251,8,1,20251001,20251013.0,Completed,12,False,False
3978,251,8,1,20260101,20260111.0,Completed,10,False,False
3979,251,8,1,20260401,20260415.0,Completed,14,False,False
3980,251,8,1,20260701,20260702.0,Completed,1,False,False
3981,251,4,1,20240701,20240703.0,Completed,2,False,False
3982,251,4,1,20241001,20241003.0,Completed,2,False,False
3983,251,4,1,20250101,20250119.0,Completed,18,False,False
3984,251,4,1,20250401,20250412.0,Completed,11,False,False
3985,251,4,1,20250701,20250709.0,Completed,8,False,False
3986,251,4,1,20251001,20251014.0,Completed,13,False,False
3987,251,4,1,20260101,20260127.0,Completed,26,False,False
3988,251,4,1,20260401,20260413.0,Completed,12,False,False
3989,251,4,1,20260701,20260706.0,Completed,5,False,False
3990,251,3,1,20240701,20241024.0,Completed,115,False,False
3991,251,3,1,20241001,20241028.0,Completed,27,False,False
3992,251,3,1,20250101,20250303.0,Completed,61,False,False
3993,251,3,1,20250401,20250518.0,Completed,47,False,False
3994,251,3,1,20250701,20250720.0,Completed,19,False,False
3995,251,3,1,20251001,20251220.0,Completed,80,False,False
3996,251,3,1,20260101,20260117.0,Completed,16,False,False
3997,251,3,1,20260401,20260507.0,Completed,36,False,False
3998,251,3,1,20260701,20260803.0,Completed,33,False,False
3999,252,1,1,20240701,20240805.0,Completed,35,False,False
4000,252,1,1,20241001,20241211.0,Completed,71,False,False
4001,252,1,1,20250101,20250128.0,Completed,27,False,False
4002,252,1,1,20250401,20250502.0,Completed,31,False,False
4003,252,1,1,20250701,20250802.0,Completed,32,False,False
4004,252,1,1,20251001,20260110.0,Completed,101,False,False
4005,252,1,1,20260101,20260228.0,Completed,58,False,False
4006,252,1,1,20260401,20260407.0,Completed,6,False,False
4007,252,1,1,20260701,20260718.0,Completed,17,False,False
4008,253,1,1,20240701,20240730.0,Completed,29,False,False
4009,253,1,1,20241001,20241210.0,Completed,70,False,False
4010,253,1,1,20250101,20250317.0,Completed,75,False,False
4011,253,1,1,20250401,20250427.0,Completed,26,False,False
4012,253,1,1,20250701,20250717.0,Completed,16,False,False
4013,253,1,1,20251001,20251024.0,Completed,23,False,False
4014,253,1,1,20260101,20260130.0,Completed,29,False,False
4015,253,1,1,20260401,20260423.0,Completed,22,False,False
4016,253,1,1,20260701,20260902.0,Completed,63,False,False
4017,253,8,1,20240701,20240711.0,Completed,10,False,False
4018,253,8,1,20241001,20241007.0,Completed,6,False,False
4019,253,8,1,20250101,20250112.0,Completed,11,False,False
4020,253,8,1,20250401,20250418.0,Completed,17,False,False
4021,253,8,1,20250701,20250802.0,Completed,32,False,False
4022,253,8,1,20251001,20251007.0,Completed,6,False,False
4023,253,8,1,20260101,20260118.0,Completed,17,False,False
4024,253,8,1,20260401,20260418.0,Completed,17,False,False
4025,253,8,1,20260701,20260721.0,Completed,20,False,False
4026,254,8,1,20240701,20240711.0,Completed,10,False,False
4027,254,8,1,20241001,20241021.0,Completed,20,False,False
4028,254,8,1,20250101,20250124.0,Completed,23,False,False
4029,254,8,1,20250401,20250411.0,Completed,10,False,False
4030,254,8,1,20250701,20250717.0,Completed,16,False,False
4031,254,8,1,20251001,20251013.0,Completed,12,False,False
4032,254,8,1,20260101,20260108.0,Completed,7,False,False
4033,254,8,1,20260401,20260405.0,Completed,4,False,False
4034,254,8,1,20260701,20260709.0,Completed,8,False,False
4035,254,2,1,20240701,20240718.0,Completed,17,False,False
4036,254,2,1,20241001,20241009.0,Completed,8,False,False
4037,254,2,1,20250101,20250207.0,Completed,37,False,False
4038,254,2,1,20250401,20250519.0,Completed,48,False,False
4039,254,2,1,20250701,20250724.0,Completed,23,False,False
4040,254,2,1,20251001,20251027.0,Completed,26,False,False
4041,254,2,1,20260101,20260119.0,Completed,18,False,False
4042,254,2,1,20260401,20260426.0,Completed,25,False,False
4043,254,2,1,20260701,20260809.0,Completed,39,False,False
4044,255,1,1,20240701,20240804.0,Completed,34,False,False
4045,255,1,1,20241001,20241026.0,Completed,25,False,False
4046,255,1,1,20250101,20250118.0,Completed,17,False,False
4047,255,1,1,20250401,20250517.0,Completed,46,False,False
4048,255,1,1,20250701,20250720.0,Completed,19,False,False
4049,255,1,1,20251001,20251010.0,Completed,9,False,False
4050,255,1,1,20260101,20260131.0,Completed,30,False,False
4051,255,1,1,20260401,20260406.0,Completed,5,False,False
4052,255,1,1,20260701,20260803.0,Completed,33,False,False
4053,255,9,1,20240701,20240718.0,Completed,17,False,False
4054,255,9,1,20241001,20241009.0,Completed,8,False,False
4055,255,9,1,20250101,20250110.0,Completed,9,False,False
4056,255,9,1,20250401,20250426.0,Completed,25,False,False
4057,255,9,1,20250701,20250817.0,Completed,47,False,False
4058,255,9,1,20251001,20251015.0,Completed,14,False,False
4059,255,9,1,20260101,20260109.0,Completed,8,False,False
4060,255,9,1,20260401,20260419.0,Completed,18,False,False
4061,255,9,1,20260701,20260713.0,Completed,12,False,False
4062,256,9,1,20240701,20240718.0,Completed,17,False,False
4063,256,9,1,20241001,20241016.0,Completed,15,False,False
4064,256,9,1,20250101,20250116.0,Completed,15,False,False
4065,256,9,1,20250401,20250403.0,Completed,2,False,False
4066,256,9,1,20250701,20250710.0,Completed,9,False,False
4067,256,9,1,20251001,20251009.0,Completed,8,False,False
4068,256,9,1,20260101,20260109.0,Completed,8,False,False
4069,256,9,1,20260401,20260422.0,Completed,21,False,False
4070,257,7,1,20240701,20240706.0,Completed,5,False,False
4071,257,7,1,20241001,20241003.0,Completed,2,False,False
4072,257,7,1,20250101,20250109.0,Completed,8,False,False
4073,257,7,1,20250401,20250408.0,Completed,7,False,False
4074,257,7,1,20250701,20250715.0,Completed,14,False,False
4075,257,7,1,20251001,20251008.0,Completed,7,False,False
4076,257,7,1,20260101,20260112.0,Completed,11,False,False
4077,257,7,1,20260401,20260411.0,Completed,10,False,False
4078,257,7,1,20260701,20260801.0,Completed,31,False,False
4079,258,7,1,20240701,20240708.0,Completed,7,False,False
4080,258,7,1,20241001,20241021.0,Completed,20,False,False
4081,258,7,1,20250101,20250113.0,Completed,12,False,False
4082,258,7,1,20250401,20250427.0,Completed,26,False,False
4083,258,7,1,20250701,20250807.0,Completed,37,False,False
4084,258,7,1,20251001,20251013.0,Completed,12,False,False
4085,258,7,1,20260101,20260104.0,Completed,3,False,False
4086,258,7,1,20260401,20260406.0,Completed,5,False,False
4087,258,7,1,20260701,20260705.0,Completed,4,False,False
4088,258,8,1,20240701,20240710.0,Completed,9,False,False
4089,258,8,1,20241001,20241009.0,Completed,8,False,False
4090,258,8,1,20250101,20250116.0,Completed,15,False,False
4091,258,8,1,20250401,20250425.0,Completed,24,False,False
4092,258,8,1,20250701,20250703.0,Completed,2,False,False
4093,258,8,1,20251001,20251014.0,Completed,13,False,False
4094,258,8,1,20260101,20260108.0,Completed,7,False,False
4095,258,8,1,20260401,20260414.0,Completed,13,False,False
4096,258,8,1,20260701,20260710.0,Completed,9,False,False
4097,259,5,1,20240701,20240805.0,Completed,35,False,False
4098,259,5,1,20241001,20241009.0,Completed,8,False,False
4099,259,5,1,20250101,20250113.0,Completed,12,False,False
4100,259,5,1,20250401,20250420.0,Completed,19,False,False
4101,259,5,1,20250701,20250717.0,Completed,16,False,False
4102,259,5,1,20251001,20251020.0,Completed,19,False,False
4103,259,5,1,20260101,20260106.0,Completed,5,False,False
4104,259,5,1,20260401,20260525.0,Completed,54,False,False
4105,259,5,1,20260701,20260715.0,Completed,14,False,False
4106,260,8,1,20240701,20240707.0,Completed,6,False,False
4107,260,8,1,20241001,20241013.0,Completed,12,False,False
4108,260,8,1,20250101,20250114.0,Completed,13,False,False
4109,260,8,1,20250401,20250514.0,Completed,43,False,False
4110,260,8,1,20250701,20250728.0,Completed,27,False,False
4111,260,8,1,20251001,20251011.0,Completed,10,False,False
4112,260,8,1,20260101,20260208.0,Completed,38,False,False
4113,260,8,1,20260401,20260504.0,Completed,33,False,False
4114,260,8,1,20260701,20260707.0,Completed,6,False,False
4115,260,4,1,20240701,20240820.0,Completed,50,False,False
4116,260,4,1,20241001,20241010.0,Completed,9,False,False
4117,260,4,1,20250101,20250115.0,Completed,14,False,False
4118,260,4,1,20250401,20250501.0,Completed,30,False,False
4119,260,4,1,20250701,20250703.0,Completed,2,False,False
4120,260,4,1,20251001,20251013.0,Completed,12,False,False
4121,260,4,1,20260101,20260117.0,Completed,16,False,False
4122,260,4,1,20260401,20260427.0,Completed,26,False,False
4123,260,4,1,20260701,20260714.0,Completed,13,False,False
4124,261,8,1,20240701,20240703.0,Completed,2,False,False
4125,261,8,1,20241001,20241113.0,Completed,43,False,False
4126,261,8,1,20250101,20250114.0,Completed,13,False,False
4127,261,8,1,20250401,20250418.0,Completed,17,False,False
4128,261,8,1,20250701,20250704.0,Completed,3,False,False
4129,261,8,1,20251001,20251102.0,Completed,32,False,False
4130,261,8,1,20260101,20260110.0,Completed,9,False,False
4131,261,8,1,20260401,20260408.0,Completed,7,False,False
4132,261,8,1,20260701,20260729.0,Completed,28,False,False
4133,261,7,1,20240701,20240705.0,Completed,4,False,False
4134,261,7,1,20241001,20241018.0,Completed,17,False,False
4135,261,7,1,20250101,20250108.0,Completed,7,False,False
4136,261,7,1,20250401,20250419.0,Completed,18,False,False
4137,261,7,1,20250701,20250723.0,Completed,22,False,False
4138,261,7,1,20251001,20251010.0,Completed,9,False,False
4139,261,7,1,20260101,20260201.0,Completed,31,False,False
4140,261,7,1,20260401,20260414.0,Completed,13,False,False
4141,261,7,1,20260701,20260813.0,Completed,43,False,False
4142,262,1,1,20240701,20240826.0,Completed,56,False,False
4143,262,1,1,20241001,20241029.0,Completed,28,False,False
4144,262,1,1,20250101,20250129.0,Completed,28,False,False
4145,262,1,1,20250401,20250409.0,Completed,8,False,False
4146,262,1,1,20250701,20250825.0,Completed,55,False,False
4147,262,1,1,20251001,20251017.0,Completed,16,False,False
4148,262,1,1,20260101,20260201.0,Completed,31,False,False
4149,262,1,1,20260401,20260626.0,Completed,86,False,False
4150,262,1,1,20260701,20260831.0,Completed,61,False,False
4151,263,9,1,20240701,20240707.0,Completed,6,False,False
4152,263,9,1,20241001,20241014.0,Completed,13,False,False
4153,263,9,1,20250101,20250118.0,Completed,17,False,False
4154,263,9,1,20250401,20250504.0,Completed,33,False,False
4155,263,9,1,20250701,20250731.0,Completed,30,False,False
4156,263,9,1,20251001,20251021.0,Completed,20,False,False
4157,263,9,1,20260101,20260119.0,Completed,18,False,False
4158,263,9,1,20260401,20260414.0,Completed,13,False,False
4159,263,9,1,20260701,20260717.0,Completed,16,False,False
4160,263,2,1,20240701,20240723.0,Completed,22,False,False
4161,263,2,1,20241001,20241116.0,Completed,46,False,False
4162,263,2,1,20250101,20250208.0,Completed,38,False,False
4163,263,2,1,20250401,20250525.0,Completed,54,False,False
4164,263,2,1,20250701,20250823.0,Completed,53,False,False
4165,263,2,1,20251001,20251017.0,Completed,16,False,False
4166,263,2,1,20260101,20260104.0,Completed,3,False,False
4167,263,2,1,20260401,20260416.0,Completed,15,False,False
4168,263,2,1,20260701,20260802.0,Completed,32,False,False
4169,264,8,1,20240701,20240712.0,Completed,11,False,False
4170,264,8,1,20241001,20241011.0,Completed,10,False,False
4171,264,8,1,20250101,20250108.0,Completed,7,False,False
4172,264,8,1,20250401,20250419.0,Completed,18,False,False
4173,264,8,1,20250701,20250703.0,Completed,2,False,False
4174,264,8,1,20251001,20251021.0,Completed,20,False,False
4175,264,8,1,20260101,20260121.0,Completed,20,False,False
4176,264,8,1,20260401,20260428.0,Completed,27,False,False
4177,264,8,1,20260701,20260917.0,Completed,78,False,False
4178,265,2,1,20240701,20240703.0,Completed,2,False,False
4179,265,2,1,20241001,20241108.0,Completed,38,False,False
4180,265,2,1,20250101,20250214.0,Completed,44,False,False
4181,265,2,1,20250401,20250416.0,Completed,15,False,False
4182,265,2,1,20250701,20250724.0,Completed,23,False,False
4183,265,2,1,20251001,20251019.0,Completed,18,False,False
4184,265,2,1,20260101,20260210.0,Completed,40,False,False
4185,265,2,1,20260401,20260528.0,Completed,57,False,False
4186,265,2,1,20260701,20260710.0,Completed,9,False,False
4187,265,3,1,20240701,20240806.0,Completed,36,False,False
4188,265,3,1,20241001,20241205.0,Completed,65,False,False
4189,265,3,1,20250101,20250117.0,Completed,16,False,False
4190,265,3,1,20250401,20250414.0,Completed,13,False,False
4191,265,3,1,20250701,20250712.0,Completed,11,False,False
4192,265,3,1,20251001,20251014.0,Completed,13,False,False
4193,265,3,1,20260101,20260327.0,Completed,85,False,False
4194,265,3,1,20260401,20260708.0,Completed,98,False,False
4195,265,3,1,20260701,20260910.0,Completed,71,False,False
4196,266,4,1,20240701,20240712.0,Completed,11,False,False
4197,266,4,1,20241001,20241106.0,Completed,36,False,False
4198,266,4,1,20250101,20250106.0,Completed,5,False,False
4199,266,4,1,20250401,20250424.0,Completed,23,False,False
4200,266,4,1,20250701,20250709.0,Completed,8,False,False
4201,266,4,1,20251001,20251006.0,Completed,5,False,False
4202,266,4,1,20260101,20260119.0,Completed,18,False,False
4203,266,4,1,20260401,20260419.0,Completed,18,False,False
4204,266,4,1,20260701,20260720.0,Completed,19,False,False
4205,266,2,1,20240701,20240811.0,Completed,41,False,False
4206,266,2,1,20241001,20241104.0,Completed,34,False,False
4207,266,2,1,20250101,20250125.0,Completed,24,False,False
4208,266,2,1,20250401,20250429.0,Completed,28,False,False
4209,266,2,1,20250701,20250817.0,Completed,47,False,False
4210,266,2,1,20251001,20251103.0,Completed,33,False,False
4211,266,2,1,20260101,20260119.0,Completed,18,False,False
4212,266,2,1,20260401,20260416.0,Completed,15,False,False
4213,266,2,1,20260701,20260729.0,Completed,28,False,False
4214,267,6,1,20240701,20240802.0,Completed,32,False,False
4215,267,6,1,20241001,20241022.0,Completed,21,False,False
4216,267,6,1,20250101,20250204.0,Completed,34,False,False
4217,267,6,1,20250401,20250411.0,Completed,10,False,False
4218,267,6,1,20250701,20250717.0,Completed,16,False,False
4219,267,6,1,20251001,20251018.0,Completed,17,False,False
4220,267,6,1,20260101,20260125.0,Completed,24,False,False
4221,267,6,1,20260401,20260411.0,Completed,10,False,False
4222,267,6,1,20260701,20260722.0,Completed,21,False,False
4223,267,10,1,20240701,20240801.0,Completed,31,False,False
4224,267,10,1,20241001,20241014.0,Completed,13,False,False
4225,267,10,1,20250101,20250107.0,Completed,6,False,False
4226,267,10,1,20250401,20250503.0,Completed,32,False,False
4227,267,10,1,20250701,20250723.0,Completed,22,False,False
4228,267,10,1,20251001,20251005.0,Completed,4,False,False
4229,267,10,1,20260101,20260114.0,Completed,13,False,False
4230,267,10,1,20260401,20260515.0,Completed,44,False,False
4231,267,10,1,20260701,20260721.0,Completed,20,False,False
4232,268,8,1,20240701,20240715.0,Completed,14,False,False
4233,268,8,1,20241001,20241007.0,Completed,6,False,False
4234,268,8,1,20250101,20250107.0,Completed,6,False,False
4235,268,8,1,20250401,20250424.0,Completed,23,False,False
4236,268,8,1,20250701,20250707.0,Completed,6,False,False
4237,268,8,1,20251001,20251018.0,Completed,17,False,False
4238,268,8,1,20260101,20260114.0,Completed,13,False,False
4239,268,8,1,20260401,20260418.0,Completed,17,False,False
4240,268,8,1,20260701,20260713.0,Completed,12,False,False
4241,269,9,1,20240701,20240720.0,Completed,19,False,False
4242,269,9,1,20241001,20241027.0,Completed,26,False,False
4243,269,9,1,20250101,20250113.0,Completed,12,False,False
4244,269,9,1,20250401,20250426.0,Completed,25,False,False
4245,269,9,1,20250701,20250805.0,Completed,35,False,False
4246,269,9,1,20251001,20251018.0,Completed,17,False,False
4247,269,9,1,20260101,20260124.0,Completed,23,False,False
4248,269,9,1,20260401,20260406.0,Completed,5,False,False
4249,269,9,1,20260701,20260713.0,Completed,12,False,False
4250,270,5,1,20240701,20240706.0,Completed,5,False,False
4251,270,5,1,20241001,20241016.0,Completed,15,False,False
4252,270,5,1,20250101,20250121.0,Completed,20,False,False
4253,270,5,1,20250401,20250616.0,Completed,76,False,False
4254,270,5,1,20250701,20250713.0,Completed,12,False,False
4255,270,5,1,20251001,20251023.0,Completed,22,False,False
4256,270,5,1,20260101,20260111.0,Completed,10,False,False
4257,270,5,1,20260401,20260420.0,Completed,19,False,False
4258,270,5,1,20260701,20260801.0,Completed,31,False,False
4259,270,8,1,20240701,20240723.0,Completed,22,False,False
4260,270,8,1,20241001,20241011.0,Completed,10,False,False
4261,270,8,1,20250101,20250109.0,Completed,8,False,False
4262,270,8,1,20250401,20250509.0,Completed,38,False,False
4263,270,8,1,20250701,20250711.0,Completed,10,False,False
4264,270,8,1,20251001,20251003.0,Completed,2,False,False
4265,270,8,1,20260101,20260201.0,Completed,31,False,False
4266,270,8,1,20260401,20260403.0,Completed,2,False,False
4267,270,8,1,20260701,20260801.0,Completed,31,False,False
4268,271,8,1,20240701,20240704.0,Completed,3,False,False
4269,271,8,1,20241001,20241005.0,Completed,4,False,False
4270,271,8,1,20250101,20250106.0,Completed,5,False,False
4271,271,8,1,20250401,20250410.0,Completed,9,False,False
4272,271,8,1,20250701,20250802.0,Completed,32,False,False
4273,271,8,1,20251001,20251006.0,Completed,5,False,False
4274,271,8,1,20260101,20260120.0,Completed,19,False,False
4275,271,8,1,20260401,20260417.0,Completed,16,False,False
4276,271,8,1,20260701,20260715.0,Completed,14,False,False
4277,272,8,1,20240701,20240729.0,Completed,28,False,False
4278,272,8,1,20241001,20241016.0,Completed,15,False,False
4279,272,8,1,20250101,20250117.0,Completed,16,False,False
4280,272,8,1,20250401,20250424.0,Completed,23,False,False
4281,272,8,1,20250701,20250710.0,Completed,9,False,False
4282,272,8,1,20251001,20251015.0,Completed,14,False,False
4283,272,8,1,20260101,20260118.0,Completed,17,False,False
4284,272,8,1,20260401,20260427.0,Completed,26,False,False
4285,272,8,1,20260701,20260713.0,Completed,12,False,False
4286,273,5,1,20240701,20240723.0,Completed,22,False,False
4287,273,5,1,20241001,20241101.0,Completed,31,False,False
4288,273,5,1,20250101,20250121.0,Completed,20,False,False
4289,273,5,1,20250401,20250413.0,Completed,12,False,False
4290,273,5,1,20250701,20250807.0,Completed,37,False,False
4291,273,5,1,20251001,20251026.0,Completed,25,False,False
4292,273,5,1,20260101,20260117.0,Completed,16,False,False
4293,273,5,1,20260401,20260409.0,Completed,8,False,False
4294,273,5,1,20260701,20260705.0,Completed,4,False,False
4295,273,1,1,20240701,20240809.0,Completed,39,False,False
4296,273,1,1,20241001,20241016.0,Completed,15,False,False
4297,273,1,1,20250101,20250107.0,Completed,6,False,False
4298,273,1,1,20250401,20250414.0,Completed,13,False,False
4299,273,1,1,20250701,20250804.0,Completed,34,False,False
4300,273,1,1,20251001,20251016.0,Completed,15,False,False
4301,273,1,1,20260101,20260205.0,Completed,35,False,False
4302,273,1,1,20260401,20260418.0,Completed,17,False,False
4303,273,1,1,20260701,20260728.0,Completed,27,False,False
4304,273,8,1,20240701,20240715.0,Completed,14,False,False
4305,273,8,1,20241001,20241023.0,Completed,22,False,False
4306,273,8,1,20250101,20250124.0,Completed,23,False,False
4307,273,8,1,20250401,20250415.0,Completed,14,False,False
4308,273,8,1,20250701,20250707.0,Completed,6,False,False
4309,273,8,1,20251001,20251031.0,Completed,30,False,False
4310,273,8,1,20260101,20260111.0,Completed,10,False,False
4311,273,8,1,20260401,20260402.0,Completed,1,False,False
4312,273,8,1,20260701,20260718.0,Completed,17,False,False
4313,274,1,1,20240701,20240805.0,Completed,35,False,True
4314,274,1,1,20241001,20241021.0,Completed,20,False,True
4315,274,1,1,20250101,20250108.0,Completed,7,False,False
4316,274,1,1,20250401,20250406.0,Completed,5,False,False
4317,274,1,1,20250701,20250723.0,Completed,22,False,False
4318,274,1,1,20251001,20251012.0,Completed,11,False,False
4319,274,1,1,20260101,20260222.0,Completed,52,False,False
4320,274,1,1,20260401,20260422.0,Completed,21,False,False
4321,274,1,1,20260701,20260720.0,Completed,19,False,False
4322,275,5,1,20240701,20240826.0,Completed,56,False,True
4323,275,5,1,20241001,20241016.0,Completed,15,False,True
4324,275,5,1,20250101,20250131.0,Completed,30,False,True
4325,275,5,1,20250401,20250405.0,Completed,4,False,True
4326,275,5,1,20250701,20250715.0,Completed,14,False,False
4327,275,5,1,20251001,20251009.0,Completed,8,False,False
4328,275,5,1,20260101,20260112.0,Completed,11,False,False
4329,275,5,1,20260401,20260410.0,Completed,9,False,False
4330,275,5,1,20260701,20260825.0,Completed,55,False,False
4331,275,8,1,20240701,20240711.0,Completed,10,False,False
4332,275,8,1,20241001,20241105.0,Completed,35,False,False
4333,275,8,1,20250101,20250130.0,Completed,29,False,False
4334,275,8,1,20250401,20250415.0,Completed,14,False,False
4335,275,8,1,20250701,20250709.0,Completed,8,False,False
4336,275,8,1,20251001,20251009.0,Completed,8,False,False
4337,275,8,1,20260101,20260105.0,Completed,4,False,False
4338,275,8,1,20260401,20260418.0,Completed,17,False,False
4339,275,8,1,20260701,20260720.0,Completed,19,False,False
4340,276,5,1,20240701,20240713.0,Completed,12,False,False
4341,276,5,1,20241001,20241103.0,Completed,33,False,False
4342,276,5,1,20250101,20250114.0,Completed,13,False,False
4343,276,5,1,20250401,20250415.0,Completed,14,False,False
4344,276,5,1,20250701,20250728.0,Completed,27,False,False
4345,276,5,1,20251001,20251010.0,Completed,9,False,False
4346,276,5,1,20260101,20260114.0,Completed,13,False,False
4347,276,5,1,20260401,20260508.0,Completed,37,False,False
4348,276,5,1,20260701,20260725.0,Completed,24,False,False
4349,276,1,1,20240701,20240731.0,Completed,30,False,False
4350,276,1,1,20241001,20241103.0,Completed,33,False,False
4351,276,1,1,20250101,20250114.0,Completed,13,False,False
4352,276,1,1,20250401,20250423.0,Completed,22,False,False
4353,276,1,1,20250701,20250723.0,Completed,22,False,False
4354,276,1,1,20251001,20251118.0,Completed,48,False,False
4355,276,1,1,20260101,20260123.0,Completed,22,False,False
4356,276,1,1,20260401,20260509.0,Completed,38,False,False
4357,276,1,1,20260701,20260725.0,Completed,24,False,False
4358,276,8,1,20240701,20240726.0,Completed,25,False,False
4359,276,8,1,20241001,20241010.0,Completed,9,False,False
4360,276,8,1,20250101,20250106.0,Completed,5,False,False
4361,276,8,1,20250401,20250420.0,Completed,19,False,False
4362,276,8,1,20250701,20250720.0,Completed,19,False,False
4363,276,8,1,20251001,20251015.0,Completed,14,False,False
4364,276,8,1,20260101,20260113.0,Completed,12,False,False
4365,276,8,1,20260401,20260420.0,Completed,19,False,False
4366,276,8,1,20260701,20260706.0,Completed,5,False,False
4367,277,8,1,20240701,20240718.0,Completed,17,False,False
4368,277,8,1,20241001,20241107.0,Completed,37,False,False
4369,277,8,1,20250101,20250109.0,Completed,8,False,False
4370,277,8,1,20250401,20250412.0,Completed,11,False,False
4371,277,8,1,20250701,20250801.0,Completed,31,False,False
4372,277,8,1,20251001,20251015.0,Completed,14,False,False
4373,277,8,1,20260101,20260125.0,Completed,24,False,False
4374,277,8,1,20260401,20260419.0,Completed,18,False,False
4375,277,8,1,20260701,20260720.0,Completed,19,False,False
4376,277,2,1,20240701,20240716.0,Completed,15,False,False
4377,277,2,1,20241001,20241016.0,Completed,15,False,False
4378,277,2,1,20250101,20250213.0,Completed,43,False,False
4379,277,2,1,20250401,20250408.0,Completed,7,False,False
4380,277,2,1,20250701,20250724.0,Completed,23,False,False
4381,277,2,1,20251001,20251109.0,Completed,39,False,False
4382,277,2,1,20260101,20260123.0,Completed,22,False,False
4383,277,2,1,20260401,20260425.0,Completed,24,False,False
4384,277,2,1,20260701,20260819.0,Completed,49,False,False
4385,277,4,1,20240701,20240804.0,Completed,34,False,False
4386,277,4,1,20241001,20241128.0,Completed,58,False,False
4387,277,4,1,20250101,20250202.0,Completed,32,False,False
4388,277,4,1,20250401,20250410.0,Completed,9,False,False
4389,277,4,1,20250701,20250707.0,Completed,6,False,False
4390,277,4,1,20251001,20251010.0,Completed,9,False,False
4391,277,4,1,20260101,20260121.0,Completed,20,False,False
4392,277,4,1,20260401,20260411.0,Completed,10,False,False
4393,277,4,1,20260701,20260709.0,Completed,8,False,False
4394,278,7,1,20240701,20240806.0,Completed,36,False,False
4395,278,7,1,20241001,20241011.0,Completed,10,False,False
4396,278,7,1,20250101,20250120.0,Completed,19,False,False
4397,278,7,1,20250401,20250419.0,Completed,18,False,False
4398,278,7,1,20250701,20250703.0,Completed,2,False,False
4399,278,7,1,20251001,20251105.0,Completed,35,False,False
4400,278,7,1,20260101,20260106.0,Completed,5,False,False
4401,278,7,1,20260401,20260404.0,Completed,3,False,False
4402,278,7,1,20260701,20260710.0,Completed,9,False,False
4403,279,1,1,20240701,20240714.0,Completed,13,False,False
4404,279,1,1,20241001,20241202.0,Completed,62,False,False
4405,279,1,1,20250101,20250203.0,Completed,33,False,False
4406,279,1,1,20250401,20250418.0,Completed,17,False,False
4407,279,1,1,20250701,20250707.0,Completed,6,False,False
4408,279,1,1,20251001,20251106.0,Completed,36,False,False
4409,279,1,1,20260101,20260122.0,Completed,21,False,False
4410,279,1,1,20260401,20260510.0,Completed,39,False,False
4411,279,1,1,20260701,20260803.0,Completed,33,False,False
4412,279,9,1,20240701,20240708.0,Completed,7,False,False
4413,279,9,1,20241001,20241022.0,Completed,21,False,False
4414,279,9,1,20250101,20250105.0,Completed,4,False,False
4415,279,9,1,20250401,20250411.0,Completed,10,False,False
4416,279,9,1,20250701,20250712.0,Completed,11,False,False
4417,279,9,1,20251001,20251014.0,Completed,13,False,False
4418,279,9,1,20260101,20260105.0,Completed,4,False,False
4419,279,9,1,20260401,20260501.0,Completed,30,False,False
4420,279,9,1,20260701,20260708.0,Completed,7,False,False
4421,280,1,1,20240701,20240706.0,Completed,5,False,False
4422,280,1,1,20241001,20241104.0,Completed,34,False,False
4423,280,1,1,20250101,20250401.0,Completed,90,False,False
4424,280,1,1,20250401,20250405.0,Completed,4,False,False
4425,280,1,1,20250701,20250820.0,Completed,50,False,False
4426,280,1,1,20251001,20251028.0,Completed,27,False,False
4427,280,1,1,20260101,20260109.0,Completed,8,False,False
4428,280,1,1,20260401,20260424.0,Completed,23,False,False
4429,280,1,1,20260701,20260915.0,Completed,76,False,False
4430,280,9,1,20240701,20240802.0,Completed,32,False,False
4431,280,9,1,20241001,20241205.0,Completed,65,False,False
4432,280,9,1,20250101,20250123.0,Completed,22,False,False
4433,280,9,1,20250401,20250410.0,Completed,9,False,False
4434,280,9,1,20250701,20250726.0,Completed,25,False,False
4435,280,9,1,20251001,20251008.0,Completed,7,False,False
4436,280,9,1,20260101,20260113.0,Completed,12,False,False
4437,280,9,1,20260401,20260408.0,Completed,7,False,False
4438,280,9,1,20260701,20260723.0,Completed,22,False,False
4439,281,7,1,20240701,20240722.0,Completed,21,False,False
4440,281,7,1,20241001,20241009.0,Completed,8,False,False
4441,281,7,1,20250101,20250129.0,Completed,28,False,False
4442,281,7,1,20250401,20250506.0,Completed,35,False,False
4443,281,7,1,20250701,20250710.0,Completed,9,False,False
4444,281,7,1,20251001,20251019.0,Completed,18,False,False
4445,281,7,1,20260101,20260206.0,Completed,36,False,False
4446,281,7,1,20260401,20260418.0,Completed,17,False,False
4447,281,7,1,20260701,20260711.0,Completed,10,False,False
4448,281,8,1,20240701,20240714.0,Completed,13,False,False
4449,281,8,1,20241001,20241010.0,Completed,9,False,False
4450,281,8,1,20250101,20250130.0,Completed,29,False,False
4451,281,8,1,20250401,20250428.0,Completed,27,False,False
4452,281,8,1,20250701,20250708.0,Completed,7,False,False
4453,281,8,1,20251001,20251009.0,Completed,8,False,False
4454,281,8,1,20260101,20260104.0,Completed,3,False,False
4455,281,8,1,20260401,20260421.0,Completed,20,False,False
4456,281,8,1,20260701,20260706.0,Completed,5,False,False
4457,281,1,1,20240701,20241007.0,Completed,98,False,False
4458,281,1,1,20241001,20241014.0,Completed,13,False,False
4459,281,1,1,20250101,20250105.0,Completed,4,False,False
4460,281,1,1,20250401,20250410.0,Completed,9,False,False
4461,281,1,1,20250701,20250803.0,Completed,33,False,False
4462,281,1,1,20251001,20251026.0,Completed,25,False,False
4463,281,1,1,20260101,20260114.0,Completed,13,False,False
4464,281,1,1,20260401,20260425.0,Completed,24,False,False
4465,281,1,1,20260701,20260717.0,Completed,16,False,False
4466,282,9,1,20240701,20240720.0,Completed,19,False,False
4467,282,9,1,20241001,20241006.0,Completed,5,False,False
4468,282,9,1,20250101,20250116.0,Completed,15,False,False
4469,282,9,1,20250401,20250416.0,Completed,15,False,False
4470,282,9,1,20250701,20250714.0,Completed,13,False,False
4471,282,9,1,20251001,20251019.0,Completed,18,False,False
4472,282,9,1,20260101,20260113.0,Completed,12,False,False
4473,282,9,1,20260401,20260423.0,Completed,22,False,False
4474,282,9,1,20260701,20260714.0,Completed,13,False,False
4475,283,9,1,20240701,20240731.0,Completed,30,False,False
4476,283,9,1,20241001,20241016.0,Completed,15,False,False
4477,283,9,1,20250101,20250130.0,Completed,29,False,False
4478,283,1,1,20240701,20240717.0,Completed,16,False,False
4479,283,1,1,20241001,20241012.0,Completed,11,False,False
4480,283,1,1,20250101,20250213.0,Completed,43,False,False
4481,283,1,1,20250401,20250427.0,Completed,26,True,False
4482,283,1,1,20250701,20250703.0,Completed,2,True,False
4483,284,4,1,20240701,20240708.0,Completed,7,False,False
4484,284,4,1,20241001,20241018.0,Completed,17,False,False
4485,284,4,1,20250101,20250113.0,Completed,12,False,False
4486,284,4,1,20250401,20250408.0,Completed,7,False,False
4487,284,4,1,20250701,20250714.0,Completed,13,False,False
4488,284,4,1,20251001,20251015.0,Completed,14,False,False
4489,284,4,1,20260101,20260104.0,Completed,3,False,False
4490,284,4,1,20260401,20260429.0,Completed,28,False,False
4491,284,4,1,20260701,20260803.0,Completed,33,False,False
4492,284,8,1,20240701,20240708.0,Completed,7,False,False
4493,284,8,1,20241001,20241114.0,Completed,44,False,False
4494,284,8,1,20250101,20250113.0,Completed,12,False,False
4495,284,8,1,20250401,20250409.0,Completed,8,False,False
4496,284,8,1,20250701,20250709.0,Completed,8,False,False
4497,284,8,1,20251001,20251112.0,Completed,42,False,False
4498,284,8,1,20260101,20260106.0,Completed,5,False,False
4499,284,8,1,20260401,20260416.0,Completed,15,False,False
4500,284,8,1,20260701,20260717.0,Completed,16,False,False
4501,285,1,1,20240701,20240814.0,Completed,44,False,False
4502,285,1,1,20241001,20241029.0,Completed,28,False,False
4503,285,1,1,20250101,20250322.0,Completed,80,False,False
4504,285,1,1,20250401,20250630.0,Completed,90,False,False
4505,285,1,1,20250701,20250907.0,Completed,68,True,False
4506,286,5,1,20240701,20240729.0,Completed,28,False,False
4507,286,5,1,20241001,20241111.0,Completed,41,False,False
4508,286,5,1,20250101,20250118.0,Completed,17,False,False
4509,286,5,1,20250401,20250518.0,Completed,47,False,False
4510,286,5,1,20250701,20250714.0,Completed,13,False,False
4511,286,5,1,20251001,20251011.0,Completed,10,False,False
4512,286,5,1,20260101,20260111.0,Completed,10,False,False
4513,286,5,1,20260401,20260503.0,Completed,32,False,False
4514,286,5,1,20260701,20260830.0,Completed,60,False,False
4515,287,1,1,20240701,20240917.0,Completed,78,False,False
4516,287,1,1,20241001,20241004.0,Completed,3,False,False
4517,287,1,1,20250101,20250222.0,Completed,52,False,False
4518,287,1,1,20250401,20250412.0,Completed,11,False,False
4519,287,1,1,20250701,20251023.0,Completed,114,False,False
4520,287,1,1,20251001,20251009.0,Completed,8,False,False
4521,287,1,1,20260101,20260106.0,Completed,5,False,False
4522,287,1,1,20260401,20260524.0,Completed,53,False,False
4523,287,1,1,20260701,20260720.0,Completed,19,False,False
4524,287,9,1,20240701,20240710.0,Completed,9,False,False
4525,287,9,1,20241001,20241008.0,Completed,7,False,False
4526,287,9,1,20250101,20250109.0,Completed,8,False,False
4527,287,9,1,20250401,20250428.0,Completed,27,False,False
4528,287,9,1,20250701,20250707.0,Completed,6,False,False
4529,287,9,1,20251001,20251013.0,Completed,12,False,False
4530,287,9,1,20260101,20260106.0,Completed,5,False,False
4531,287,9,1,20260401,20260415.0,Completed,14,False,False
4532,287,9,1,20260701,20260710.0,Completed,9,False,False
4533,288,8,1,20240701,20240720.0,Completed,19,False,False
4534,288,8,1,20241001,20241021.0,Completed,20,False,False
4535,288,8,1,20250101,20250207.0,Completed,37,False,False
4536,288,8,1,20250401,20250526.0,Completed,55,False,False
4537,288,8,1,20250701,20250709.0,Completed,8,False,False
4538,288,8,1,20251001,20251023.0,Completed,22,False,False
4539,288,8,1,20260101,20260110.0,Completed,9,False,False
4540,288,8,1,20260401,20260421.0,Completed,20,False,False
4541,288,8,1,20260701,20260720.0,Completed,19,False,False
4542,288,4,1,20240701,20240720.0,Completed,19,False,False
4543,288,4,1,20241001,20241024.0,Completed,23,False,False
4544,288,4,1,20250101,20250116.0,Completed,15,False,False
4545,288,4,1,20250401,20250411.0,Completed,10,False,False
4546,288,4,1,20250701,20250715.0,Completed,14,False,False
4547,288,4,1,20251001,20251122.0,Completed,52,False,False
4548,288,4,1,20260101,20260109.0,Completed,8,False,False
4549,288,4,1,20260401,20260411.0,Completed,10,False,False
4550,288,4,1,20260701,20260708.0,Completed,7,False,False
4551,288,2,1,20240701,20240705.0,Completed,4,False,False
4552,288,2,1,20241001,20241026.0,Completed,25,False,False
4553,288,2,1,20250101,20250212.0,Completed,42,False,False
4554,288,2,1,20250401,20250413.0,Completed,12,False,False
4555,288,2,1,20250701,20250906.0,Completed,67,False,False
4556,288,2,1,20251001,20251106.0,Completed,36,False,False
4557,288,2,1,20260101,20260225.0,Completed,55,False,False
4558,288,2,1,20260401,20260505.0,Completed,34,False,False
4559,288,2,1,20260701,20260724.0,Completed,23,False,False
4560,289,1,1,20240701,20240721.0,Completed,20,False,False
4561,289,1,1,20241001,20241103.0,Completed,33,False,False
4562,289,1,1,20250101,20250205.0,Completed,35,False,False
4563,289,1,1,20250401,20250419.0,Completed,18,False,False
4564,289,1,1,20250701,20250724.0,Completed,23,False,False
4565,289,1,1,20251001,20251231.0,Completed,91,False,False
4566,289,1,1,20260101,20260130.0,Completed,29,False,False
4567,289,1,1,20260401,20260502.0,Completed,31,False,False
4568,289,1,1,20260701,20260916.0,Completed,77,False,False
4569,290,8,1,20240701,20240719.0,Completed,18,False,False
4570,290,8,1,20241001,20241014.0,Completed,13,False,False
4571,290,8,1,20250101,20250128.0,Completed,27,False,False
4572,290,8,1,20250401,20250424.0,Completed,23,False,False
4573,290,8,1,20250701,20250717.0,Completed,16,False,False
4574,290,8,1,20251001,20251018.0,Completed,17,False,False
4575,290,8,1,20260101,20260112.0,Completed,11,False,False
4576,290,8,1,20260401,20260406.0,Completed,5,False,False
4577,290,8,1,20260701,20260722.0,Completed,21,False,False
4578,290,5,1,20240701,20240706.0,Completed,5,False,False
4579,290,5,1,20241001,20241009.0,Completed,8,False,False
4580,290,5,1,20250101,20250119.0,Completed,18,False,False
4581,290,5,1,20250401,20250418.0,Completed,17,False,False
4582,290,5,1,20250701,20250806.0,Completed,36,False,False
4583,290,5,1,20251001,20251113.0,Completed,43,False,False
4584,290,5,1,20260101,20260323.0,Completed,81,False,False
4585,290,5,1,20260401,20260405.0,Completed,4,False,False
4586,290,5,1,20260701,20260801.0,Completed,31,False,False
4587,290,1,1,20240701,20240807.0,Completed,37,False,False
4588,290,1,1,20241001,20241103.0,Completed,33,False,False
4589,290,1,1,20250101,20250211.0,Completed,41,False,False
4590,290,1,1,20250401,20250518.0,Completed,47,False,False
4591,290,1,1,20250701,20250907.0,Completed,68,False,False
4592,290,1,1,20251001,20251104.0,Completed,34,False,False
4593,290,1,1,20260101,20260325.0,Completed,83,False,False
4594,290,1,1,20260401,20260505.0,Completed,34,False,False
4595,290,1,1,20260701,20260720.0,Completed,19,False,False
4596,291,8,1,20240701,20240717.0,Completed,16,False,False
4597,291,8,1,20241001,20241008.0,Completed,7,False,False
4598,291,8,1,20250101,20250108.0,Completed,7,False,False
4599,291,8,1,20250401,20250413.0,Completed,12,False,False
4600,291,8,1,20250701,20250712.0,Completed,11,False,False
4601,291,8,1,20251001,20251104.0,Completed,34,False,False
4602,291,8,1,20260101,20260113.0,Completed,12,False,False
4603,291,8,1,20260401,20260407.0,Completed,6,False,False
4604,291,8,1,20260701,20260715.0,Completed,14,False,False
4605,291,2,1,20240701,20240804.0,Completed,34,False,False
4606,291,2,1,20241001,20241031.0,Completed,30,False,False
4607,291,2,1,20250101,20250112.0,Completed,11,False,False
4608,291,2,1,20250401,20250612.0,Completed,72,False,False
4609,291,2,1,20250701,20250706.0,Completed,5,False,False
4610,291,2,1,20251001,20251031.0,Completed,30,False,False
4611,291,2,1,20260101,20260112.0,Completed,11,False,False
4612,291,2,1,20260401,20260527.0,Completed,56,False,False
4613,291,2,1,20260701,20260808.0,Completed,38,False,False
4614,292,1,1,20240701,20240804.0,Completed,34,False,False
4615,292,1,1,20241001,20241024.0,Completed,23,False,False
4616,292,1,1,20250101,20250310.0,Completed,68,False,False
4617,292,1,1,20250401,20250424.0,Completed,23,False,False
4618,292,1,1,20250701,20250926.0,Completed,87,False,False
4619,292,1,1,20251001,20251014.0,Completed,13,False,False
4620,292,1,1,20260101,20260129.0,Completed,28,False,False
4621,292,1,1,20260401,20260517.0,Completed,46,False,False
4622,292,1,1,20260701,20260810.0,Completed,40,False,False
4623,293,8,1,20240701,20240714.0,Completed,13,False,False
4624,293,8,1,20241001,20241004.0,Completed,3,False,False
4625,293,8,1,20250101,20250117.0,Completed,16,False,False
4626,293,8,1,20250401,20250411.0,Completed,10,False,False
4627,293,8,1,20250701,20250709.0,Completed,8,False,False
4628,293,8,1,20251001,20251025.0,Completed,24,False,False
4629,293,8,1,20260101,20260103.0,Completed,2,False,False
4630,293,8,1,20260401,20260414.0,Completed,13,False,False
4631,293,8,1,20260701,20260702.0,Completed,1,False,False
4632,293,9,1,20240701,20240721.0,Completed,20,False,False
4633,293,9,1,20241001,20241025.0,Completed,24,False,False
4634,293,9,1,20250101,20250116.0,Completed,15,False,False
4635,293,9,1,20250401,20250410.0,Completed,9,False,False
4636,293,9,1,20250701,20250804.0,Completed,34,False,False
4637,293,9,1,20251001,20251105.0,Completed,35,False,False
4638,293,9,1,20260101,20260119.0,Completed,18,False,False
4639,293,9,1,20260401,20260510.0,Completed,39,False,False
4640,293,9,1,20260701,20260708.0,Completed,7,False,False
4641,293,2,1,20240701,20240726.0,Completed,25,False,False
4642,293,2,1,20241001,20241003.0,Completed,2,False,False
4643,293,2,1,20250101,20250111.0,Completed,10,False,False
4644,293,2,1,20250401,20250410.0,Completed,9,False,False
4645,293,2,1,20250701,20250810.0,Completed,40,False,False
4646,293,2,1,20251001,20251012.0,Completed,11,False,False
4647,293,2,1,20260101,20260117.0,Completed,16,False,False
4648,293,2,1,20260401,20260418.0,Completed,17,False,False
4649,293,2,1,20260701,20260709.0,Completed,8,False,False
4650,294,8,1,20240701,20240716.0,Completed,15,False,False
4651,294,8,1,20241001,20241018.0,Completed,17,False,False
4652,294,8,1,20250101,20250104.0,Completed,3,False,False
4653,294,8,1,20250401,20250423.0,Completed,22,False,False
4654,294,8,1,20250701,20250707.0,Completed,6,False,False
4655,294,8,1,20251001,20251010.0,Completed,9,False,False
4656,294,8,1,20260101,20260120.0,Completed,19,False,False
4657,294,8,1,20260401,20260410.0,Completed,9,False,False
4658,294,8,1,20260701,20260706.0,Completed,5,False,False
4659,294,1,1,20240701,20240729.0,Completed,28,False,False
4660,294,1,1,20241001,20241126.0,Completed,56,False,False
4661,294,1,1,20250101,20250222.0,Completed,52,False,False
4662,294,1,1,20250401,20250417.0,Completed,16,False,False
4663,294,1,1,20250701,20250713.0,Completed,12,False,False
4664,294,1,1,20251001,20251015.0,Completed,14,False,False
4665,294,1,1,20260101,20260222.0,Completed,52,False,False
4666,294,1,1,20260401,20260415.0,Completed,14,False,False
4667,294,1,1,20260701,20260914.0,Completed,75,False,False
4668,295,2,1,20240701,20240808.0,Completed,38,False,False
4669,295,2,1,20241001,20241026.0,Completed,25,False,False
4670,295,2,1,20250101,20250117.0,Completed,16,False,False
4671,295,2,1,20250401,20250429.0,Completed,28,False,False
4672,295,2,1,20250701,20250711.0,Completed,10,False,False
4673,295,2,1,20251001,20251008.0,Completed,7,False,False
4674,295,2,1,20260101,20260208.0,Completed,38,True,False
4675,295,2,1,20260401,20260426.0,Completed,25,True,False
4676,295,4,1,20240701,20240724.0,Completed,23,False,False
4677,295,4,1,20241001,20241017.0,Completed,16,False,False
4678,295,4,1,20250101,20250109.0,Completed,8,False,False
4679,295,4,1,20250401,20250427.0,Completed,26,False,False
4680,295,4,1,20250701,20250710.0,Completed,9,False,False
4681,295,4,1,20251001,20251101.0,Completed,31,False,False
4682,296,10,1,20240701,20240709.0,Completed,8,False,False
4683,296,10,1,20241001,20241005.0,Completed,4,False,False
4684,296,10,1,20250101,20250205.0,Completed,35,False,False
4685,296,10,1,20250401,20250409.0,Completed,8,False,False
4686,296,10,1,20250701,20250710.0,Completed,9,False,False
4687,296,10,1,20251001,20251005.0,Completed,4,False,False
4688,296,10,1,20260101,20260113.0,Completed,12,False,False
4689,296,10,1,20260401,20260406.0,Completed,5,False,False
4690,296,10,1,20260701,20260803.0,Completed,33,False,False
4691,296,6,1,20240701,20240711.0,Completed,10,False,False
4692,296,6,1,20241001,20241007.0,Completed,6,False,False
4693,296,6,1,20250101,20250115.0,Completed,14,False,False
4694,296,6,1,20250401,20250525.0,Completed,54,False,False
4695,296,6,1,20250701,20250715.0,Completed,14,False,False
4696,296,6,1,20251001,20251012.0,Completed,11,False,False
4697,296,6,1,20260101,20260114.0,Completed,13,False,False
4698,296,6,1,20260401,20260424.0,Completed,23,False,False
4699,296,6,1,20260701,20260723.0,Completed,22,False,False
4700,297,8,1,20240701,20240717.0,Completed,16,False,False
4701,297,8,1,20241001,20241028.0,Completed,27,False,False
4702,297,8,1,20250101,20250115.0,Completed,14,False,False
4703,297,8,1,20250401,20250412.0,Completed,11,False,False
4704,297,8,1,20250701,20250715.0,Completed,14,False,False
4705,297,8,1,20251001,20251009.0,Completed,8,False,False
4706,297,8,1,20260101,20260125.0,Completed,24,False,False
4707,297,8,1,20260401,20260409.0,Completed,8,False,False
4708,297,8,1,20260701,20260703.0,Completed,2,False,False
4709,298,8,1,20240701,20240704.0,Completed,3,False,False
4710,298,8,1,20241001,20241018.0,Completed,17,False,False
4711,298,8,1,20250101,20250108.0,Completed,7,False,False
4712,298,8,1,20250401,20250423.0,Completed,22,False,False
4713,298,8,1,20250701,20250714.0,Completed,13,False,False
4714,298,8,1,20251001,20251025.0,Completed,24,False,False
4715,298,8,1,20260101,20260103.0,Completed,2,False,False
4716,298,8,1,20260401,20260409.0,Completed,8,False,False
4717,298,8,1,20260701,20260707.0,Completed,6,False,False
4718,299,2,1,20240701,20241031.0,Completed,122,False,False
4719,299,2,1,20241001,20241019.0,Completed,18,False,False
4720,299,2,1,20250101,20250107.0,Completed,6,False,False
4721,299,2,1,20250401,20250505.0,Completed,34,False,False
4722,299,2,1,20250701,20250712.0,Completed,11,False,False
4723,299,2,1,20251001,20251121.0,Completed,51,False,False
4724,299,2,1,20260101,20260227.0,Completed,57,False,False
4725,299,2,1,20260401,20260413.0,Completed,12,False,False
4726,299,2,1,20260701,20260715.0,Completed,14,False,False
4727,299,9,1,20240701,20240717.0,Completed,16,False,False
4728,299,9,1,20241001,20241027.0,Completed,26,False,False
4729,299,9,1,20250101,20250118.0,Completed,17,False,False
4730,299,9,1,20250401,20250410.0,Completed,9,False,False
4731,299,9,1,20250701,20250705.0,Completed,4,False,False
4732,299,9,1,20251001,20251110.0,Completed,40,False,False
4733,299,9,1,20260101,20260118.0,Completed,17,False,False
4734,299,9,1,20260401,20260516.0,Completed,45,False,False
4735,299,9,1,20260701,20260720.0,Completed,19,False,False
4736,300,8,1,20240701,20240812.0,Completed,42,False,False
4737,300,8,1,20241001,20241008.0,Completed,7,False,False
4738,300,8,1,20250101,20250108.0,Completed,7,False,False
4739,300,8,1,20250401,20250412.0,Completed,11,False,False
4740,300,8,1,20250701,20250707.0,Completed,6,False,False
4741,300,8,1,20251001,20251004.0,Completed,3,False,False
4742,300,8,1,20260101,20260109.0,Completed,8,False,False
4743,300,8,1,20260401,20260420.0,Completed,19,False,False
4744,300,8,1,20260701,20260705.0,Completed,4,False,False
4745,301,9,1,20240701,20240706.0,Completed,5,False,False
4746,301,9,1,20241001,20241009.0,Completed,8,False,False
4747,301,9,1,20250101,20250107.0,Completed,6,False,False
4748,301,9,1,20250401,20250409.0,Completed,8,False,False
4749,301,9,1,20250701,20250713.0,Completed,12,False,False
4750,301,9,1,20251001,20251006.0,Completed,5,False,False
4751,301,9,1,20260101,20260109.0,Completed,8,False,False
4752,301,9,1,20260401,20260414.0,Completed,13,False,False
4753,301,9,1,20260701,20260707.0,Completed,6,False,False
4754,301,8,1,20240701,20240705.0,Completed,4,False,False
4755,301,8,1,20241001,20241008.0,Completed,7,False,False
4756,301,8,1,20250101,20250111.0,Completed,10,False,False
4757,301,8,1,20250401,20250404.0,Completed,3,False,False
4758,301,8,1,20250701,20250720.0,Completed,19,False,False
4759,301,8,1,20251001,20251011.0,Completed,10,False,False
4760,301,8,1,20260101,20260108.0,Completed,7,False,False
4761,301,8,1,20260401,20260404.0,Completed,3,False,False
4762,301,8,1,20260701,20260718.0,Completed,17,False,False
4763,301,2,1,20240701,20240827.0,Completed,57,False,False
4764,301,2,1,20241001,20241017.0,Completed,16,False,False
4765,301,2,1,20250101,20250328.0,Completed,86,False,False
4766,301,2,1,20250401,20250425.0,Completed,24,False,False
4767,301,2,1,20250701,20250726.0,Completed,25,False,False
4768,301,2,1,20251001,20251116.0,Completed,46,False,False
4769,301,2,1,20260101,20260206.0,Completed,36,False,False
4770,301,2,1,20260401,20260410.0,Completed,9,False,False
4771,301,2,1,20260701,20260716.0,Completed,15,False,False
4772,302,1,1,20240701,20240822.0,Completed,52,False,False
4773,302,1,1,20241001,20241107.0,Completed,37,False,False
4774,302,1,1,20250101,20250328.0,Completed,86,False,False
4775,302,1,1,20250401,20250504.0,Completed,33,False,False
4776,302,1,1,20250701,20250808.0,Completed,38,False,False
4777,302,1,1,20251001,20251014.0,Completed,13,False,False
4778,302,1,1,20260101,20260227.0,Completed,57,False,False
4779,302,1,1,20260401,20260403.0,Completed,2,False,False
4780,302,1,1,20260701,20260729.0,Completed,28,False,False
4781,302,5,1,20240701,20240801.0,Completed,31,False,False
4782,302,5,1,20241001,20241026.0,Completed,25,False,False
4783,302,5,1,20250101,20250121.0,Completed,20,False,False
4784,302,5,1,20250401,20250419.0,Completed,18,False,False
4785,302,5,1,20250701,20250722.0,Completed,21,False,False
4786,302,5,1,20251001,20251009.0,Completed,8,False,False
4787,302,5,1,20260101,20260126.0,Completed,25,False,False
4788,302,5,1,20260401,20260412.0,Completed,11,False,False
4789,302,5,1,20260701,20260714.0,Completed,13,False,False
4790,303,3,1,20240701,20240710.0,Completed,9,False,False
4791,303,3,1,20241001,20250208.0,Completed,130,False,False
4792,303,3,1,20250101,20250131.0,Completed,30,False,False
4793,303,3,1,20250401,20250408.0,Completed,7,False,False
4794,303,3,1,20250701,20250728.0,Completed,27,False,False
4795,303,3,1,20251001,20251126.0,Completed,56,False,False
4796,303,3,1,20260101,20260201.0,Completed,31,False,False
4797,303,3,1,20260401,20260425.0,Completed,24,False,False
4798,303,3,1,20260701,20260714.0,Completed,13,False,False
4799,303,8,1,20240701,20240716.0,Completed,15,False,False
4800,303,8,1,20241001,20241022.0,Completed,21,False,False
4801,303,8,1,20250101,20250123.0,Completed,22,False,False
4802,303,8,1,20250401,20250415.0,Completed,14,False,False
4803,303,8,1,20250701,20250715.0,Completed,14,False,False
4804,303,8,1,20251001,20251101.0,Completed,31,False,False
4805,303,8,1,20260101,20260130.0,Completed,29,False,False
4806,303,8,1,20260401,20260412.0,Completed,11,False,False
4807,303,8,1,20260701,20260811.0,Completed,41,False,False
4808,304,1,1,20240701,20240708.0,Completed,7,False,False
4809,304,1,1,20241001,20241031.0,Completed,30,False,False
4810,304,1,1,20250101,20250202.0,Completed,32,False,False
4811,304,1,1,20250401,20250413.0,Completed,12,False,False
4812,304,1,1,20250701,20250707.0,Completed,6,False,False
4813,304,1,1,20251001,20251013.0,Completed,12,False,False
4814,304,1,1,20260101,20260219.0,Completed,49,False,False
4815,304,1,1,20260401,20260521.0,Completed,50,False,False
4816,304,1,1,20260701,20260811.0,Completed,41,False,False
4817,305,8,1,20240701,20240708.0,Completed,7,False,False
4818,305,8,1,20241001,20241026.0,Completed,25,False,False
4819,305,8,1,20250101,20250108.0,Completed,7,False,False
4820,305,8,1,20250401,20250417.0,Completed,16,False,False
4821,305,8,1,20250701,20250714.0,Completed,13,False,False
4822,305,8,1,20251001,20251010.0,Completed,9,False,False
4823,305,8,1,20260101,20260121.0,Completed,20,False,False
4824,305,8,1,20260401,20260424.0,Completed,23,False,False
4825,305,8,1,20260701,20260708.0,Completed,7,False,False
4826,305,7,1,20240701,20240714.0,Completed,13,False,False
4827,305,7,1,20241001,20241023.0,Completed,22,False,False
4828,305,7,1,20250101,20250102.0,Completed,1,False,False
4829,305,7,1,20250401,20250418.0,Completed,17,False,False
4830,305,7,1,20250701,20250723.0,Completed,22,False,False
4831,305,7,1,20251001,20251019.0,Completed,18,False,False
4832,305,7,1,20260101,20260119.0,Completed,18,False,False
4833,305,7,1,20260401,20260413.0,Completed,12,False,False
4834,305,7,1,20260701,20260722.0,Completed,21,False,False
4835,306,8,1,20240701,20240705.0,Completed,4,False,False
4836,306,8,1,20241001,20241007.0,Completed,6,False,False
4837,306,8,1,20250101,20250119.0,Completed,18,False,False
4838,306,8,1,20250401,20250422.0,Completed,21,False,False
4839,306,8,1,20250701,20250729.0,Completed,28,False,False
4840,306,8,1,20251001,20251107.0,Completed,37,False,False
4841,306,8,1,20260101,20260108.0,Completed,7,False,False
4842,306,8,1,20260401,20260406.0,Completed,5,False,False
4843,306,8,1,20260701,20260725.0,Completed,24,False,False
4844,306,7,1,20240701,20240710.0,Completed,9,False,False
4845,306,7,1,20241001,20241013.0,Completed,12,False,False
4846,306,7,1,20250101,20250123.0,Completed,22,False,False
4847,306,7,1,20250401,20250416.0,Completed,15,False,False
4848,306,7,1,20250701,20250722.0,Completed,21,False,False
4849,306,7,1,20251001,20251007.0,Completed,6,False,False
4850,306,7,1,20260101,20260117.0,Completed,16,False,False
4851,306,7,1,20260401,20260417.0,Completed,16,False,False
4852,306,7,1,20260701,20260729.0,Completed,28,False,False
4853,306,1,1,20240701,20240903.0,Completed,64,False,False
4854,306,1,1,20241001,20241019.0,Completed,18,False,False
4855,306,1,1,20250101,20250112.0,Completed,11,False,False
4856,306,1,1,20250401,20250514.0,Completed,43,False,False
4857,306,1,1,20250701,20250706.0,Completed,5,False,False
4858,306,1,1,20251001,20251115.0,Completed,45,False,False
4859,306,1,1,20260101,20260218.0,Completed,48,False,False
4860,306,1,1,20260401,20260417.0,Completed,16,False,False
4861,306,1,1,20260701,20260703.0,Completed,2,False,False
4862,307,9,1,20240701,20240727.0,Completed,26,False,False
4863,307,9,1,20241001,20241104.0,Completed,34,False,False
4864,307,9,1,20250101,20250202.0,Completed,32,False,False
4865,307,9,1,20250401,20250504.0,Completed,33,False,False
4866,307,9,1,20250701,20250705.0,Completed,4,False,False
4867,307,9,1,20251001,20251014.0,Completed,13,False,False
4868,307,9,1,20260101,20260117.0,Completed,16,False,False
4869,307,9,1,20260401,20260415.0,Completed,14,False,False
4870,307,9,1,20260701,20260722.0,Completed,21,False,False
4871,307,8,1,20240701,20240706.0,Completed,5,False,False
4872,307,8,1,20241001,20241004.0,Completed,3,False,False
4873,307,8,1,20250101,20250103.0,Completed,2,False,False
4874,307,8,1,20250401,20250427.0,Completed,26,False,False
4875,307,8,1,20250701,20250705.0,Completed,4,False,False
4876,307,8,1,20251001,20251015.0,Completed,14,False,False
4877,307,8,1,20260101,20260109.0,Completed,8,False,False
4878,307,8,1,20260401,20260409.0,Completed,8,False,False
4879,307,8,1,20260701,20260712.0,Completed,11,False,False
4880,308,8,1,20240701,20240709.0,Completed,8,False,False
4881,308,8,1,20241001,20241004.0,Completed,3,False,False
4882,308,8,1,20250101,20250112.0,Completed,11,False,False
4883,308,8,1,20250401,20250408.0,Completed,7,False,False
4884,308,8,1,20250701,20250707.0,Completed,6,False,False
4885,308,8,1,20251001,20251110.0,Completed,40,False,False
4886,308,8,1,20260101,20260104.0,Completed,3,False,False
4887,308,8,1,20260401,20260412.0,Completed,11,False,False
4888,308,8,1,20260701,20260716.0,Completed,15,False,False
4889,309,4,1,20240701,20240810.0,Completed,40,False,False
4890,309,4,1,20241001,20241006.0,Completed,5,False,False
4891,309,4,1,20250101,20250201.0,Completed,31,False,False
4892,309,4,1,20250401,20250412.0,Completed,11,False,False
4893,309,4,1,20250701,20250712.0,Completed,11,False,False
4894,309,4,1,20251001,20251021.0,Completed,20,False,False
4895,309,4,1,20260101,20260204.0,Completed,34,False,False
4896,309,4,1,20260401,20260409.0,Completed,8,False,False
4897,309,4,1,20260701,20260717.0,Completed,16,False,False
4898,309,8,1,20240701,20240715.0,Completed,14,False,False
4899,309,8,1,20241001,20241015.0,Completed,14,False,False
4900,309,8,1,20250101,20250124.0,Completed,23,False,False
4901,309,8,1,20250401,20250408.0,Completed,7,False,False
4902,309,8,1,20250701,20250710.0,Completed,9,False,False
4903,309,8,1,20251001,20251004.0,Completed,3,False,False
4904,309,8,1,20260101,20260120.0,Completed,19,False,False
4905,309,8,1,20260401,20260414.0,Completed,13,False,False
4906,309,8,1,20260701,20260804.0,Completed,34,False,False
4907,310,8,1,20240701,20240706.0,Completed,5,False,False
4908,310,8,1,20241001,20241114.0,Completed,44,False,False
4909,310,8,1,20250101,20250122.0,Completed,21,False,False
4910,310,8,1,20250401,20250422.0,Completed,21,False,False
4911,310,8,1,20250701,20250709.0,Completed,8,False,False
4912,310,8,1,20251001,20251011.0,Completed,10,False,False
4913,310,8,1,20260101,20260110.0,Completed,9,False,False
4914,310,8,1,20260401,20260501.0,Completed,30,False,False
4915,310,8,1,20260701,20260703.0,Completed,2,False,False
4916,310,9,1,20240701,20240712.0,Completed,11,False,False
4917,310,9,1,20241001,20241013.0,Completed,12,False,False
4918,310,9,1,20250101,20250110.0,Completed,9,False,False
4919,310,9,1,20250401,20250407.0,Completed,6,False,False
4920,310,9,1,20250701,20250702.0,Completed,1,False,False
4921,310,9,1,20251001,20251013.0,Completed,12,False,False
4922,310,9,1,20260101,20260120.0,Completed,19,False,False
4923,310,9,1,20260401,20260414.0,Completed,13,False,False
4924,310,9,1,20260701,20260707.0,Completed,6,False,False
4925,311,7,1,20240701,20240713.0,Completed,12,False,False
4926,311,7,1,20241001,20241104.0,Completed,34,False,False
4927,311,7,1,20250101,20250108.0,Completed,7,False,False
4928,311,7,1,20250401,20250416.0,Completed,15,False,False
4929,311,7,1,20250701,20250717.0,Completed,16,False,False
4930,311,7,1,20251001,20251005.0,Completed,4,False,False
4931,311,7,1,20260101,20260111.0,Completed,10,False,False
4932,311,7,1,20260401,20260411.0,Completed,10,False,False
4933,311,7,1,20260701,20260714.0,Completed,13,False,False
4934,311,8,1,20240701,20240730.0,Completed,29,False,False
4935,311,8,1,20241001,20241005.0,Completed,4,False,False
4936,311,8,1,20250101,20250131.0,Completed,30,False,False
4937,311,8,1,20250401,20250421.0,Completed,20,False,False
4938,311,8,1,20250701,20250815.0,Completed,45,False,False
4939,311,8,1,20251001,20251003.0,Completed,2,False,False
4940,311,8,1,20260101,20260303.0,Completed,61,False,False
4941,311,8,1,20260401,20260404.0,Completed,3,False,False
4942,311,8,1,20260701,20260707.0,Completed,6,False,False
4943,312,8,1,20240701,20240707.0,Completed,6,False,False
4944,312,8,1,20241001,20241020.0,Completed,19,False,False
4945,312,8,1,20250101,20250112.0,Completed,11,False,False
4946,312,8,1,20250401,20250408.0,Completed,7,False,False
4947,312,8,1,20250701,20250809.0,Completed,39,False,False
4948,312,8,1,20251001,20251002.0,Completed,1,False,False
4949,312,8,1,20260101,20260126.0,Completed,25,False,False
4950,312,8,1,20260401,20260413.0,Completed,12,False,False
4951,312,8,1,20260701,20260708.0,Completed,7,False,False
4952,313,6,1,20240701,20240709.0,Completed,8,False,False
4953,313,6,1,20241001,20241011.0,Completed,10,False,False
4954,313,6,1,20250101,20250107.0,Completed,6,False,False
4955,313,6,1,20250401,20250424.0,Completed,23,False,False
4956,313,6,1,20250701,20250710.0,Completed,9,False,False
4957,313,6,1,20251001,20251021.0,Completed,20,False,False
4958,313,6,1,20260101,20260109.0,Completed,8,False,False
4959,313,6,1,20260401,20260416.0,Completed,15,False,False
4960,313,6,1,20260701,20260716.0,Completed,15,False,False
4961,314,9,1,20240701,20240714.0,Completed,13,False,False
4962,314,9,1,20241001,20241101.0,Completed,31,False,False
4963,314,9,1,20250101,20250203.0,Completed,33,False,False
4964,314,9,1,20250401,20250423.0,Completed,22,False,False
4965,314,9,1,20250701,20250728.0,Completed,27,False,False
4966,314,9,1,20251001,20251022.0,Completed,21,False,False
4967,314,9,1,20260101,20260110.0,Completed,9,False,False
4968,314,9,1,20260401,20260412.0,Completed,11,False,False
4969,314,9,1,20260701,20260703.0,Completed,2,False,False
4970,314,1,1,20240701,20240712.0,Completed,11,False,False
4971,314,1,1,20241001,20241008.0,Completed,7,False,False
4972,314,1,1,20250101,20250115.0,Completed,14,False,False
4973,314,1,1,20250401,20250502.0,Completed,31,False,False
4974,314,1,1,20250701,20250717.0,Completed,16,False,False
4975,314,1,1,20251001,20251117.0,Completed,47,False,False
4976,314,1,1,20260101,20260112.0,Completed,11,False,False
4977,314,1,1,20260401,20260510.0,Completed,39,False,False
4978,314,1,1,20260701,20260711.0,Completed,10,False,False
4979,315,10,1,20240701,20240731.0,Completed,30,False,False
4980,315,10,1,20241001,20241006.0,Completed,5,False,False
4981,315,10,1,20250101,20250119.0,Completed,18,False,False
4982,315,10,1,20250401,20250408.0,Completed,7,False,False
4983,315,10,1,20250701,20250807.0,Completed,37,False,False
4984,315,10,1,20251001,20251106.0,Completed,36,False,False
4985,315,10,1,20260101,20260118.0,Completed,17,False,False
4986,315,10,1,20260401,20260418.0,Completed,17,False,False
4987,315,10,1,20260701,20260723.0,Completed,22,False,False
4988,315,6,1,20240701,20240720.0,Completed,19,False,False
4989,315,6,1,20241001,20241025.0,Completed,24,False,False
4990,315,6,1,20250101,20250106.0,Completed,5,False,False
4991,315,6,1,20250401,20250414.0,Completed,13,False,False
4992,315,6,1,20250701,20250708.0,Completed,7,False,False
4993,315,6,1,20251001,20251105.0,Completed,35,False,False
4994,315,6,1,20260101,20260105.0,Completed,4,False,False
4995,315,6,1,20260401,20260510.0,Completed,39,False,False
4996,315,6,1,20260701,20260714.0,Completed,13,False,False
4997,316,5,1,20240701,20240810.0,Completed,40,False,False
4998,316,5,1,20241001,20241014.0,Completed,13,False,False
4999,316,5,1,20250101,20250107.0,Completed,6,False,False
5000,316,5,1,20250401,20250527.0,Completed,56,False,False
5001,316,5,1,20250701,20250731.0,Completed,30,False,False
5002,316,5,1,20251001,20251008.0,Completed,7,False,False
5003,316,5,1,20260101,20260120.0,Completed,19,False,False
5004,316,5,1,20260401,20260419.0,Completed,18,False,False
5005,316,5,1,20260701,20260730.0,Completed,29,False,False
5006,316,1,1,20240701,20240712.0,Completed,11,False,False
5007,316,1,1,20241001,20241009.0,Completed,8,False,False
5008,316,1,1,20250101,20250129.0,Completed,28,False,False
5009,316,1,1,20250401,20250412.0,Completed,11,False,False
5010,316,1,1,20250701,20250909.0,Completed,70,False,False
5011,316,1,1,20251001,20251116.0,Completed,46,False,False
5012,316,1,1,20260101,20260215.0,Completed,45,False,False
5013,316,1,1,20260401,20260404.0,Completed,3,False,False
5014,316,1,1,20260701,20260718.0,Completed,17,False,False
5015,316,8,1,20240701,20240711.0,Completed,10,False,False
5016,316,8,1,20241001,20241006.0,Completed,5,False,False
5017,316,8,1,20250101,20250121.0,Completed,20,False,False
5018,316,8,1,20250401,20250419.0,Completed,18,False,False
5019,316,8,1,20250701,20250723.0,Completed,22,False,False
5020,316,8,1,20251001,20251027.0,Completed,26,False,False
5021,316,8,1,20260101,20260127.0,Completed,26,False,False
5022,316,8,1,20260401,20260604.0,Completed,64,False,False
5023,316,8,1,20260701,20260713.0,Completed,12,False,False
5024,317,5,1,20240701,20240719.0,Completed,18,False,False
5025,317,5,1,20241001,20241101.0,Completed,31,False,False
5026,317,5,1,20250101,20250218.0,Completed,48,False,False
5027,317,5,1,20250401,20250405.0,Completed,4,False,False
5028,317,5,1,20250701,20250711.0,Completed,10,False,False
5029,317,5,1,20251001,20251014.0,Completed,13,False,False
5030,317,5,1,20260101,20260123.0,Completed,22,False,False
5031,317,5,1,20260401,20260415.0,Completed,14,False,False
5032,317,5,1,20260701,20260814.0,Completed,44,False,False
5033,318,8,1,20240701,20240716.0,Completed,15,False,False
5034,318,8,1,20241001,20241013.0,Completed,12,False,False
5035,318,8,1,20250101,20250119.0,Completed,18,False,False
5036,318,8,1,20250401,20250403.0,Completed,2,False,False
5037,318,8,1,20250701,20250718.0,Completed,17,False,False
5038,318,8,1,20251001,20251007.0,Completed,6,False,False
5039,318,8,1,20260101,20260125.0,Completed,24,False,False
5040,318,8,1,20260401,20260403.0,Completed,2,False,False
5041,318,8,1,20260701,20260720.0,Completed,19,False,False
5042,318,4,1,20240701,20240707.0,Completed,6,False,False
5043,318,4,1,20241001,20241031.0,Completed,30,False,False
5044,318,4,1,20250101,20250104.0,Completed,3,False,False
5045,318,4,1,20250401,20250414.0,Completed,13,False,False
5046,318,4,1,20250701,20250722.0,Completed,21,False,False
5047,318,4,1,20251001,20251017.0,Completed,16,False,False
5048,318,4,1,20260101,20260117.0,Completed,16,False,False
5049,318,4,1,20260401,20260405.0,Completed,4,False,False
5050,318,4,1,20260701,20260705.0,Completed,4,False,False
5051,319,8,1,20240701,20240717.0,Completed,16,False,False
5052,319,8,1,20241001,20241015.0,Completed,14,False,False
5053,319,8,1,20250101,20250106.0,Completed,5,False,False
5054,319,8,1,20250401,20250406.0,Completed,5,False,False
5055,319,8,1,20250701,20250713.0,Completed,12,False,False
5056,319,8,1,20251001,20251010.0,Completed,9,False,False
5057,319,8,1,20260101,20260214.0,Completed,44,False,False
5058,319,8,1,20260401,20260502.0,Completed,31,False,False
5059,319,8,1,20260701,20260724.0,Completed,23,False,False
5060,320,8,1,20240701,20240804.0,Completed,34,False,False
5061,320,8,1,20241001,20241008.0,Completed,7,False,False
5062,320,8,1,20250101,20250109.0,Completed,8,False,False
5063,320,8,1,20250401,20250429.0,Completed,28,False,False
5064,320,8,1,20250701,20250714.0,Completed,13,False,False
5065,320,8,1,20251001,20251015.0,Completed,14,False,False
5066,320,8,1,20260101,20260105.0,Completed,4,False,False
5067,320,8,1,20260401,20260428.0,Completed,27,False,False
5068,320,8,1,20260701,20260720.0,Completed,19,False,False
5069,320,7,1,20240701,20240711.0,Completed,10,False,False
5070,320,7,1,20241001,20241009.0,Completed,8,False,False
5071,320,7,1,20250101,20250201.0,Completed,31,False,False
5072,320,7,1,20250401,20250408.0,Completed,7,False,False
5073,320,7,1,20250701,20250704.0,Completed,3,False,False
5074,320,7,1,20251001,20251102.0,Completed,32,False,False
5075,320,7,1,20260101,20260202.0,Completed,32,False,False
5076,320,7,1,20260401,20260408.0,Completed,7,False,False
5077,320,7,1,20260701,20260819.0,Completed,49,False,False
5078,321,8,1,20240701,20240713.0,Completed,12,False,False
5079,321,8,1,20241001,20241008.0,Completed,7,False,False
5080,321,8,1,20250101,20250120.0,Completed,19,False,False
5081,321,8,1,20250401,20250405.0,Completed,4,False,False
5082,321,8,1,20250701,20250707.0,Completed,6,False,False
5083,321,8,1,20251001,20251017.0,Completed,16,False,False
5084,321,8,1,20260101,20260115.0,Completed,14,False,False
5085,321,8,1,20260401,20260426.0,Completed,25,False,False
5086,321,8,1,20260701,20260705.0,Completed,4,False,False
5087,321,5,1,20240701,20240910.0,Completed,71,False,True
5088,321,5,1,20241001,20241016.0,Completed,15,False,True
5089,321,5,1,20250101,20250123.0,Completed,22,False,True
5090,321,5,1,20250401,20250415.0,Completed,14,False,False
5091,321,5,1,20250701,20250707.0,Completed,6,False,False
5092,321,5,1,20251001,20251021.0,Completed,20,False,False
5093,321,5,1,20260101,20260204.0,Completed,34,False,False
5094,321,5,1,20260401,20260419.0,Completed,18,False,False
5095,321,5,1,20260701,20260711.0,Completed,10,False,False
5096,321,1,1,20240701,20240720.0,Completed,19,False,True
5097,321,1,1,20241001,20241031.0,Completed,30,False,True
5098,321,1,1,20250101,20250110.0,Completed,9,False,True
5099,321,1,1,20250401,20250423.0,Completed,22,False,True
5100,321,1,1,20250701,20250715.0,Completed,14,False,False
5101,321,1,1,20251001,20251217.0,Completed,77,False,False
5102,321,1,1,20260101,20260216.0,Completed,46,False,False
5103,321,1,1,20260401,20260628.0,Completed,88,False,False
5104,321,1,1,20260701,20260814.0,Completed,44,False,False
5105,322,1,1,20240701,20240715.0,Completed,14,False,False
5106,322,1,1,20241001,20241202.0,Completed,62,False,False
5107,322,1,1,20250101,20250215.0,Completed,45,False,False
5108,322,1,1,20250401,20250521.0,Completed,50,False,False
5109,322,1,1,20250701,20250714.0,Completed,13,False,False
5110,322,1,1,20251001,20251022.0,Completed,21,False,False
5111,322,1,1,20260101,20260401.0,Completed,90,False,False
5112,322,8,1,20240701,20240706.0,Completed,5,False,False
5113,322,8,1,20241001,20241101.0,Completed,31,False,False
5114,322,8,1,20250101,20250130.0,Completed,29,False,False
5115,322,8,1,20250401,20250417.0,Completed,16,False,False
5116,322,8,1,20250701,20250816.0,Completed,46,False,False
5117,322,8,1,20251001,20251008.0,Completed,7,False,False
5118,322,8,1,20260101,20260115.0,Completed,14,False,False
5119,323,8,1,20240701,20240719.0,Completed,18,False,False
5120,323,8,1,20241001,20241005.0,Completed,4,False,False
5121,323,8,1,20250101,20250122.0,Completed,21,False,False
5122,323,8,1,20250401,20250423.0,Completed,22,False,False
5123,323,8,1,20250701,20250719.0,Completed,18,False,False
5124,323,8,1,20251001,20251031.0,Completed,30,False,False
5125,323,8,1,20260101,20260109.0,Completed,8,False,False
5126,323,8,1,20260401,20260514.0,Completed,43,False,False
5127,323,8,1,20260701,20260715.0,Completed,14,False,False
5128,324,1,1,20240701,20240817.0,Completed,47,False,False
5129,324,1,1,20241001,20241104.0,Completed,34,False,False
5130,324,1,1,20250101,20250207.0,Completed,37,False,False
5131,324,1,1,20250401,20250413.0,Completed,12,False,False
5132,324,1,1,20250701,20250718.0,Completed,17,False,False
5133,324,1,1,20251001,20251006.0,Completed,5,False,False
5134,324,1,1,20260101,20260123.0,Completed,22,False,False
5135,324,1,1,20260401,20260511.0,Completed,40,False,False
5136,324,1,1,20260701,20260723.0,Completed,22,True,False
5137,325,1,1,20240701,20240819.0,Completed,49,False,False
5138,325,1,1,20241001,20241020.0,Completed,19,False,False
5139,325,1,1,20250101,20250115.0,Completed,14,False,False
5140,325,1,1,20250401,20250418.0,Completed,17,False,False
5141,325,1,1,20250701,20250813.0,Completed,43,False,False
5142,325,1,1,20251001,20251213.0,Completed,73,False,False
5143,325,1,1,20260101,20260402.0,Completed,91,False,False
5144,325,1,1,20260401,20260511.0,Completed,40,False,False
5145,325,1,1,20260701,20260818.0,Completed,48,False,False
5146,325,8,1,20240701,20240704.0,Completed,3,False,False
5147,325,8,1,20241001,20241005.0,Completed,4,False,False
5148,325,8,1,20250101,20250107.0,Completed,6,False,False
5149,325,8,1,20250401,20250502.0,Completed,31,False,False
5150,325,8,1,20250701,20250801.0,Completed,31,False,False
5151,325,8,1,20251001,20251122.0,Completed,52,False,False
5152,325,8,1,20260101,20260107.0,Completed,6,False,False
5153,325,8,1,20260401,20260413.0,Completed,12,False,False
5154,325,8,1,20260701,20260703.0,Completed,2,False,False
5155,326,1,1,20240701,20240708.0,Completed,7,False,False
5156,326,1,1,20241001,20241021.0,Completed,20,False,False
5157,326,1,1,20250101,20250114.0,Completed,13,False,False
5158,326,1,1,20250401,20250414.0,Completed,13,False,False
5159,326,1,1,20250701,20250717.0,Completed,16,False,False
5160,326,1,1,20251001,20251207.0,Completed,67,False,False
5161,326,1,1,20260101,20260224.0,Completed,54,False,False
5162,326,1,1,20260401,20260412.0,Completed,11,False,False
5163,326,1,1,20260701,20260823.0,Completed,53,False,False
5164,326,9,1,20240701,20240708.0,Completed,7,False,False
5165,326,9,1,20241001,20241004.0,Completed,3,False,False
5166,326,9,1,20250101,20250109.0,Completed,8,False,False
5167,326,9,1,20250401,20250417.0,Completed,16,False,False
5168,326,9,1,20250701,20250707.0,Completed,6,False,False
5169,326,9,1,20251001,20251021.0,Completed,20,False,False
5170,326,9,1,20260101,20260109.0,Completed,8,False,False
5171,326,9,1,20260401,20260418.0,Completed,17,False,False
5172,326,9,1,20260701,20260706.0,Completed,5,False,False
5173,327,1,1,20240701,20240726.0,Completed,25,False,False
5174,327,1,1,20241001,20241013.0,Completed,12,False,False
5175,327,1,1,20250101,20250122.0,Completed,21,False,False
5176,327,1,1,20250401,20250626.0,Completed,86,False,False
5177,327,1,1,20250701,20250719.0,Completed,18,False,False
5178,327,1,1,20251001,20251009.0,Completed,8,False,False
5179,327,1,1,20260101,20260128.0,Completed,27,False,False
5180,327,1,1,20260401,20260428.0,Completed,27,False,False
5181,327,1,1,20260701,20260728.0,Completed,27,False,False
5182,327,5,1,20240701,20240731.0,Completed,30,False,False
5183,327,5,1,20241001,20241015.0,Completed,14,False,False
5184,327,5,1,20250101,20250203.0,Completed,33,False,False
5185,327,5,1,20250401,20250421.0,Completed,20,False,False
5186,327,5,1,20250701,20250707.0,Completed,6,False,False
5187,327,5,1,20251001,20251106.0,Completed,36,False,False
5188,327,5,1,20260101,20260124.0,Completed,23,False,False
5189,327,5,1,20260401,20260502.0,Completed,31,False,False
5190,327,5,1,20260701,20260708.0,Completed,7,False,False
5191,327,8,1,20240701,20240724.0,Completed,23,False,False
5192,327,8,1,20241001,20241121.0,Completed,51,False,False
5193,327,8,1,20250101,20250105.0,Completed,4,False,False
5194,327,8,1,20250401,20250426.0,Completed,25,False,False
5195,327,8,1,20250701,20250715.0,Completed,14,False,False
5196,327,8,1,20251001,20251013.0,Completed,12,False,False
5197,327,8,1,20260101,20260124.0,Completed,23,False,False
5198,327,8,1,20260401,20260422.0,Completed,21,False,False
5199,327,8,1,20260701,20260731.0,Completed,30,False,False
5200,328,9,1,20240701,20240705.0,Completed,4,False,False
5201,328,9,1,20241001,20241031.0,Completed,30,False,False
5202,328,9,1,20250101,20250117.0,Completed,16,False,False
5203,328,9,1,20250401,20250404.0,Completed,3,False,False
5204,328,9,1,20250701,20250710.0,Completed,9,False,False
5205,329,10,1,20240701,20240716.0,Completed,15,False,False
5206,329,10,1,20241001,20241010.0,Completed,9,False,False
5207,329,10,1,20250101,20250112.0,Completed,11,False,False
5208,329,10,1,20250401,20250409.0,Completed,8,False,False
5209,329,10,1,20250701,20250907.0,Completed,68,False,False
5210,329,10,1,20251001,20251021.0,Completed,20,False,False
5211,329,10,1,20260101,20260114.0,Completed,13,False,False
5212,329,10,1,20260401,20260406.0,Completed,5,False,False
5213,329,10,1,20260701,20260731.0,Completed,30,False,False
5214,329,6,1,20240701,20240719.0,Completed,18,False,False
5215,329,6,1,20241001,20241007.0,Completed,6,False,False
5216,329,6,1,20250101,20250107.0,Completed,6,False,False
5217,329,6,1,20250401,20250412.0,Completed,11,False,False
5218,329,6,1,20250701,20250714.0,Completed,13,False,False
5219,329,6,1,20251001,20251021.0,Completed,20,False,False
5220,329,6,1,20260101,20260113.0,Completed,12,False,False
5221,329,6,1,20260401,20260422.0,Completed,21,False,False
5222,329,6,1,20260701,20260710.0,Completed,9,False,False
5223,330,2,1,20240701,20240725.0,Completed,24,False,False
5224,330,2,1,20241001,20241201.0,Completed,61,False,False
5225,330,2,1,20250101,20250214.0,Completed,44,False,False
5226,330,2,1,20250401,20250426.0,Completed,25,False,False
5227,330,2,1,20250701,20250802.0,Completed,32,False,False
5228,330,2,1,20251001,20251025.0,Completed,24,False,False
5229,330,2,1,20260101,20260108.0,Completed,7,False,False
5230,330,2,1,20260401,20260615.0,Completed,75,False,False
5231,330,2,1,20260701,20260713.0,Completed,12,False,False
5232,330,4,1,20240701,20240710.0,Completed,9,False,False
5233,330,4,1,20241001,20241201.0,Completed,61,False,False
5234,330,4,1,20250101,20250106.0,Completed,5,False,False
5235,330,4,1,20250401,20250413.0,Completed,12,False,False
5236,330,4,1,20250701,20250802.0,Completed,32,False,False
5237,330,4,1,20251001,20251113.0,Completed,43,False,False
5238,330,4,1,20260101,20260119.0,Completed,18,False,False
5239,330,4,1,20260401,20260501.0,Completed,30,False,False
5240,330,4,1,20260701,20260712.0,Completed,11,False,False
5241,331,9,1,20240701,20240702.0,Completed,1,False,False
5242,331,9,1,20241001,20241029.0,Completed,28,False,False
5243,331,9,1,20250101,20250113.0,Completed,12,False,False
5244,331,9,1,20250401,20250411.0,Completed,10,False,False
5245,331,9,1,20250701,20250710.0,Completed,9,False,False
5246,331,9,1,20251001,20251022.0,Completed,21,False,False
5247,331,9,1,20260101,20260122.0,Completed,21,False,False
5248,331,9,1,20260401,20260414.0,Completed,13,False,False
5249,331,9,1,20260701,20260719.0,Completed,18,False,False
5250,332,9,1,20240701,20240706.0,Completed,5,False,False
5251,332,9,1,20241001,20241012.0,Completed,11,False,False
5252,332,9,1,20250101,20250106.0,Completed,5,False,False
5253,332,9,1,20250401,20250406.0,Completed,5,False,False
5254,332,9,1,20250701,20250717.0,Completed,16,False,False
5255,332,9,1,20251001,20251014.0,Completed,13,False,False
5256,332,9,1,20260101,20260110.0,Completed,9,False,False
5257,332,9,1,20260401,20260411.0,Completed,10,False,False
5258,332,9,1,20260701,20260718.0,Completed,17,False,False
5259,332,1,1,20240701,20240812.0,Completed,42,False,False
5260,332,1,1,20241001,20241108.0,Completed,38,False,False
5261,332,1,1,20250101,20250106.0,Completed,5,False,False
5262,332,1,1,20250401,20250403.0,Completed,2,False,False
5263,332,1,1,20250701,20250714.0,Completed,13,False,False
5264,332,1,1,20251001,20251003.0,Completed,2,False,False
5265,332,1,1,20260101,20260311.0,Completed,69,False,False
5266,332,1,1,20260401,20260421.0,Completed,20,False,False
5267,332,1,1,20260701,20260709.0,Completed,8,False,False
5268,333,5,1,20240701,20240717.0,Completed,16,False,False
5269,333,5,1,20241001,20241004.0,Completed,3,False,False
5270,333,5,1,20250101,20250107.0,Completed,6,False,False
5271,333,5,1,20250401,20250416.0,Completed,15,False,False
5272,333,5,1,20250701,20250714.0,Completed,13,False,False
5273,333,5,1,20251001,20251016.0,Completed,15,False,False
5274,333,5,1,20260101,20260130.0,Completed,29,False,False
5275,333,5,1,20260401,20260512.0,Completed,41,False,False
5276,333,5,1,20260701,20260724.0,Completed,23,False,False
5277,333,1,1,20240701,20240822.0,Completed,52,False,False
5278,333,1,1,20241001,20241018.0,Completed,17,False,False
5279,333,1,1,20250101,20250227.0,Completed,57,False,False
5280,333,1,1,20250401,20250429.0,Completed,28,False,False
5281,333,1,1,20250701,20250817.0,Completed,47,False,False
5282,333,1,1,20251001,20251018.0,Completed,17,False,False
5283,333,1,1,20260101,20260128.0,Completed,27,False,False
5284,333,1,1,20260401,20260704.0,Completed,94,False,False
5285,333,1,1,20260701,20260728.0,Completed,27,False,False
5286,334,8,1,20240701,20240726.0,Completed,25,False,False
5287,334,8,1,20241001,20241028.0,Completed,27,False,False
5288,334,8,1,20250101,20250121.0,Completed,20,False,False
5289,334,8,1,20250401,20250423.0,Completed,22,False,False
5290,334,8,1,20250701,20250710.0,Completed,9,False,False
5291,334,8,1,20251001,20251007.0,Completed,6,False,False
5292,334,8,1,20260101,20260106.0,Completed,5,False,False
5293,334,8,1,20260401,20260418.0,Completed,17,False,False
5294,334,8,1,20260701,20260714.0,Completed,13,False,False
5295,334,2,1,20240701,20240803.0,Completed,33,False,False
5296,334,2,1,20241001,20241010.0,Completed,9,False,False
5297,334,2,1,20250101,20250115.0,Completed,14,False,False
5298,334,2,1,20250401,20250520.0,Completed,49,False,False
5299,334,2,1,20250701,20250731.0,Completed,30,False,False
5300,334,2,1,20251001,20251029.0,Completed,28,False,False
5301,334,2,1,20260101,20260123.0,Completed,22,False,False
5302,334,2,1,20260401,20260414.0,Completed,13,False,False
5303,334,2,1,20260701,20260828.0,Completed,58,False,False
5304,335,1,1,20240701,20240904.0,Completed,65,False,False
5305,335,1,1,20241001,20241028.0,Completed,27,False,False
5306,335,1,1,20250101,20250124.0,Completed,23,False,False
5307,335,1,1,20250401,20250608.0,Completed,68,False,False
5308,335,1,1,20250701,20250716.0,Completed,15,False,False
5309,335,1,1,20251001,20251019.0,Completed,18,False,False
5310,335,1,1,20260101,20260217.0,Completed,47,False,False
5311,335,1,1,20260401,20260419.0,Completed,18,False,False
5312,335,1,1,20260701,20260727.0,Completed,26,False,False
5313,335,9,1,20240701,20240702.0,Completed,1,False,False
5314,335,9,1,20241001,20241103.0,Completed,33,False,False
5315,335,9,1,20250101,20250123.0,Completed,22,False,False
5316,335,9,1,20250401,20250429.0,Completed,28,False,False
5317,335,9,1,20250701,20250707.0,Completed,6,False,False
5318,335,9,1,20251001,20251108.0,Completed,38,False,False
5319,335,9,1,20260101,20260113.0,Completed,12,False,False
5320,335,9,1,20260401,20260430.0,Completed,29,False,False
5321,335,9,1,20260701,20260718.0,Completed,17,False,False
5322,336,8,1,20240701,20240724.0,Completed,23,False,False
5323,336,8,1,20241001,20241019.0,Completed,18,False,False
5324,336,8,1,20250101,20250110.0,Completed,9,False,False
5325,336,8,1,20250401,20250404.0,Completed,3,False,False
5326,336,8,1,20250701,20250801.0,Completed,31,False,False
5327,336,8,1,20251001,20251002.0,Completed,1,False,False
5328,336,8,1,20260101,20260126.0,Completed,25,False,False
5329,336,8,1,20260401,20260502.0,Completed,31,False,False
5330,336,8,1,20260701,20260705.0,Completed,4,False,False
5331,336,4,1,20240701,20240710.0,Completed,9,False,False
5332,336,4,1,20241001,20241004.0,Completed,3,False,False
5333,336,4,1,20250101,20250109.0,Completed,8,False,False
5334,336,4,1,20250401,20250428.0,Completed,27,False,False
5335,336,4,1,20250701,20250724.0,Completed,23,False,False
5336,336,4,1,20251001,20251022.0,Completed,21,False,False
5337,336,4,1,20260101,20260110.0,Completed,9,False,False
5338,336,4,1,20260401,20260402.0,Completed,1,False,False
5339,336,4,1,20260701,20260705.0,Completed,4,False,False
5340,337,2,1,20240701,20240723.0,Completed,22,False,False
5341,337,2,1,20241001,20241011.0,Completed,10,False,False
5342,337,2,1,20250101,20250220.0,Completed,50,False,False
5343,337,2,1,20250401,20250617.0,Completed,77,False,False
5344,337,2,1,20250701,20250804.0,Completed,34,False,False
5345,337,2,1,20251001,20251008.0,Completed,7,False,False
5346,337,2,1,20260101,20260305.0,Completed,63,False,False
5347,337,2,1,20260401,20260429.0,Completed,28,False,False
5348,337,2,1,20260701,20260727.0,Completed,26,False,False
5349,338,7,1,20240701,20240720.0,Completed,19,False,False
5350,338,7,1,20241001,20241005.0,Completed,4,False,False
5351,338,7,1,20250101,20250110.0,Completed,9,False,False
5352,338,7,1,20250401,20250413.0,Completed,12,False,False
5353,338,7,1,20250701,20250717.0,Completed,16,False,False
5354,338,7,1,20251001,20251018.0,Completed,17,False,False
5355,338,7,1,20260101,20260120.0,Completed,19,False,False
5356,338,7,1,20260401,20260409.0,Completed,8,False,False
5357,338,7,1,20260701,20260703.0,Completed,2,False,False
5358,339,8,1,20240701,20240712.0,Completed,11,False,False
5359,339,8,1,20241001,20241013.0,Completed,12,False,False
5360,339,8,1,20250101,20250103.0,Completed,2,False,False
5361,339,8,1,20250401,20250409.0,Completed,8,False,False
5362,339,8,1,20250701,20250716.0,Completed,15,False,False
5363,339,8,1,20251001,20251010.0,Completed,9,False,False
5364,339,8,1,20260101,20260115.0,Completed,14,False,False
5365,339,8,1,20260401,20260409.0,Completed,8,False,False
5366,339,8,1,20260701,20260721.0,Completed,20,False,False
5367,339,4,1,20240701,20240707.0,Completed,6,False,False
5368,339,4,1,20241001,20241014.0,Completed,13,False,False
5369,339,4,1,20250101,20250114.0,Completed,13,False,False
5370,339,4,1,20250401,20250425.0,Completed,24,False,False
5371,339,4,1,20250701,20250711.0,Completed,10,False,False
5372,339,4,1,20251001,20251108.0,Completed,38,False,False
5373,339,4,1,20260101,20260207.0,Completed,37,False,False
5374,339,4,1,20260401,20260407.0,Completed,6,False,False
5375,339,4,1,20260701,20260714.0,Completed,13,False,False
5376,340,7,1,20240701,20240705.0,Completed,4,False,False
5377,340,7,1,20241001,20241019.0,Completed,18,False,False
5378,340,7,1,20250101,20250110.0,Completed,9,False,False
5379,340,7,1,20250401,20250415.0,Completed,14,False,False
5380,340,7,1,20250701,20250711.0,Completed,10,False,False
5381,340,7,1,20251001,20251207.0,Completed,67,False,False
5382,340,7,1,20260101,20260112.0,Completed,11,False,False
5383,340,7,1,20260401,20260412.0,Completed,11,False,False
5384,340,7,1,20260701,20260726.0,Completed,25,False,False
5385,340,8,1,20240701,20240729.0,Completed,28,False,False
5386,340,8,1,20241001,20241017.0,Completed,16,False,False
5387,340,8,1,20250101,20250129.0,Completed,28,False,False
5388,340,8,1,20250401,20250530.0,Completed,59,False,False
5389,340,8,1,20250701,20250711.0,Completed,10,False,False
5390,340,8,1,20251001,20251005.0,Completed,4,False,False
5391,340,8,1,20260101,20260118.0,Completed,17,False,False
5392,340,8,1,20260401,20260428.0,Completed,27,False,False
5393,340,8,1,20260701,20260806.0,Completed,36,False,False
5394,341,8,1,20240701,20240721.0,Completed,20,False,False
5395,341,8,1,20241001,20241014.0,Completed,13,False,False
5396,341,8,1,20250101,20250108.0,Completed,7,False,False
5397,341,8,1,20250401,20250502.0,Completed,31,False,False
5398,341,8,1,20250701,20250717.0,Completed,16,False,False
5399,341,8,1,20251001,20251003.0,Completed,2,False,False
5400,341,8,1,20260101,20260217.0,Completed,47,False,False
5401,341,8,1,20260401,20260406.0,Completed,5,False,False
5402,341,8,1,20260701,20260728.0,Completed,27,False,False
5403,341,5,1,20240701,20240726.0,Completed,25,False,False
5404,341,5,1,20241001,20241005.0,Completed,4,False,False
5405,341,5,1,20250101,20250120.0,Completed,19,False,False
5406,341,5,1,20250401,20250417.0,Completed,16,False,False
5407,341,5,1,20250701,20250706.0,Completed,5,False,False
5408,341,5,1,20251001,20251031.0,Completed,30,False,False
5409,341,5,1,20260101,20260210.0,Completed,40,False,False
5410,341,5,1,20260401,20260422.0,Completed,21,False,False
5411,341,5,1,20260701,20260717.0,Completed,16,False,False
5412,342,8,1,20240701,20240720.0,Completed,19,False,False
5413,342,8,1,20241001,20241002.0,Completed,1,False,False
5414,342,8,1,20250101,20250110.0,Completed,9,False,False
5415,342,8,1,20250401,20250411.0,Completed,10,False,False
5416,342,8,1,20250701,20250714.0,Completed,13,False,False
5417,342,8,1,20251001,20251004.0,Completed,3,False,False
5418,342,8,1,20260101,20260103.0,Completed,2,False,False
5419,342,8,1,20260401,20260406.0,Completed,5,False,False
5420,342,8,1,20260701,20260719.0,Completed,18,False,False
5421,342,7,1,20240701,20240710.0,Completed,9,False,False
5422,342,7,1,20241001,20241006.0,Completed,5,False,False
5423,342,7,1,20250101,20250212.0,Completed,42,False,False
5424,342,7,1,20250401,20250411.0,Completed,10,False,False
5425,342,7,1,20250701,20250714.0,Completed,13,False,False
5426,342,7,1,20251001,20251101.0,Completed,31,False,False
5427,342,7,1,20260101,20260115.0,Completed,14,False,False
5428,342,7,1,20260401,20260420.0,Completed,19,False,False
5429,342,7,1,20260701,20260707.0,Completed,6,False,False
5430,343,9,1,20240701,20240715.0,Completed,14,False,False
5431,343,9,1,20241001,20241109.0,Completed,39,False,False
5432,343,9,1,20250101,20250118.0,Completed,17,False,False
5433,343,9,1,20250401,20250417.0,Completed,16,False,False
5434,343,9,1,20250701,20250712.0,Completed,11,False,False
5435,343,9,1,20251001,20251005.0,Completed,4,False,False
5436,343,9,1,20260101,20260129.0,Completed,28,False,False
5437,343,9,1,20260401,20260413.0,Completed,12,False,False
5438,343,9,1,20260701,20260708.0,Completed,7,False,False
5439,344,8,1,20240701,20240705.0,Completed,4,False,False
5440,344,8,1,20241001,20241017.0,Completed,16,False,False
5441,344,8,1,20250101,20250106.0,Completed,5,False,False
5442,344,8,1,20250401,20250430.0,Completed,29,False,False
5443,344,8,1,20250701,20250709.0,Completed,8,False,False
5444,344,8,1,20251001,20251015.0,Completed,14,False,False
5445,344,8,1,20260101,20260118.0,Completed,17,False,False
5446,344,8,1,20260401,20260417.0,Completed,16,False,False
5447,344,8,1,20260701,20260725.0,Completed,24,False,False
5448,344,4,1,20240701,20240709.0,Completed,8,False,False
5449,344,4,1,20241001,20241014.0,Completed,13,False,False
5450,344,4,1,20250101,20250121.0,Completed,20,False,False
5451,344,4,1,20250401,20250507.0,Completed,36,False,False
5452,344,4,1,20250701,20250724.0,Completed,23,False,False
5453,344,4,1,20251001,20251027.0,Completed,26,False,False
5454,344,4,1,20260101,20260111.0,Completed,10,False,False
5455,344,4,1,20260401,20260418.0,Completed,17,False,False
5456,344,4,1,20260701,20260803.0,Completed,33,False,False
5457,344,2,1,20240701,20240726.0,Completed,25,False,False
5458,344,2,1,20241001,20241105.0,Completed,35,False,False
5459,344,2,1,20250101,20250106.0,Completed,5,False,False
5460,344,2,1,20250401,20250514.0,Completed,43,False,False
5461,344,2,1,20250701,20250801.0,Completed,31,False,False
5462,344,2,1,20251001,20251111.0,Completed,41,False,False
5463,344,2,1,20260101,20260121.0,Completed,20,False,False
5464,344,2,1,20260401,20260405.0,Completed,4,False,False
5465,344,2,1,20260701,20260814.0,Completed,44,False,False
5466,345,8,1,20240701,20240708.0,Completed,7,False,False
5467,345,8,1,20241001,20241004.0,Completed,3,False,False
5468,345,8,1,20250101,20250116.0,Completed,15,False,False
5469,345,8,1,20250401,20250510.0,Completed,39,False,False
5470,345,8,1,20250701,20250707.0,Completed,6,False,False
5471,345,8,1,20251001,20251008.0,Completed,7,False,False
5472,345,8,1,20260101,20260124.0,Completed,23,False,False
5473,345,8,1,20260401,20260412.0,Completed,11,False,False
5474,345,8,1,20260701,20260723.0,Completed,22,False,False
5475,345,2,1,20240701,20240722.0,Completed,21,False,False
5476,345,2,1,20241001,20241019.0,Completed,18,False,False
5477,345,2,1,20250101,20250114.0,Completed,13,False,False
5478,345,2,1,20250401,20250504.0,Completed,33,False,False
5479,345,2,1,20250701,20250714.0,Completed,13,False,False
5480,345,2,1,20251001,20251019.0,Completed,18,False,False
5481,345,2,1,20260101,20260226.0,Completed,56,False,False
5482,345,2,1,20260401,20260711.0,Completed,101,False,False
5483,345,2,1,20260701,20260806.0,Completed,36,False,False
5484,345,4,1,20240701,20240730.0,Completed,29,False,False
5485,345,4,1,20241001,20241011.0,Completed,10,False,False
5486,345,4,1,20250101,20250112.0,Completed,11,False,False
5487,345,4,1,20250401,20250416.0,Completed,15,False,False
5488,345,4,1,20250701,20250708.0,Completed,7,False,False
5489,345,4,1,20251001,20251010.0,Completed,9,False,False
5490,345,4,1,20260101,20260122.0,Completed,21,False,False
5491,345,4,1,20260401,20260414.0,Completed,13,False,False
5492,345,4,1,20260701,20260713.0,Completed,12,False,False
5493,346,4,1,20240701,20240712.0,Completed,11,False,False
5494,346,4,1,20241001,20241006.0,Completed,5,False,False
5495,346,4,1,20250101,20250116.0,Completed,15,False,False
5496,346,4,1,20250401,20250408.0,Completed,7,False,False
5497,346,4,1,20250701,20250704.0,Completed,3,False,False
5498,346,4,1,20251001,20251006.0,Completed,5,False,False
5499,346,4,1,20260101,20260112.0,Completed,11,False,False
5500,346,4,1,20260401,20260421.0,Completed,20,False,False
5501,346,4,1,20260701,20260725.0,Completed,24,False,False
5502,346,9,1,20240701,20240705.0,Completed,4,False,False
5503,346,9,1,20241001,20241020.0,Completed,19,False,False
5504,346,9,1,20250101,20250211.0,Completed,41,False,False
5505,346,9,1,20250401,20250426.0,Completed,25,False,False
5506,346,9,1,20250701,20250715.0,Completed,14,False,False
5507,346,9,1,20251001,20251016.0,Completed,15,False,False
5508,346,9,1,20260101,20260115.0,Completed,14,False,False
5509,346,9,1,20260401,20260410.0,Completed,9,False,False
5510,346,9,1,20260701,20260727.0,Completed,26,False,False
5511,346,2,1,20240701,20240712.0,Completed,11,False,False
5512,346,2,1,20241001,20241031.0,Completed,30,False,False
5513,346,2,1,20250101,20250106.0,Completed,5,False,False
5514,346,2,1,20250401,20250526.0,Completed,55,False,False
5515,346,2,1,20250701,20250730.0,Completed,29,False,False
5516,346,2,1,20251001,20251008.0,Completed,7,False,False
5517,346,2,1,20260101,20260310.0,Completed,68,False,False
5518,346,2,1,20260401,20260425.0,Completed,24,False,False
5519,346,2,1,20260701,20260709.0,Completed,8,False,False
5520,347,9,1,20240701,20240813.0,Completed,43,False,False
5521,347,9,1,20241001,20241012.0,Completed,11,False,False
5522,347,9,1,20250101,20250108.0,Completed,7,False,False
5523,347,9,1,20250401,20250416.0,Completed,15,False,False
5524,347,9,1,20250701,20250706.0,Completed,5,False,False
5525,347,9,1,20251001,20251010.0,Completed,9,False,False
5526,347,9,1,20260101,20260201.0,Completed,31,False,False
5527,347,9,1,20260401,20260412.0,Completed,11,False,False
5528,347,9,1,20260701,20260719.0,Completed,18,False,False
5529,347,4,1,20240701,20240802.0,Completed,32,False,False
5530,347,4,1,20241001,20241012.0,Completed,11,False,False
5531,347,4,1,20250101,20250107.0,Completed,6,False,False
5532,347,4,1,20250401,20250421.0,Completed,20,False,False
5533,347,4,1,20250701,20250705.0,Completed,4,False,False
5534,347,4,1,20251001,20251007.0,Completed,6,False,False
5535,347,4,1,20260101,20260104.0,Completed,3,False,False
5536,347,4,1,20260401,20260502.0,Completed,31,False,False
5537,347,4,1,20260701,20260715.0,Completed,14,False,False
5538,347,2,1,20240701,20240812.0,Completed,42,False,False
5539,347,2,1,20241001,20241013.0,Completed,12,False,False
5540,347,2,1,20250101,20250205.0,Completed,35,False,False
5541,347,2,1,20250401,20250507.0,Completed,36,False,False
5542,347,2,1,20250701,20250925.0,Completed,86,False,False
5543,347,2,1,20251001,20251109.0,Completed,39,False,False
5544,347,2,1,20260101,20260218.0,Completed,48,False,False
5545,347,2,1,20260401,20260430.0,Completed,29,False,False
5546,347,2,1,20260701,20260702.0,Completed,1,False,False
5547,348,3,1,20240701,20240803.0,Completed,33,False,False
5548,348,3,1,20241001,20241024.0,Completed,23,False,False
5549,348,3,1,20250101,20250123.0,Completed,22,False,False
5550,348,3,1,20250401,20250419.0,Completed,18,False,False
5551,348,3,1,20250701,20250723.0,Completed,22,False,False
5552,348,3,1,20251001,20251016.0,Completed,15,False,False
5553,348,3,1,20260101,20260215.0,Completed,45,False,False
5554,348,3,1,20260401,20260412.0,Completed,11,False,False
5555,348,3,1,20260701,20260918.0,Completed,79,False,False
5556,349,8,1,20240701,20240722.0,Completed,21,False,False
5557,349,8,1,20241001,20241028.0,Completed,27,False,False
5558,349,8,1,20250101,20250107.0,Completed,6,False,False
5559,349,8,1,20250401,20250409.0,Completed,8,False,False
5560,349,8,1,20250701,20250715.0,Completed,14,False,False
5561,349,8,1,20251001,20251014.0,Completed,13,False,False
5562,349,8,1,20260101,20260122.0,Completed,21,False,False
5563,349,8,1,20260401,20260414.0,Completed,13,False,False
5564,349,8,1,20260701,20260811.0,Completed,41,False,False
5565,349,2,1,20240701,20240713.0,Completed,12,False,False
5566,349,2,1,20241001,20241010.0,Completed,9,False,False
5567,349,2,1,20250101,20250117.0,Completed,16,False,False
5568,349,2,1,20250401,20250423.0,Completed,22,False,False
5569,349,2,1,20250701,20250827.0,Completed,57,False,False
5570,349,2,1,20251001,20251104.0,Completed,34,False,False
5571,349,2,1,20260101,20260103.0,Completed,2,False,False
5572,349,2,1,20260401,20260403.0,Completed,2,False,False
5573,349,2,1,20260701,20260724.0,Completed,23,False,False
5574,350,8,1,20240701,20240710.0,Completed,9,False,False
5575,350,8,1,20241001,20241013.0,Completed,12,False,False
5576,350,8,1,20250101,20250112.0,Completed,11,False,False
5577,350,8,1,20250401,20250508.0,Completed,37,False,False
5578,350,8,1,20250701,20250726.0,Completed,25,False,False
5579,350,8,1,20251001,20251009.0,Completed,8,False,False
5580,350,8,1,20260101,20260114.0,Completed,13,False,False
5581,350,8,1,20260401,20260411.0,Completed,10,False,False
5582,350,8,1,20260701,20260703.0,Completed,2,False,False
5583,351,8,1,20240701,20240710.0,Completed,9,False,False
5584,351,8,1,20241001,20241010.0,Completed,9,False,False
5585,351,8,1,20250101,20250108.0,Completed,7,False,False
5586,351,8,1,20250401,20250410.0,Completed,9,False,False
5587,351,8,1,20250701,20250711.0,Completed,10,False,False
5588,351,8,1,20251001,20251019.0,Completed,18,False,False
5589,351,8,1,20260101,20260109.0,Completed,8,False,False
5590,351,8,1,20260401,20260502.0,Completed,31,False,False
5591,351,8,1,20260701,20260707.0,Completed,6,False,False
5592,351,7,1,20240701,20240729.0,Completed,28,False,False
5593,351,7,1,20241001,20241017.0,Completed,16,False,False
5594,351,7,1,20250101,20250105.0,Completed,4,False,False
5595,351,7,1,20250401,20250411.0,Completed,10,False,False
5596,351,7,1,20250701,20250808.0,Completed,38,False,False
5597,351,7,1,20251001,20251007.0,Completed,6,False,False
5598,351,7,1,20260101,20260209.0,Completed,39,False,False
5599,351,7,1,20260401,20260420.0,Completed,19,False,False
5600,351,7,1,20260701,20260717.0,Completed,16,False,False
5601,352,3,1,20240701,20240805.0,Completed,35,False,False
5602,352,3,1,20241001,20241021.0,Completed,20,False,False
5603,352,3,1,20250101,20250113.0,Completed,12,False,False
5604,352,3,1,20250401,20250428.0,Completed,27,False,False
5605,352,3,1,20250701,20250803.0,Completed,33,False,False
5606,352,3,1,20251001,20251108.0,Completed,38,False,False
5607,352,3,1,20260101,20260207.0,Completed,37,False,False
5608,352,3,1,20260401,20260515.0,Completed,44,True,False
5609,352,4,1,20240701,20240819.0,Completed,49,False,False
5610,352,4,1,20241001,20241017.0,Completed,16,False,False
5611,352,4,1,20250101,20250131.0,Completed,30,False,False
5612,352,4,1,20250401,20250421.0,Completed,20,False,False
5613,352,4,1,20250701,20250822.0,Completed,52,False,False
5614,352,4,1,20251001,20251015.0,Completed,14,False,False
5615,352,4,1,20260101,20260114.0,Completed,13,False,False
5616,353,8,1,20240701,20240730.0,Completed,29,False,False
5617,353,8,1,20241001,20241030.0,Completed,29,False,False
5618,353,8,1,20250101,20250112.0,Completed,11,False,False
5619,353,8,1,20250401,20250420.0,Completed,19,False,False
5620,353,8,1,20250701,20250723.0,Completed,22,False,False
5621,353,8,1,20251001,20251022.0,Completed,21,False,False
5622,353,8,1,20260101,20260119.0,Completed,18,False,False
5623,353,8,1,20260401,20260403.0,Completed,2,False,False
5624,353,8,1,20260701,20260723.0,Completed,22,False,False
5625,353,7,1,20240701,20240723.0,Completed,22,False,False
5626,353,7,1,20241001,20241019.0,Completed,18,False,False
5627,353,7,1,20250101,20250111.0,Completed,10,False,False
5628,353,7,1,20250401,20250506.0,Completed,35,False,False
5629,353,7,1,20250701,20250707.0,Completed,6,False,False
5630,353,7,1,20251001,20251030.0,Completed,29,False,False
5631,353,7,1,20260101,20260107.0,Completed,6,False,False
5632,353,7,1,20260401,20260428.0,Completed,27,False,False
5633,353,7,1,20260701,20260707.0,Completed,6,False,False
5634,354,5,1,20240701,20240812.0,Completed,42,False,False
5635,354,5,1,20241001,20241206.0,Completed,66,False,False
5636,354,5,1,20250101,20250308.0,Completed,66,False,False
5637,354,5,1,20250401,20250528.0,Completed,57,False,False
5638,354,5,1,20250701,20250724.0,Completed,23,False,False
5639,354,5,1,20251001,20251015.0,Completed,14,False,False
5640,354,5,1,20260101,20260121.0,Completed,20,False,False
5641,354,5,1,20260401,20260516.0,Completed,45,False,False
5642,354,5,1,20260701,20260805.0,Completed,35,False,False
5643,354,1,1,20240701,20241019.0,Completed,110,False,False
5644,354,1,1,20241001,20241019.0,Completed,18,False,False
5645,354,1,1,20250101,20250327.0,Completed,85,False,False
5646,354,1,1,20250401,20250427.0,Completed,26,False,False
5647,354,1,1,20250701,20250713.0,Completed,12,False,False
5648,354,1,1,20251001,20251105.0,Completed,35,False,False
5649,354,1,1,20260101,20260212.0,Completed,42,False,False
5650,354,1,1,20260401,20260606.0,Completed,66,False,False
5651,354,1,1,20260701,20260719.0,Completed,18,False,False
5652,354,8,1,20240701,20240718.0,Completed,17,False,False
5653,354,8,1,20241001,20241015.0,Completed,14,False,False
5654,354,8,1,20250101,20250112.0,Completed,11,False,False
5655,354,8,1,20250401,20250511.0,Completed,40,False,False
5656,354,8,1,20250701,20250722.0,Completed,21,False,False
5657,354,8,1,20251001,20251002.0,Completed,1,False,False
5658,354,8,1,20260101,20260119.0,Completed,18,False,False
5659,354,8,1,20260401,20260404.0,Completed,3,False,False
5660,354,8,1,20260701,20260717.0,Completed,16,False,False
5661,355,7,1,20240701,20240705.0,Completed,4,False,False
5662,355,7,1,20241001,20241022.0,Completed,21,False,False
5663,355,7,1,20250101,20250104.0,Completed,3,False,False
5664,355,7,1,20250401,20250407.0,Completed,6,False,False
5665,355,7,1,20250701,20250726.0,Completed,25,False,False
5666,355,7,1,20251001,20251015.0,Completed,14,False,False
5667,355,7,1,20260101,20260105.0,Completed,4,False,False
5668,355,7,1,20260401,20260509.0,Completed,38,False,False
5669,355,7,1,20260701,20260711.0,Completed,10,False,False
5670,355,8,1,20240701,20240713.0,Completed,12,False,False
5671,355,8,1,20241001,20241013.0,Completed,12,False,False
5672,355,8,1,20250101,20250124.0,Completed,23,False,False
5673,355,8,1,20250401,20250412.0,Completed,11,False,False
5674,355,8,1,20250701,20250714.0,Completed,13,False,False
5675,355,8,1,20251001,20251101.0,Completed,31,False,False
5676,355,8,1,20260101,20260129.0,Completed,28,False,False
5677,355,8,1,20260401,20260413.0,Completed,12,False,False
5678,355,8,1,20260701,20260713.0,Completed,12,False,False
5679,356,2,1,20240701,20240703.0,Completed,2,False,False
5680,356,2,1,20241001,20241102.0,Completed,32,False,False
5681,356,2,1,20250101,20250221.0,Completed,51,False,False
5682,356,2,1,20250401,20250422.0,Completed,21,False,False
5683,356,2,1,20250701,20250908.0,Completed,69,False,False
5684,356,2,1,20251001,20251006.0,Completed,5,False,False
5685,356,2,1,20260101,20260114.0,Completed,13,False,False
5686,356,2,1,20260401,20260605.0,Completed,65,False,False
5687,356,2,1,20260701,20260819.0,Completed,49,False,False
5688,356,8,1,20240701,20240703.0,Completed,2,False,False
5689,356,8,1,20241001,20241004.0,Completed,3,False,False
5690,356,8,1,20250101,20250123.0,Completed,22,False,False
5691,356,8,1,20250401,20250419.0,Completed,18,False,False
5692,356,8,1,20250701,20250712.0,Completed,11,False,False
5693,356,8,1,20251001,20251103.0,Completed,33,False,False
5694,356,8,1,20260101,20260109.0,Completed,8,False,False
5695,356,8,1,20260401,20260402.0,Completed,1,False,False
5696,356,8,1,20260701,20260724.0,Completed,23,False,False
5697,356,4,1,20240701,20240727.0,Completed,26,False,False
5698,356,4,1,20241001,20241009.0,Completed,8,False,False
5699,356,4,1,20250101,20250106.0,Completed,5,False,False
5700,356,4,1,20250401,20250403.0,Completed,2,False,False
5701,356,4,1,20250701,20250715.0,Completed,14,False,False
5702,356,4,1,20251001,20251019.0,Completed,18,False,False
5703,356,4,1,20260101,20260128.0,Completed,27,False,False
5704,356,4,1,20260401,20260420.0,Completed,19,False,False
5705,356,4,1,20260701,20260710.0,Completed,9,False,False
5706,357,1,1,20240701,20240802.0,Completed,32,False,False
5707,357,1,1,20241001,20241127.0,Completed,57,False,False
5708,357,1,1,20250101,20250205.0,Completed,35,False,False
5709,357,1,1,20250401,20250522.0,Completed,51,False,False
5710,357,1,1,20250701,20250711.0,Completed,10,False,False
5711,357,1,1,20251001,20251114.0,Completed,44,False,False
5712,357,1,1,20260101,20260207.0,Completed,37,False,False
5713,357,1,1,20260401,20260422.0,Completed,21,False,False
5714,357,1,1,20260701,20260828.0,Completed,58,False,False
5715,357,9,1,20240701,20240818.0,Completed,48,False,False
5716,357,9,1,20241001,20241003.0,Completed,2,False,False
5717,357,9,1,20250101,20250112.0,Completed,11,False,False
5718,357,9,1,20250401,20250414.0,Completed,13,False,False
5719,357,9,1,20250701,20250715.0,Completed,14,False,False
5720,357,9,1,20251001,20251009.0,Completed,8,False,False
5721,357,9,1,20260101,20260104.0,Completed,3,False,False
5722,357,9,1,20260401,20260413.0,Completed,12,False,False
5723,357,9,1,20260701,20260714.0,Completed,13,False,False
5724,358,2,1,20240701,20240723.0,Completed,22,False,False
5725,358,2,1,20241001,20241028.0,Completed,27,False,False
5726,358,2,1,20250101,20250203.0,Completed,33,False,False
5727,358,2,1,20250401,20250425.0,Completed,24,False,False
5728,358,2,1,20250701,20250717.0,Completed,16,False,False
5729,358,2,1,20251001,20251028.0,Completed,27,False,False
5730,358,2,1,20260101,20260205.0,Completed,35,False,False
5731,358,2,1,20260401,20260430.0,Completed,29,False,False
5732,358,2,1,20260701,,Overdue,80,False,False
5733,358,4,1,20240701,20240719.0,Completed,18,False,False
5734,358,4,1,20241001,20241015.0,Completed,14,False,False
5735,358,4,1,20250101,20250108.0,Completed,7,False,False
5736,358,4,1,20250401,20250408.0,Completed,7,False,False
5737,358,4,1,20250701,20250712.0,Completed,11,False,False
5738,358,4,1,20251001,20251012.0,Completed,11,False,False
5739,358,4,1,20260101,20260112.0,Completed,11,False,False
5740,358,4,1,20260401,20260420.0,Completed,19,False,False
5741,358,4,1,20260701,20260729.0,Completed,28,False,False
5742,358,8,1,20240701,20240724.0,Completed,23,False,False
5743,358,8,1,20241001,20241022.0,Completed,21,False,False
5744,358,8,1,20250101,20250107.0,Completed,6,False,False
5745,358,8,1,20250401,20250502.0,Completed,31,False,False
5746,358,8,1,20250701,20250708.0,Completed,7,False,False
5747,358,8,1,20251001,20251018.0,Completed,17,False,False
5748,358,8,1,20260101,20260121.0,Completed,20,False,False
5749,358,8,1,20260401,20260503.0,Completed,32,False,False
5750,358,8,1,20260701,20260814.0,Completed,44,False,False
5751,359,8,1,20240701,20240711.0,Completed,10,False,False
5752,359,8,1,20241001,20241017.0,Completed,16,False,False
5753,359,8,1,20250101,20250131.0,Completed,30,False,False
5754,359,8,1,20250401,20250518.0,Completed,47,False,False
5755,359,8,1,20250701,20250712.0,Completed,11,False,False
5756,359,8,1,20251001,20251008.0,Completed,7,False,False
5757,359,8,1,20260101,20260105.0,Completed,4,False,False
5758,359,8,1,20260401,20260404.0,Completed,3,False,False
5759,359,8,1,20260701,20260709.0,Completed,8,False,False
5760,360,2,1,20240701,20240822.0,Completed,52,False,False
5761,360,2,1,20241001,20241124.0,Completed,54,False,False
5762,360,2,1,20250101,20250206.0,Completed,36,False,False
5763,360,2,1,20250401,20250423.0,Completed,22,False,False
5764,360,2,1,20250701,20250808.0,Completed,38,False,False
5765,360,2,1,20251001,20251030.0,Completed,29,False,False
5766,360,2,1,20260101,20260124.0,Completed,23,False,False
5767,360,2,1,20260401,20260506.0,Completed,35,False,False
5768,360,2,1,20260701,20260722.0,Completed,21,False,False
5769,360,8,1,20240701,20240719.0,Completed,18,False,False
5770,360,8,1,20241001,20241021.0,Completed,20,False,False
5771,360,8,1,20250101,20250124.0,Completed,23,False,False
5772,360,8,1,20250401,20250404.0,Completed,3,False,False
5773,360,8,1,20250701,20250801.0,Completed,31,False,False
5774,360,8,1,20251001,20251014.0,Completed,13,False,False
5775,360,8,1,20260101,20260215.0,Completed,45,False,False
5776,360,8,1,20260401,20260427.0,Completed,26,False,False
5777,360,8,1,20260701,20260708.0,Completed,7,False,False
5778,360,3,1,20240701,20240812.0,Completed,42,False,False
5779,360,3,1,20241001,20241130.0,Completed,60,False,False
5780,360,3,1,20250101,20250125.0,Completed,24,False,False
5781,360,3,1,20250401,20250414.0,Completed,13,False,False
5782,360,3,1,20250701,20250712.0,Completed,11,False,False
5783,360,3,1,20251001,20251009.0,Completed,8,False,False
5784,360,3,1,20260101,20260104.0,Completed,3,False,False
5785,360,3,1,20260401,20260428.0,Completed,27,False,False
5786,360,3,1,20260701,20260713.0,Completed,12,False,False
5787,361,8,1,20240701,20240709.0,Completed,8,False,False
5788,361,8,1,20241001,20241115.0,Completed,45,False,False
5789,361,8,1,20250101,20250121.0,Completed,20,False,False
5790,361,8,1,20250401,20250408.0,Completed,7,False,False
5791,361,8,1,20250701,20250830.0,Completed,60,False,False
5792,361,8,1,20251001,20251018.0,Completed,17,False,False
5793,361,8,1,20260101,20260226.0,Completed,56,False,False
5794,361,8,1,20260401,20260509.0,Completed,38,False,False
5795,361,8,1,20260701,20260719.0,Completed,18,False,False
5796,361,2,1,20240701,20240727.0,Completed,26,False,False
5797,361,2,1,20241001,20241121.0,Completed,51,False,False
5798,361,2,1,20250101,20250204.0,Completed,34,False,False
5799,361,2,1,20250401,20250421.0,Completed,20,False,False
5800,361,2,1,20250701,20250720.0,Completed,19,False,False
5801,361,2,1,20251001,20251127.0,Completed,57,False,False
5802,361,2,1,20260101,20260114.0,Completed,13,False,False
5803,361,2,1,20260401,20260527.0,Completed,56,False,False
5804,361,2,1,20260701,20260731.0,Completed,30,False,False
5805,362,8,1,20240701,20240704.0,Completed,3,False,False
5806,362,8,1,20241001,20241031.0,Completed,30,False,False
5807,362,8,1,20250101,20250108.0,Completed,7,False,False
5808,362,8,1,20250401,20250409.0,Completed,8,False,False
5809,362,8,1,20250701,20250713.0,Completed,12,False,False
5810,362,8,1,20251001,20251015.0,Completed,14,False,False
5811,362,8,1,20260101,20260119.0,Completed,18,False,False
5812,362,8,1,20260401,20260430.0,Completed,29,False,False
5813,362,8,1,20260701,20260729.0,Completed,28,False,False
5814,362,3,1,20240701,20240719.0,Completed,18,False,False
5815,362,3,1,20241001,20241020.0,Completed,19,False,False
5816,362,3,1,20250101,20250223.0,Completed,53,False,False
5817,362,3,1,20250401,20250413.0,Completed,12,False,False
5818,362,3,1,20250701,20250731.0,Completed,30,False,False
5819,362,3,1,20251001,20251213.0,Completed,73,False,False
5820,362,3,1,20260101,20260122.0,Completed,21,False,False
5821,362,3,1,20260401,20260409.0,Completed,8,False,False
5822,362,3,1,20260701,20260715.0,Completed,14,False,False
5823,362,4,1,20240701,20240708.0,Completed,7,False,False
5824,362,4,1,20241001,20241007.0,Completed,6,False,False
5825,362,4,1,20250101,20250113.0,Completed,12,False,False
5826,362,4,1,20250401,20250526.0,Completed,55,False,False
5827,362,4,1,20250701,20250722.0,Completed,21,False,False
5828,362,4,1,20251001,20251014.0,Completed,13,False,False
5829,362,4,1,20260101,20260115.0,Completed,14,False,False
5830,362,4,1,20260401,20260409.0,Completed,8,False,False
5831,362,4,1,20260701,20260715.0,Completed,14,False,False
5832,363,1,1,20240701,20240910.0,Completed,71,False,False
5833,363,1,1,20241001,20241031.0,Completed,30,False,False
5834,363,1,1,20250101,20250226.0,Completed,56,False,False
5835,363,1,1,20250401,20250522.0,Completed,51,False,False
5836,363,1,1,20250701,20251016.0,Completed,107,False,False
5837,363,1,1,20251001,20251120.0,Completed,50,False,False
5838,363,1,1,20260101,20260414.0,Completed,103,False,False
5839,363,1,1,20260401,20260530.0,Completed,59,False,False
5840,363,1,1,20260701,20260806.0,Completed,36,False,False
5841,363,5,1,20240701,20240713.0,Completed,12,False,False
5842,363,5,1,20241001,20241115.0,Completed,45,False,False
5843,363,5,1,20250101,20250218.0,Completed,48,False,False
5844,363,5,1,20250401,20250520.0,Completed,49,False,False
5845,363,5,1,20250701,20250702.0,Completed,1,False,False
5846,363,5,1,20251001,20251017.0,Completed,16,False,False
5847,363,5,1,20260101,20260203.0,Completed,33,False,False
5848,363,5,1,20260401,20260418.0,Completed,17,False,False
5849,363,5,1,20260701,20260716.0,Completed,15,False,False
5850,363,8,1,20240701,20240709.0,Completed,8,False,False
5851,363,8,1,20241001,20241004.0,Completed,3,False,False
5852,363,8,1,20250101,20250121.0,Completed,20,False,False
5853,363,8,1,20250401,20250410.0,Completed,9,False,False
5854,363,8,1,20250701,20250711.0,Completed,10,False,False
5855,363,8,1,20251001,20251014.0,Completed,13,False,False
5856,363,8,1,20260101,20260123.0,Completed,22,False,False
5857,363,8,1,20260401,20260419.0,Completed,18,False,False
5858,363,8,1,20260701,20260718.0,Completed,17,False,False
5859,364,7,1,20240701,20240702.0,Completed,1,False,False
5860,364,7,1,20241001,20241029.0,Completed,28,False,False
5861,364,7,1,20250101,20250213.0,Completed,43,False,False
5862,364,7,1,20250401,20250418.0,Completed,17,False,False
5863,364,7,1,20250701,20250707.0,Completed,6,False,False
5864,364,7,1,20251001,20251011.0,Completed,10,False,False
5865,364,7,1,20260101,20260107.0,Completed,6,False,False
5866,364,7,1,20260401,20260511.0,Completed,40,False,False
5867,364,7,1,20260701,20260711.0,Completed,10,False,False
5868,364,8,1,20240701,20240718.0,Completed,17,False,False
5869,364,8,1,20241001,20241013.0,Completed,12,False,False
5870,364,8,1,20250101,20250122.0,Completed,21,False,False
5871,364,8,1,20250401,20250408.0,Completed,7,False,False
5872,364,8,1,20250701,20250718.0,Completed,17,False,False
5873,364,8,1,20251001,20251011.0,Completed,10,False,False
5874,364,8,1,20260101,20260201.0,Completed,31,False,False
5875,364,8,1,20260401,20260403.0,Completed,2,False,False
5876,364,8,1,20260701,20260712.0,Completed,11,False,False
5877,364,1,1,20240701,20240828.0,Completed,58,False,False
5878,364,1,1,20241001,20241123.0,Completed,53,False,False
5879,364,1,1,20250101,20250108.0,Completed,7,False,False
5880,364,1,1,20250401,20250520.0,Completed,49,False,False
5881,364,1,1,20250701,20250714.0,Completed,13,False,False
5882,364,1,1,20251001,20251018.0,Completed,17,False,False
5883,364,1,1,20260101,20260226.0,Completed,56,False,False
5884,364,1,1,20260401,20260423.0,Completed,22,False,False
5885,364,1,1,20260701,20260708.0,Completed,7,False,False
5886,365,9,1,20240701,20240706.0,Completed,5,False,False
5887,365,9,1,20241001,20241016.0,Completed,15,False,False
5888,365,9,1,20250101,20250112.0,Completed,11,False,False
5889,365,9,1,20250401,20250412.0,Completed,11,False,False
5890,365,9,1,20250701,20250722.0,Completed,21,False,False
5891,365,9,1,20251001,20251019.0,Completed,18,False,False
5892,365,9,1,20260101,20260112.0,Completed,11,False,False
5893,365,9,1,20260401,20260428.0,Completed,27,False,False
5894,365,9,1,20260701,20260722.0,Completed,21,False,False
5895,365,1,1,20240701,20240805.0,Completed,35,False,False
5896,365,1,1,20241001,20241020.0,Completed,19,False,False
5897,365,1,1,20250101,20250302.0,Completed,60,False,False
5898,365,1,1,20250401,20250422.0,Completed,21,False,False
5899,365,1,1,20250701,20250724.0,Completed,23,False,False
5900,365,1,1,20251001,20251221.0,Completed,81,False,False
5901,365,1,1,20260101,20260115.0,Completed,14,False,False
5902,365,1,1,20260401,20260415.0,Completed,14,False,False
5903,365,1,1,20260701,20260724.0,Completed,23,False,False
5904,366,8,1,20240701,20240707.0,Completed,6,False,False
5905,366,8,1,20241001,20241007.0,Completed,6,False,False
5906,366,8,1,20250101,20250209.0,Completed,39,False,False
5907,366,8,1,20250401,20250413.0,Completed,12,False,False
5908,366,8,1,20250701,20250719.0,Completed,18,False,False
5909,366,8,1,20251001,20251005.0,Completed,4,False,False
5910,366,8,1,20260101,20260107.0,Completed,6,False,False
5911,366,8,1,20260401,20260514.0,Completed,43,False,False
5912,366,8,1,20260701,20260707.0,Completed,6,False,False
5913,366,7,1,20240701,20240719.0,Completed,18,False,False
5914,366,7,1,20241001,20241002.0,Completed,1,False,False
5915,366,7,1,20250101,20250105.0,Completed,4,False,False
5916,366,7,1,20250401,20250412.0,Completed,11,False,False
5917,366,7,1,20250701,20250727.0,Completed,26,False,False
5918,366,7,1,20251001,20251015.0,Completed,14,False,False
5919,366,7,1,20260101,20260113.0,Completed,12,False,False
5920,366,7,1,20260401,20260423.0,Completed,22,False,False
5921,366,7,1,20260701,20260718.0,Completed,17,False,False
5922,367,10,1,20240701,20240704.0,Completed,3,False,False
5923,367,10,1,20241001,20241015.0,Completed,14,False,False
5924,367,10,1,20250101,20250111.0,Completed,10,False,False
5925,367,10,1,20250401,20250413.0,Completed,12,False,False
5926,367,10,1,20250701,20250710.0,Completed,9,False,False
5927,367,10,1,20251001,20251015.0,Completed,14,False,False
5928,367,10,1,20260101,20260120.0,Completed,19,False,False
5929,367,10,1,20260401,20260405.0,Completed,4,False,False
5930,367,10,1,20260701,20260709.0,Completed,8,False,False
5931,367,6,1,20240701,20240723.0,Completed,22,False,False
5932,367,6,1,20241001,20241025.0,Completed,24,False,False
5933,367,6,1,20250101,20250206.0,Completed,36,False,False
5934,367,6,1,20250401,20250416.0,Completed,15,False,False
5935,367,6,1,20250701,20250709.0,Completed,8,False,False
5936,367,6,1,20251001,20251009.0,Completed,8,False,False
5937,367,6,1,20260101,20260115.0,Completed,14,False,False
5938,367,6,1,20260401,20260407.0,Completed,6,False,False
5939,367,6,1,20260701,20260804.0,Completed,34,False,False
5940,368,2,1,20240701,20240720.0,Completed,19,False,False
5941,368,2,1,20241001,20241202.0,Completed,62,False,False
5942,368,2,1,20250101,20250112.0,Completed,11,False,False
5943,368,2,1,20250401,20250425.0,Completed,24,False,False
5944,368,2,1,20250701,20250722.0,Completed,21,False,False
5945,368,2,1,20251001,20251009.0,Completed,8,False,False
5946,368,2,1,20260101,20260123.0,Completed,22,True,False
5947,368,2,1,20260401,20260504.0,Completed,33,True,False
5948,368,8,1,20240701,20240702.0,Completed,1,False,False
5949,368,8,1,20241001,20241021.0,Completed,20,False,False
5950,368,8,1,20250101,20250119.0,Completed,18,False,False
5951,368,8,1,20250401,20250415.0,Completed,14,False,False
5952,368,8,1,20250701,20250724.0,Completed,23,False,False
5953,368,8,1,20251001,20251025.0,Completed,24,False,False
5954,369,1,1,20240701,20241108.0,Completed,130,False,False
5955,369,1,1,20241001,20241008.0,Completed,7,False,False
5956,369,1,1,20250101,20250317.0,Completed,75,False,False
5957,369,1,1,20250401,20250526.0,Completed,55,False,False
5958,369,1,1,20250701,20250805.0,Completed,35,False,False
5959,369,1,1,20251001,20251012.0,Completed,11,False,False
5960,369,1,1,20260101,20260121.0,Completed,20,False,False
5961,369,1,1,20260401,20260419.0,Completed,18,False,False
5962,369,1,1,20260701,20260726.0,Completed,25,False,False
5963,370,9,1,20240701,20240723.0,Completed,22,False,False
5964,370,9,1,20241001,20241103.0,Completed,33,False,False
5965,370,9,1,20250101,20250215.0,Completed,45,False,False
5966,370,9,1,20250401,20250411.0,Completed,10,False,False
5967,370,9,1,20250701,20250717.0,Completed,16,False,False
5968,370,9,1,20251001,20251008.0,Completed,7,False,False
5969,370,9,1,20260101,20260129.0,Completed,28,False,False
5970,370,9,1,20260401,20260419.0,Completed,18,False,False
5971,370,9,1,20260701,20260713.0,Completed,12,False,False
5972,370,3,1,20240701,20240708.0,Completed,7,False,False
5973,370,3,1,20241001,20241101.0,Completed,31,False,False
5974,370,3,1,20250101,20250204.0,Completed,34,False,False
5975,370,3,1,20250401,20250406.0,Completed,5,False,False
5976,370,3,1,20250701,20250710.0,Completed,9,False,False
5977,370,3,1,20251001,20251101.0,Completed,31,False,False
5978,370,3,1,20260101,20260326.0,Completed,84,False,False
5979,370,3,1,20260401,20260531.0,Completed,60,False,False
5980,370,3,1,20260701,20260725.0,Completed,24,False,False
5981,370,2,1,20240701,20240722.0,Completed,21,False,False
5982,370,2,1,20241001,20241016.0,Completed,15,False,False
5983,370,2,1,20250101,20250115.0,Completed,14,False,False
5984,370,2,1,20250401,20250423.0,Completed,22,False,False
5985,370,2,1,20250701,20251010.0,Completed,101,False,False
5986,370,2,1,20251001,20251022.0,Completed,21,False,False
5987,370,2,1,20260101,20260129.0,Completed,28,False,False
5988,370,2,1,20260401,20260411.0,Completed,10,False,False
5989,370,2,1,20260701,20260811.0,Completed,41,False,False
5990,371,9,1,20240701,20240715.0,Completed,14,False,False
5991,371,9,1,20241001,20241011.0,Completed,10,False,False
5992,371,9,1,20250101,20250107.0,Completed,6,False,False
5993,371,1,1,20240701,20240716.0,Completed,15,False,False
5994,371,1,1,20241001,20241020.0,Completed,19,False,False
5995,371,1,1,20250101,20250121.0,Completed,20,False,False
5996,371,1,1,20250401,20250413.0,Completed,12,True,False
5997,371,1,1,20250701,20250726.0,Completed,25,True,False
5998,372,7,1,20240701,20240717.0,Completed,16,False,False
5999,372,7,1,20241001,20241024.0,Completed,23,False,False
6000,372,7,1,20250101,20250211.0,Completed,41,False,False
6001,372,7,1,20250401,20250403.0,Completed,2,False,False
6002,372,7,1,20250701,20250719.0,Completed,18,False,False
6003,372,7,1,20251001,20251012.0,Completed,11,False,False
6004,372,7,1,20260101,20260103.0,Completed,2,False,False
6005,372,7,1,20260401,20260409.0,Completed,8,False,False
6006,372,7,1,20260701,20260723.0,Completed,22,False,False
6007,373,8,1,20240701,20240721.0,Completed,20,False,False
6008,373,8,1,20241001,20241016.0,Completed,15,False,False
6009,373,8,1,20250101,20250108.0,Completed,7,False,False
6010,373,8,1,20250401,20250505.0,Completed,34,False,False
6011,373,8,1,20250701,20250706.0,Completed,5,False,False
6012,373,8,1,20251001,20251011.0,Completed,10,False,False
6013,373,8,1,20260101,20260113.0,Completed,12,False,False
6014,373,8,1,20260401,20260414.0,Completed,13,False,False
6015,373,8,1,20260701,20260827.0,Completed,57,False,False
6016,374,8,1,20240701,20240808.0,Completed,38,False,False
6017,374,8,1,20241001,20241020.0,Completed,19,False,False
6018,374,4,1,20240701,20240715.0,Completed,14,False,False
6019,374,4,1,20241001,20241015.0,Completed,14,False,False
6020,374,2,1,20240701,20240816.0,Completed,46,False,False
6021,374,2,1,20241001,20241129.0,Completed,59,False,False
6022,374,2,1,20250101,20250111.0,Completed,10,True,False
6023,374,2,1,20250401,20250622.0,Completed,82,True,False
6024,375,8,1,20240701,20240720.0,Completed,19,False,False
6025,375,8,1,20241001,20241010.0,Completed,9,False,False
6026,375,8,1,20250101,20250113.0,Completed,12,False,False
6027,375,8,1,20250401,20250420.0,Completed,19,False,False
6028,375,8,1,20250701,20250721.0,Completed,20,False,False
6029,375,8,1,20251001,20251007.0,Completed,6,False,False
6030,375,8,1,20260101,20260114.0,Completed,13,False,False
6031,375,8,1,20260401,20260417.0,Completed,16,False,False
6032,375,8,1,20260701,20260731.0,Completed,30,False,False
6033,375,7,1,20240701,20240802.0,Completed,32,False,False
6034,375,7,1,20241001,20241006.0,Completed,5,False,False
6035,375,7,1,20250101,20250115.0,Completed,14,False,False
6036,375,7,1,20250401,20250409.0,Completed,8,False,False
6037,375,7,1,20250701,20250720.0,Completed,19,False,False
6038,375,7,1,20251001,20251125.0,Completed,55,False,False
6039,375,7,1,20260101,20260128.0,Completed,27,False,False
6040,375,7,1,20260401,20260421.0,Completed,20,False,False
6041,375,7,1,20260701,20260725.0,Completed,24,False,False
6042,376,7,1,20240701,20240807.0,Completed,37,False,False
6043,376,7,1,20241001,20241027.0,Completed,26,False,False
6044,376,7,1,20250101,20250106.0,Completed,5,False,False
6045,376,7,1,20250401,20250514.0,Completed,43,False,False
6046,376,7,1,20250701,20250716.0,Completed,15,False,False
6047,376,7,1,20251001,20251019.0,Completed,18,False,False
6048,376,7,1,20260101,20260202.0,Completed,32,False,False
6049,376,7,1,20260401,20260524.0,Completed,53,False,False
6050,376,7,1,20260701,20260711.0,Completed,10,False,False
6051,377,7,1,20240701,20240801.0,Completed,31,False,False
6052,377,7,1,20241001,20241011.0,Completed,10,False,False
6053,377,7,1,20250101,20250118.0,Completed,17,False,False
6054,377,7,1,20250401,20250405.0,Completed,4,False,False
6055,377,7,1,20250701,20250711.0,Completed,10,False,False
6056,377,7,1,20251001,20251018.0,Completed,17,False,False
6057,377,7,1,20260101,20260122.0,Completed,21,False,False
6058,377,7,1,20260401,20260421.0,Completed,20,False,False
6059,377,7,1,20260701,20260729.0,Completed,28,False,False
6060,377,8,1,20240701,20240712.0,Completed,11,False,False
6061,377,8,1,20241001,20241014.0,Completed,13,False,False
6062,377,8,1,20250101,20250115.0,Completed,14,False,False
6063,377,8,1,20250401,20250412.0,Completed,11,False,False
6064,377,8,1,20250701,20250708.0,Completed,7,False,False
6065,377,8,1,20251001,20251016.0,Completed,15,False,False
6066,377,8,1,20260101,20260126.0,Completed,25,False,False
6067,377,8,1,20260401,20260419.0,Completed,18,False,False
6068,377,8,1,20260701,20260711.0,Completed,10,False,False
6069,378,6,1,20240701,20240717.0,Completed,16,False,False
6070,378,6,1,20241001,20241011.0,Completed,10,False,False
6071,378,6,1,20250101,20250122.0,Completed,21,False,False
6072,378,6,1,20250401,20250427.0,Completed,26,False,False
6073,378,6,1,20250701,20250727.0,Completed,26,False,False
6074,378,6,1,20251001,20251013.0,Completed,12,False,False
6075,378,6,1,20260101,20260111.0,Completed,10,False,False
6076,378,6,1,20260401,20260429.0,Completed,28,False,False
6077,378,6,1,20260701,20260713.0,Completed,12,False,False
6078,378,10,1,20240701,20240716.0,Completed,15,False,False
6079,378,10,1,20241001,20241019.0,Completed,18,False,False
6080,378,10,1,20250101,20250115.0,Completed,14,False,False
6081,378,10,1,20250401,20250424.0,Completed,23,False,False
6082,378,10,1,20250701,20250705.0,Completed,4,False,False
6083,378,10,1,20251001,20251021.0,Completed,20,False,False
6084,378,10,1,20260101,20260109.0,Completed,8,False,False
6085,378,10,1,20260401,20260412.0,Completed,11,False,False
6086,378,10,1,20260701,20260717.0,Completed,16,False,False
6087,379,9,1,20240701,20240704.0,Completed,3,False,False
6088,379,9,1,20241001,20241014.0,Completed,13,False,False
6089,379,9,1,20250101,20250112.0,Completed,11,False,False
6090,379,9,1,20250401,20250414.0,Completed,13,False,False
6091,379,9,1,20250701,20250712.0,Completed,11,False,False
6092,379,9,1,20251001,20251016.0,Completed,15,False,False
6093,379,9,1,20260101,20260111.0,Completed,10,False,False
6094,379,9,1,20260401,20260415.0,Completed,14,False,False
6095,379,9,1,20260701,20260717.0,Completed,16,False,False
6096,379,1,1,20240701,20240828.0,Completed,58,False,False
6097,379,1,1,20241001,20241206.0,Completed,66,False,False
6098,379,1,1,20250101,20250110.0,Completed,9,False,False
6099,379,1,1,20250401,20250601.0,Completed,61,False,False
6100,379,1,1,20250701,20250715.0,Completed,14,False,False
6101,379,1,1,20251001,20251029.0,Completed,28,False,False
6102,379,1,1,20260101,20260108.0,Completed,7,False,False
6103,379,1,1,20260401,20260405.0,Completed,4,False,False
6104,379,1,1,20260701,,Overdue,80,False,False
6105,380,8,1,20240701,20240715.0,Completed,14,False,False
6106,380,8,1,20241001,20241013.0,Completed,12,False,False
6107,380,5,1,20240701,20240730.0,Completed,29,False,True
6108,380,5,1,20241001,20241021.0,Completed,20,False,True
6109,380,1,1,20240701,20240902.0,Completed,63,False,True
6110,380,1,1,20241001,20241105.0,Completed,35,False,True
6111,380,1,1,20250101,20250117.0,Completed,16,True,False
6112,381,1,1,20240701,20240725.0,Completed,24,False,False
6113,381,1,1,20241001,20241106.0,Completed,36,False,False
6114,381,1,1,20250101,20250116.0,Completed,15,False,False
6115,381,1,1,20250401,20250417.0,Completed,16,False,False
6116,381,1,1,20250701,20251005.0,Completed,96,False,False
6117,381,1,1,20251001,20251009.0,Completed,8,False,False
6118,381,1,1,20260101,20260203.0,Completed,33,False,False
6119,381,1,1,20260401,20260703.0,Completed,93,False,False
6120,381,1,1,20260701,20260717.0,Completed,16,False,False
6121,381,9,1,20240701,20240727.0,Completed,26,False,False
6122,381,9,1,20241001,20241009.0,Completed,8,False,False
6123,381,9,1,20250101,20250124.0,Completed,23,False,False
6124,381,9,1,20250401,20250409.0,Completed,8,False,False
6125,381,9,1,20250701,20250809.0,Completed,39,False,False
6126,381,9,1,20251001,20251008.0,Completed,7,False,False
6127,381,9,1,20260101,20260111.0,Completed,10,False,False
6128,381,9,1,20260401,20260427.0,Completed,26,False,False
6129,381,9,1,20260701,20260715.0,Completed,14,False,False
6130,382,1,1,20240701,20240812.0,Completed,42,False,False
6131,382,1,1,20241001,20241125.0,Completed,55,False,False
6132,382,1,1,20250101,20250120.0,Completed,19,False,False
6133,382,1,1,20250401,20250426.0,Completed,25,False,False
6134,382,1,1,20250701,20250731.0,Completed,30,False,False
6135,382,1,1,20251001,20251212.0,Completed,72,False,False
6136,382,1,1,20260101,20260203.0,Completed,33,False,False
6137,382,1,1,20260401,20260416.0,Completed,15,False,False
6138,382,1,1,20260701,20260711.0,Completed,10,False,False
6139,382,5,1,20240701,20240718.0,Completed,17,False,False
6140,382,5,1,20241001,20241016.0,Completed,15,False,False
6141,382,5,1,20250101,20250218.0,Completed,48,False,False
6142,382,5,1,20250401,20250514.0,Completed,43,False,False
6143,382,5,1,20250701,20250717.0,Completed,16,False,False
6144,382,5,1,20251001,20251020.0,Completed,19,False,False
6145,382,5,1,20260101,20260109.0,Completed,8,False,False
6146,382,5,1,20260401,20260504.0,Completed,33,False,False
6147,382,5,1,20260701,20260717.0,Completed,16,False,False
6148,382,8,1,20240701,20240711.0,Completed,10,False,False
6149,382,8,1,20241001,20241015.0,Completed,14,False,False
6150,382,8,1,20250101,20250126.0,Completed,25,False,False
6151,382,8,1,20250401,20250415.0,Completed,14,False,False
6152,382,8,1,20250701,20250706.0,Completed,5,False,False
6153,382,8,1,20251001,20251016.0,Completed,15,False,False
6154,382,8,1,20260101,20260103.0,Completed,2,False,False
6155,382,8,1,20260401,20260417.0,Completed,16,False,False
6156,382,8,1,20260701,20260713.0,Completed,12,False,False
6157,383,8,1,20240701,20240710.0,Completed,9,False,False
6158,383,8,1,20241001,20241019.0,Completed,18,False,False
6159,383,8,1,20250101,20250117.0,Completed,16,False,False
6160,383,8,1,20250401,20250418.0,Completed,17,False,False
6161,383,8,1,20250701,20250706.0,Completed,5,False,False
6162,383,8,1,20251001,20251026.0,Completed,25,False,False
6163,383,8,1,20260101,20260104.0,Completed,3,False,False
6164,383,8,1,20260401,20260409.0,Completed,8,False,False
6165,383,8,1,20260701,20260710.0,Completed,9,False,False
6166,383,2,1,20240701,20240810.0,Completed,40,False,False
6167,383,2,1,20241001,20241101.0,Completed,31,False,False
6168,383,2,1,20250101,20250116.0,Completed,15,False,False
6169,383,2,1,20250401,20250418.0,Completed,17,False,False
6170,383,2,1,20250701,20250704.0,Completed,3,False,False
6171,383,2,1,20251001,20251127.0,Completed,57,False,False
6172,383,2,1,20260101,20260209.0,Completed,39,False,False
6173,383,2,1,20260401,20260609.0,Completed,69,False,False
6174,383,2,1,20260701,20260712.0,Completed,11,False,False
6175,383,4,1,20240701,20240715.0,Completed,14,False,False
6176,383,4,1,20241001,20241021.0,Completed,20,False,False
6177,383,4,1,20250101,20250107.0,Completed,6,False,False
6178,383,4,1,20250401,20250418.0,Completed,17,False,False
6179,383,4,1,20250701,20250806.0,Completed,36,False,False
6180,383,4,1,20251001,20251011.0,Completed,10,False,False
6181,383,4,1,20260101,20260127.0,Completed,26,False,False
6182,383,4,1,20260401,20260404.0,Completed,3,False,False
6183,383,4,1,20260701,20260706.0,Completed,5,False,False
6184,384,1,1,20240701,20240718.0,Completed,17,False,False
6185,384,1,1,20241001,20241007.0,Completed,6,False,False
6186,384,1,1,20250101,20250202.0,Completed,32,False,False
6187,384,1,1,20250401,20250402.0,Completed,1,False,False
6188,384,1,1,20250701,20250723.0,Completed,22,False,False
6189,384,1,1,20251001,20251228.0,Completed,88,False,False
6190,384,1,1,20260101,20260124.0,Completed,23,False,False
6191,384,1,1,20260401,20260513.0,Completed,42,False,False
6192,384,1,1,20260701,20260901.0,Completed,62,False,False
6193,385,7,1,20240701,20240707.0,Completed,6,False,False
6194,385,7,1,20241001,20241103.0,Completed,33,False,False
6195,385,7,1,20250101,20250103.0,Completed,2,False,False
6196,385,7,1,20250401,20250412.0,Completed,11,False,False
6197,385,7,1,20250701,20250717.0,Completed,16,False,False
6198,385,7,1,20251001,20251113.0,Completed,43,False,False
6199,385,7,1,20260101,20260123.0,Completed,22,False,False
6200,385,7,1,20260401,20260420.0,Completed,19,False,False
6201,385,7,1,20260701,20260706.0,Completed,5,False,False
6202,385,8,1,20240701,20240715.0,Completed,14,False,False
6203,385,8,1,20241001,20241102.0,Completed,32,False,False
6204,385,8,1,20250101,20250103.0,Completed,2,False,False
6205,385,8,1,20250401,20250420.0,Completed,19,False,False
6206,385,8,1,20250701,20250718.0,Completed,17,False,False
6207,385,8,1,20251001,20251006.0,Completed,5,False,False
6208,385,8,1,20260101,20260207.0,Completed,37,False,False
6209,385,8,1,20260401,20260414.0,Completed,13,False,False
6210,385,8,1,20260701,20260731.0,Completed,30,False,False
6211,386,4,1,20240701,20240723.0,Completed,22,False,False
6212,386,4,1,20241001,20241103.0,Completed,33,False,False
6213,386,4,1,20250101,20250106.0,Completed,5,False,False
6214,386,4,1,20250401,20250410.0,Completed,9,False,False
6215,386,4,1,20250701,20250719.0,Completed,18,False,False
6216,386,4,1,20251001,20251019.0,Completed,18,False,False
6217,386,4,1,20260101,20260123.0,Completed,22,False,False
6218,386,4,1,20260401,20260426.0,Completed,25,False,False
6219,386,4,1,20260701,20260719.0,Completed,18,False,False
6220,386,9,1,20240701,20240702.0,Completed,1,False,False
6221,386,9,1,20241001,20241111.0,Completed,41,False,False
6222,386,9,1,20250101,20250123.0,Completed,22,False,False
6223,386,9,1,20250401,20250412.0,Completed,11,False,False
6224,386,9,1,20250701,20250809.0,Completed,39,False,False
6225,386,9,1,20251001,20251019.0,Completed,18,False,False
6226,386,9,1,20260101,20260109.0,Completed,8,False,False
6227,386,9,1,20260401,20260426.0,Completed,25,False,False
6228,386,9,1,20260701,20260713.0,Completed,12,False,False
6229,387,1,1,20240701,20240713.0,Completed,12,False,False
6230,387,1,1,20241001,20241013.0,Completed,12,False,False
6231,387,1,1,20250101,20250123.0,Completed,22,False,False
6232,387,1,1,20250401,20250509.0,Completed,38,False,False
6233,387,1,1,20250701,20250711.0,Completed,10,False,False
6234,387,1,1,20251001,20251015.0,Completed,14,False,False
6235,387,1,1,20260101,20260321.0,Completed,79,False,False
6236,387,1,1,20260401,20260704.0,Completed,94,False,False
6237,387,1,1,20260701,20260814.0,Completed,44,False,False
6238,387,5,1,20240701,20240810.0,Completed,40,False,False
6239,387,5,1,20241001,20241203.0,Completed,63,False,False
6240,387,5,1,20250101,20250120.0,Completed,19,False,False
6241,387,5,1,20250401,20250405.0,Completed,4,False,False
6242,387,5,1,20250701,20250910.0,Completed,71,False,False
6243,387,5,1,20251001,20251215.0,Completed,75,False,False
6244,387,5,1,20260101,20260502.0,Completed,121,False,False
6245,387,5,1,20260401,20260630.0,Completed,90,False,False
6246,387,5,1,20260701,20260727.0,Completed,26,False,False
6247,388,1,1,20240701,20240728.0,Completed,27,False,False
6248,388,1,1,20241001,20241115.0,Completed,45,False,False
6249,388,1,1,20250101,20250108.0,Completed,7,False,False
6250,388,1,1,20250401,20250416.0,Completed,15,False,False
6251,388,1,1,20250701,20250725.0,Completed,24,False,False
6252,388,1,1,20251001,20251127.0,Completed,57,False,False
6253,388,1,1,20260101,20260301.0,Completed,59,False,False
6254,388,1,1,20260401,20260426.0,Completed,25,False,False
6255,388,1,1,20260701,20260709.0,Completed,8,False,False
6256,389,7,1,20240701,20240725.0,Completed,24,False,False
6257,389,7,1,20241001,20241005.0,Completed,4,False,False
6258,389,7,1,20250101,20250110.0,Completed,9,False,False
6259,389,7,1,20250401,20250417.0,Completed,16,False,False
6260,389,7,1,20250701,20250704.0,Completed,3,False,False
6261,389,7,1,20251001,20251008.0,Completed,7,False,False
6262,389,7,1,20260101,20260128.0,Completed,27,False,False
6263,389,7,1,20260401,20260424.0,Completed,23,False,False
6264,389,7,1,20260701,20260705.0,Completed,4,False,False
6265,389,8,1,20240701,20240718.0,Completed,17,False,False
6266,389,8,1,20241001,20241003.0,Completed,2,False,False
6267,389,8,1,20250101,20250122.0,Completed,21,False,False
6268,389,8,1,20250401,20250409.0,Completed,8,False,False
6269,389,8,1,20250701,20250712.0,Completed,11,False,False
6270,389,8,1,20251001,20251015.0,Completed,14,False,False
6271,389,8,1,20260101,20260106.0,Completed,5,False,False
6272,389,8,1,20260401,20260408.0,Completed,7,False,False
6273,389,8,1,20260701,20260810.0,Completed,40,False,False
6274,390,8,1,20240701,20240712.0,Completed,11,False,False
6275,390,8,1,20241001,20241016.0,Completed,15,False,False
6276,390,8,1,20250101,20250116.0,Completed,15,False,False
6277,390,8,1,20250401,20250503.0,Completed,32,False,False
6278,390,8,1,20250701,20250725.0,Completed,24,False,False
6279,390,8,1,20251001,20251006.0,Completed,5,False,False
6280,390,8,1,20260101,20260205.0,Completed,35,False,False
6281,390,8,1,20260401,20260515.0,Completed,44,False,False
6282,390,8,1,20260701,20260706.0,Completed,5,False,False
6283,390,1,1,20240701,20240721.0,Completed,20,False,False
6284,390,1,1,20241001,20241025.0,Completed,24,False,False
6285,390,1,1,20250101,20250122.0,Completed,21,False,False
6286,390,1,1,20250401,20250513.0,Completed,42,False,False
6287,390,1,1,20250701,20250724.0,Completed,23,False,False
6288,390,1,1,20251001,20251018.0,Completed,17,False,False
6289,390,1,1,20260101,20260214.0,Completed,44,False,False
6290,390,1,1,20260401,20260404.0,Completed,3,False,False
6291,390,1,1,20260701,20260802.0,Completed,32,False,False
6292,391,7,1,20240701,20240720.0,Completed,19,False,False
6293,391,7,1,20241001,20241104.0,Completed,34,False,False
6294,391,7,1,20250101,20250115.0,Completed,14,False,False
6295,391,7,1,20250401,20250404.0,Completed,3,False,False
6296,391,7,1,20250701,20250716.0,Completed,15,False,False
6297,391,7,1,20251001,20251003.0,Completed,2,False,False
6298,391,7,1,20260101,20260119.0,Completed,18,False,False
6299,391,7,1,20260401,20260501.0,Completed,30,False,False
6300,391,7,1,20260701,20260714.0,Completed,13,False,False
6301,392,4,1,20240701,20240712.0,Completed,11,False,False
6302,392,4,1,20241001,20241024.0,Completed,23,False,False
6303,392,4,1,20250101,20250118.0,Completed,17,False,False
6304,392,4,1,20250401,20250423.0,Completed,22,False,False
6305,392,4,1,20250701,20250825.0,Completed,55,False,False
6306,392,4,1,20251001,20251010.0,Completed,9,False,False
6307,392,4,1,20260101,20260120.0,Completed,19,False,False
6308,392,8,1,20240701,20240806.0,Completed,36,False,False
6309,392,8,1,20241001,20241106.0,Completed,36,False,False
6310,392,8,1,20250101,20250121.0,Completed,20,False,False
6311,392,8,1,20250401,20250412.0,Completed,11,False,False
6312,392,8,1,20250701,20250723.0,Completed,22,False,False
6313,392,8,1,20251001,20251023.0,Completed,22,False,False
6314,392,8,1,20260101,20260126.0,Completed,25,False,False
6315,393,8,1,20240701,20240706.0,Completed,5,False,False
6316,393,8,1,20241001,20241113.0,Completed,43,False,False
6317,393,8,1,20250101,20250206.0,Completed,36,False,False
6318,393,8,1,20250401,20250414.0,Completed,13,False,False
6319,393,8,1,20250701,20250803.0,Completed,33,False,False
6320,393,8,1,20251001,20251013.0,Completed,12,False,False
6321,393,8,1,20260101,20260209.0,Completed,39,False,False
6322,393,8,1,20260401,20260416.0,Completed,15,False,False
6323,393,8,1,20260701,20260707.0,Completed,6,False,False
6324,393,3,1,20240701,20241009.0,Completed,100,False,False
6325,393,3,1,20241001,20241118.0,Completed,48,False,False
6326,393,3,1,20250101,20250124.0,Completed,23,False,False
6327,393,3,1,20250401,20250622.0,Completed,82,False,False
6328,393,3,1,20250701,20250814.0,Completed,44,False,False
6329,393,3,1,20251001,20251022.0,Completed,21,False,False
6330,393,3,1,20260101,20260324.0,Completed,82,False,False
6331,393,3,1,20260401,20260521.0,Completed,50,False,False
6332,393,3,1,20260701,20260806.0,Completed,36,False,False
6333,393,4,1,20240701,20240715.0,Completed,14,False,False
6334,393,4,1,20241001,20241007.0,Completed,6,False,False
6335,393,4,1,20250101,20250102.0,Completed,1,False,False
6336,393,4,1,20250401,20250424.0,Completed,23,False,False
6337,393,4,1,20250701,20250706.0,Completed,5,False,False
6338,393,4,1,20251001,20251007.0,Completed,6,False,False
6339,393,4,1,20260101,20260113.0,Completed,12,False,False
6340,393,4,1,20260401,20260413.0,Completed,12,False,False
6341,393,4,1,20260701,20260708.0,Completed,7,False,False
6342,394,2,1,20240701,20240816.0,Completed,46,False,False
6343,394,2,1,20241001,20241006.0,Completed,5,False,False
6344,394,2,1,20250101,20250216.0,Completed,46,False,False
6345,394,2,1,20250401,20250423.0,Completed,22,False,False
6346,394,2,1,20250701,20250714.0,Completed,13,False,False
6347,394,2,1,20251001,20251007.0,Completed,6,False,False
6348,394,2,1,20260101,20260202.0,Completed,32,False,False
6349,394,2,1,20260401,20260410.0,Completed,9,False,False
6350,394,2,1,20260701,20260709.0,Completed,8,False,False
6351,394,4,1,20240701,20240805.0,Completed,35,False,False
6352,394,4,1,20241001,20241005.0,Completed,4,False,False
6353,394,4,1,20250101,20250104.0,Completed,3,False,False
6354,394,4,1,20250401,20250423.0,Completed,22,False,False
6355,394,4,1,20250701,20250718.0,Completed,17,False,False
6356,394,4,1,20251001,20251010.0,Completed,9,False,False
6357,394,4,1,20260101,20260107.0,Completed,6,False,False
6358,394,4,1,20260401,20260408.0,Completed,7,False,False
6359,394,4,1,20260701,20260710.0,Completed,9,False,False
6360,394,8,1,20240701,20240721.0,Completed,20,False,False
6361,394,8,1,20241001,20241017.0,Completed,16,False,False
6362,394,8,1,20250101,20250111.0,Completed,10,False,False
6363,394,8,1,20250401,20250411.0,Completed,10,False,False
6364,394,8,1,20250701,20250723.0,Completed,22,False,False
6365,394,8,1,20251001,20251008.0,Completed,7,False,False
6366,394,8,1,20260101,20260104.0,Completed,3,False,False
6367,394,8,1,20260401,20260504.0,Completed,33,False,False
6368,394,8,1,20260701,20260711.0,Completed,10,False,False
6369,395,4,1,20240701,20240817.0,Completed,47,False,False
6370,395,4,1,20241001,20241010.0,Completed,9,False,False
6371,395,4,1,20250101,20250114.0,Completed,13,False,False
6372,395,4,1,20250401,20250407.0,Completed,6,False,False
6373,395,4,1,20250701,20250717.0,Completed,16,False,False
6374,395,4,1,20251001,20251011.0,Completed,10,False,False
6375,395,4,1,20260101,20260112.0,Completed,11,False,False
6376,395,4,1,20260401,20260416.0,Completed,15,False,False
6377,395,4,1,20260701,20260710.0,Completed,9,False,False
6378,396,3,1,20240701,20240802.0,Completed,32,False,False
6379,396,3,1,20241001,20241016.0,Completed,15,False,False
6380,396,3,1,20250101,20250201.0,Completed,31,False,False
6381,396,3,1,20250401,20250406.0,Completed,5,False,False
6382,396,3,1,20250701,20250708.0,Completed,7,False,False
6383,396,3,1,20251001,20251013.0,Completed,12,False,False
6384,396,3,1,20260101,20260110.0,Completed,9,False,False
6385,396,3,1,20260401,20260411.0,Completed,10,False,False
6386,396,3,1,20260701,20260808.0,Completed,38,False,False
6387,397,1,1,20240701,20240722.0,Completed,21,False,False
6388,397,1,1,20241001,20241019.0,Completed,18,False,False
6389,397,1,1,20250101,20250202.0,Completed,32,False,False
6390,397,1,1,20250401,20250505.0,Completed,34,False,False
6391,397,1,1,20250701,20250718.0,Completed,17,False,False
6392,397,1,1,20251001,20251124.0,Completed,54,False,False
6393,397,1,1,20260101,20260123.0,Completed,22,False,False
6394,397,1,1,20260401,20260511.0,Completed,40,False,False
6395,397,1,1,20260701,20260716.0,Completed,15,False,False
6396,397,5,1,20240701,20240726.0,Completed,25,False,False
6397,397,5,1,20241001,20241105.0,Completed,35,False,False
6398,397,5,1,20250101,20250202.0,Completed,32,False,False
6399,397,5,1,20250401,20250501.0,Completed,30,False,False
6400,397,5,1,20250701,20250713.0,Completed,12,False,False
6401,397,5,1,20251001,20251008.0,Completed,7,False,False
6402,397,5,1,20260101,20260107.0,Completed,6,False,False
6403,397,5,1,20260401,20260415.0,Completed,14,False,False
6404,397,5,1,20260701,20260714.0,Completed,13,False,False
6405,397,8,1,20240701,20240718.0,Completed,17,False,False
6406,397,8,1,20241001,20241014.0,Completed,13,False,False
6407,397,8,1,20250101,20250105.0,Completed,4,False,False
6408,397,8,1,20250401,20250425.0,Completed,24,False,False
6409,397,8,1,20250701,20250716.0,Completed,15,False,False
6410,397,8,1,20251001,20251008.0,Completed,7,False,False
6411,397,8,1,20260101,20260109.0,Completed,8,False,False
6412,397,8,1,20260401,20260504.0,Completed,33,False,False
6413,397,8,1,20260701,20260705.0,Completed,4,False,False
6414,398,1,1,20240701,20240906.0,Completed,67,False,False
6415,398,1,1,20241001,20241021.0,Completed,20,False,False
6416,398,1,1,20250101,20250123.0,Completed,22,False,False
6417,398,1,1,20250401,20250503.0,Completed,32,False,False
6418,398,1,1,20250701,20250707.0,Completed,6,False,False
6419,398,1,1,20251001,20251031.0,Completed,30,False,False
6420,398,1,1,20260101,20260213.0,Completed,43,False,False
6421,398,1,1,20260401,20260418.0,Completed,17,False,False
6422,398,1,1,20260701,20260725.0,Completed,24,False,False
6423,398,9,1,20240701,20240817.0,Completed,47,False,False
6424,398,9,1,20241001,20241024.0,Completed,23,False,False
6425,398,9,1,20250101,20250107.0,Completed,6,False,False
6426,398,9,1,20250401,20250409.0,Completed,8,False,False
6427,398,9,1,20250701,20250711.0,Completed,10,False,False
6428,398,9,1,20251001,20251025.0,Completed,24,False,False
6429,398,9,1,20260101,20260107.0,Completed,6,False,False
6430,398,9,1,20260401,20260421.0,Completed,20,False,False
6431,398,9,1,20260701,20260721.0,Completed,20,False,False
6432,399,1,1,20240701,20240727.0,Completed,26,False,False
6433,399,1,1,20241001,20241119.0,Completed,49,False,False
6434,399,1,1,20250101,20250113.0,Completed,12,False,False
6435,399,1,1,20250401,20250527.0,Completed,56,False,False
6436,399,1,1,20250701,20250705.0,Completed,4,False,False
6437,399,1,1,20251001,20251012.0,Completed,11,False,False
6438,399,1,1,20260101,20260106.0,Completed,5,False,False
6439,399,1,1,20260401,20260414.0,Completed,13,False,False
6440,399,1,1,20260701,20260811.0,Completed,41,False,False
6441,400,2,1,20240701,20240803.0,Completed,33,False,False
6442,400,2,1,20241001,20241031.0,Completed,30,False,False
6443,400,2,1,20250101,20250114.0,Completed,13,False,False
6444,400,2,1,20250401,20250425.0,Completed,24,False,False
6445,400,2,1,20250701,20250827.0,Completed,57,False,False
6446,400,2,1,20251001,20251014.0,Completed,13,False,False
6447,400,2,1,20260101,20260115.0,Completed,14,False,False
6448,400,2,1,20260401,20260415.0,Completed,14,False,False
6449,400,2,1,20260701,20260729.0,Completed,28,False,False
6450,401,2,1,20240701,20240808.0,Completed,38,False,False
6451,401,2,1,20241001,20241114.0,Completed,44,False,False
6452,401,2,1,20250101,20250121.0,Completed,20,False,False
6453,401,2,1,20250401,20250419.0,Completed,18,False,False
6454,401,2,1,20250701,20250717.0,Completed,16,False,False
6455,401,2,1,20251001,20251106.0,Completed,36,False,False
6456,401,2,1,20260101,20260107.0,Completed,6,False,False
6457,401,2,1,20260401,20260423.0,Completed,22,False,False
6458,401,2,1,20260701,20260723.0,Completed,22,False,False
6459,401,3,1,20240701,20240810.0,Completed,40,False,False
6460,401,3,1,20241001,20241009.0,Completed,8,False,False
6461,401,3,1,20250101,20250213.0,Completed,43,False,False
6462,401,3,1,20250401,20250506.0,Completed,35,False,False
6463,401,3,1,20250701,20250920.0,Completed,81,False,False
6464,401,3,1,20251001,20251211.0,Completed,71,False,False
6465,401,3,1,20260101,20260224.0,Completed,54,False,False
6466,401,3,1,20260401,20260404.0,Completed,3,False,False
6467,401,3,1,20260701,20260710.0,Completed,9,False,False
6468,402,8,1,20240701,20240726.0,Completed,25,False,False
6469,402,8,1,20241001,20241012.0,Completed,11,False,False
6470,402,8,1,20250101,20250205.0,Completed,35,False,False
6471,402,8,1,20250401,20250414.0,Completed,13,False,False
6472,402,8,1,20250701,20250721.0,Completed,20,False,False
6473,402,8,1,20251001,20251020.0,Completed,19,False,False
6474,402,8,1,20260101,20260114.0,Completed,13,False,False
6475,402,8,1,20260401,20260426.0,Completed,25,False,False
6476,402,8,1,20260701,20260722.0,Completed,21,False,False
6477,402,1,1,20240701,20240710.0,Completed,9,False,False
6478,402,1,1,20241001,20250108.0,Completed,99,False,False
6479,402,1,1,20250101,20250110.0,Completed,9,False,False
6480,402,1,1,20250401,20250415.0,Completed,14,False,False
6481,402,1,1,20250701,20250809.0,Completed,39,False,False
6482,402,1,1,20251001,20251104.0,Completed,34,False,False
6483,402,1,1,20260101,20260214.0,Completed,44,False,False
6484,402,1,1,20260401,20260422.0,Completed,21,False,False
6485,402,1,1,20260701,20260806.0,Completed,36,False,False
6486,403,1,1,20240701,20240716.0,Completed,15,False,False
6487,403,1,1,20241001,20241027.0,Completed,26,False,False
6488,403,1,1,20250101,20250307.0,Completed,65,False,False
6489,403,1,1,20250401,20250410.0,Completed,9,False,False
6490,403,1,1,20250701,20250822.0,Completed,52,False,False
6491,403,1,1,20251001,20251023.0,Completed,22,False,False
6492,403,1,1,20260101,20260113.0,Completed,12,False,False
6493,403,1,1,20260401,20260414.0,Completed,13,False,False
6494,403,1,1,20260701,20260723.0,Completed,22,False,False
6495,403,5,1,20240701,20240814.0,Completed,44,False,False
6496,403,5,1,20241001,20241030.0,Completed,29,False,False
6497,403,5,1,20250101,20250107.0,Completed,6,False,False
6498,403,5,1,20250401,20250512.0,Completed,41,False,False
6499,403,5,1,20250701,20250806.0,Completed,36,False,False
6500,403,5,1,20251001,20251005.0,Completed,4,False,False
6501,403,5,1,20260101,20260110.0,Completed,9,False,False
6502,403,5,1,20260401,20260518.0,Completed,47,False,False
6503,403,5,1,20260701,20260722.0,Completed,21,False,False
6504,404,6,1,20240701,20240726.0,Completed,25,False,False
6505,404,6,1,20241001,20241002.0,Completed,1,False,False
6506,404,6,1,20250101,20250102.0,Completed,1,False,False
6507,404,6,1,20250401,20250421.0,Completed,20,False,False
6508,404,6,1,20250701,20250709.0,Completed,8,False,False
6509,404,6,1,20251001,20251022.0,Completed,21,False,False
6510,404,6,1,20260101,20260126.0,Completed,25,False,False
6511,404,6,1,20260401,20260409.0,Completed,8,False,False
6512,404,6,1,20260701,20260713.0,Completed,12,False,False
6513,405,4,1,20240701,20240711.0,Completed,10,False,False
6514,405,4,1,20241001,20241009.0,Completed,8,False,False
6515,405,4,1,20250101,20250116.0,Completed,15,False,False
6516,405,4,1,20250401,20250424.0,Completed,23,False,False
6517,405,4,1,20250701,20250708.0,Completed,7,False,False
6518,405,4,1,20251001,20251008.0,Completed,7,False,False
6519,405,4,1,20260101,20260109.0,Completed,8,False,False
6520,405,4,1,20260401,20260420.0,Completed,19,False,False
6521,405,4,1,20260701,20260726.0,Completed,25,False,False
6522,405,8,1,20240701,20240711.0,Completed,10,False,False
6523,405,8,1,20241001,20241003.0,Completed,2,False,False
6524,405,8,1,20250101,20250106.0,Completed,5,False,False
6525,405,8,1,20250401,20250410.0,Completed,9,False,False
6526,405,8,1,20250701,20250707.0,Completed,6,False,False
6527,405,8,1,20251001,20251005.0,Completed,4,False,False
6528,405,8,1,20260101,20260114.0,Completed,13,False,False
6529,405,8,1,20260401,20260529.0,Completed,58,False,False
6530,405,8,1,20260701,20260706.0,Completed,5,False,False
6531,405,9,1,20240701,20240716.0,Completed,15,False,False
6532,405,9,1,20241001,20241020.0,Completed,19,False,False
6533,405,9,1,20250101,20250121.0,Completed,20,False,False
6534,405,9,1,20250401,20250413.0,Completed,12,False,False
6535,405,9,1,20250701,20250705.0,Completed,4,False,False
6536,405,9,1,20251001,20251024.0,Completed,23,False,False
6537,405,9,1,20260101,20260104.0,Completed,3,False,False
6538,405,9,1,20260401,20260412.0,Completed,11,False,False
6539,405,9,1,20260701,20260711.0,Completed,10,False,False
6540,406,6,1,20240701,20240705.0,Completed,4,False,False
6541,406,6,1,20241001,20241009.0,Completed,8,False,False
6542,406,6,1,20250101,20250120.0,Completed,19,False,False
6543,406,6,1,20250401,20250412.0,Completed,11,False,False
6544,406,6,1,20250701,20250704.0,Completed,3,False,False
6545,406,6,1,20251001,20251022.0,Completed,21,False,False
6546,406,6,1,20260101,20260210.0,Completed,40,False,False
6547,406,6,1,20260401,20260405.0,Completed,4,False,False
6548,406,6,1,20260701,20260713.0,Completed,12,False,False
6549,407,7,1,20240701,20240713.0,Completed,12,False,False
6550,407,7,1,20241001,20241005.0,Completed,4,False,False
6551,407,7,1,20250101,20250130.0,Completed,29,False,False
6552,407,7,1,20250401,20250414.0,Completed,13,False,False
6553,407,7,1,20250701,20250725.0,Completed,24,False,False
6554,407,7,1,20251001,20251017.0,Completed,16,False,False
6555,407,7,1,20260101,20260130.0,Completed,29,False,False
6556,407,7,1,20260401,20260417.0,Completed,16,False,False
6557,407,7,1,20260701,20260710.0,Completed,9,False,False
6558,407,8,1,20240701,20240719.0,Completed,18,False,False
6559,407,8,1,20241001,20241007.0,Completed,6,False,False
6560,407,8,1,20250101,20250121.0,Completed,20,False,False
6561,407,8,1,20250401,20250406.0,Completed,5,False,False
6562,407,8,1,20250701,20250713.0,Completed,12,False,False
6563,407,8,1,20251001,20251011.0,Completed,10,False,False
6564,407,8,1,20260101,20260116.0,Completed,15,False,False
6565,407,8,1,20260401,20260503.0,Completed,32,False,False
6566,407,8,1,20260701,20260709.0,Completed,8,False,False
6567,408,5,1,20240701,20240807.0,Completed,37,False,False
6568,408,5,1,20241001,20241118.0,Completed,48,False,False
6569,408,5,1,20250101,20250206.0,Completed,36,False,False
6570,408,5,1,20250401,20250425.0,Completed,24,False,False
6571,408,5,1,20250701,20250724.0,Completed,23,False,False
6572,408,5,1,20251001,20251013.0,Completed,12,False,False
6573,408,5,1,20260101,20260105.0,Completed,4,False,False
6574,408,5,1,20260401,20260422.0,Completed,21,False,False
6575,408,5,1,20260701,20260820.0,Completed,50,False,False
6576,409,2,1,20240701,20240907.0,Completed,68,False,False
6577,409,2,1,20241001,20241008.0,Completed,7,False,False
6578,409,2,1,20250101,20250309.0,Completed,67,False,False
6579,409,2,1,20250401,20250509.0,Completed,38,False,False
6580,409,2,1,20250701,20250805.0,Completed,35,False,False
6581,409,2,1,20251001,20251202.0,Completed,62,False,False
6582,409,2,1,20260101,20260220.0,Completed,50,False,False
6583,409,2,1,20260401,20260412.0,Completed,11,False,False
6584,409,2,1,20260701,20260714.0,Completed,13,False,False
6585,409,4,1,20240701,20240703.0,Completed,2,False,False
6586,409,4,1,20241001,20241018.0,Completed,17,False,False
6587,409,4,1,20250101,20250107.0,Completed,6,False,False
6588,409,4,1,20250401,20250410.0,Completed,9,False,False
6589,409,4,1,20250701,20250729.0,Completed,28,False,False
6590,409,4,1,20251001,20251020.0,Completed,19,False,False
6591,409,4,1,20260101,20260120.0,Completed,19,False,False
6592,409,4,1,20260401,20260520.0,Completed,49,False,False
6593,409,4,1,20260701,20260702.0,Completed,1,False,False
6594,409,8,1,20240701,20240707.0,Completed,6,False,False
6595,409,8,1,20241001,20241011.0,Completed,10,False,False
6596,409,8,1,20250101,20250108.0,Completed,7,False,False
6597,409,8,1,20250401,20250425.0,Completed,24,False,False
6598,409,8,1,20250701,20250712.0,Completed,11,False,False
6599,409,8,1,20251001,20251006.0,Completed,5,False,False
6600,409,8,1,20260101,20260117.0,Completed,16,False,False
6601,409,8,1,20260401,20260419.0,Completed,18,False,False
6602,409,8,1,20260701,20260706.0,Completed,5,False,False
6603,410,7,1,20240701,20240712.0,Completed,11,False,False
6604,410,7,1,20241001,20241019.0,Completed,18,False,False
6605,410,7,1,20250101,20250131.0,Completed,30,False,False
6606,410,7,1,20250401,20250408.0,Completed,7,False,False
6607,410,7,1,20250701,20250721.0,Completed,20,False,False
6608,410,7,1,20251001,20251009.0,Completed,8,False,False
6609,410,7,1,20260101,20260115.0,Completed,14,False,False
6610,410,7,1,20260401,20260407.0,Completed,6,False,False
6611,410,7,1,20260701,20260720.0,Completed,19,False,False
6612,410,8,1,20240701,20240727.0,Completed,26,False,False
6613,410,8,1,20241001,20241013.0,Completed,12,False,False
6614,410,8,1,20250101,20250112.0,Completed,11,False,False
6615,410,8,1,20250401,20250411.0,Completed,10,False,False
6616,410,8,1,20250701,20250705.0,Completed,4,False,False
6617,410,8,1,20251001,20251023.0,Completed,22,False,False
6618,410,8,1,20260101,20260130.0,Completed,29,False,False
6619,410,8,1,20260401,20260408.0,Completed,7,False,False
6620,410,8,1,20260701,20260716.0,Completed,15,False,False
6621,411,4,1,20240701,20240720.0,Completed,19,False,False
6622,411,4,1,20241001,20241009.0,Completed,8,False,False
6623,411,4,1,20250101,20250204.0,Completed,34,False,False
6624,411,4,1,20250401,20250416.0,Completed,15,False,False
6625,411,4,1,20250701,20250704.0,Completed,3,False,False
6626,411,4,1,20251001,20251028.0,Completed,27,False,False
6627,411,4,1,20260101,20260113.0,Completed,12,False,False
6628,411,4,1,20260401,20260410.0,Completed,9,False,False
6629,411,4,1,20260701,20260722.0,Completed,21,False,False
6630,412,7,1,20240701,20240709.0,Completed,8,False,False
6631,412,7,1,20241001,20241102.0,Completed,32,False,False
6632,412,7,1,20250101,20250129.0,Completed,28,False,False
6633,412,7,1,20250401,20250507.0,Completed,36,False,False
6634,412,7,1,20250701,20250817.0,Completed,47,False,False
6635,412,7,1,20251001,20251020.0,Completed,19,False,False
6636,412,7,1,20260101,20260114.0,Completed,13,False,False
6637,412,7,1,20260401,20260409.0,Completed,8,False,False
6638,412,7,1,20260701,20260721.0,Completed,20,False,False
6639,412,8,1,20240701,20240816.0,Completed,46,False,False
6640,412,8,1,20241001,20241005.0,Completed,4,False,False
6641,412,8,1,20250101,20250117.0,Completed,16,False,False
6642,412,8,1,20250401,20250404.0,Completed,3,False,False
6643,412,8,1,20250701,20250704.0,Completed,3,False,False
6644,412,8,1,20251001,20251031.0,Completed,30,False,False
6645,412,8,1,20260101,20260127.0,Completed,26,False,False
6646,412,8,1,20260401,20260409.0,Completed,8,False,False
6647,412,8,1,20260701,20260706.0,Completed,5,False,False
6648,413,8,1,20240701,20240806.0,Completed,36,False,False
6649,413,8,1,20241001,20241006.0,Completed,5,False,False
6650,413,8,1,20250101,20250105.0,Completed,4,False,False
6651,413,8,1,20250401,20250407.0,Completed,6,False,False
6652,413,8,1,20250701,20250719.0,Completed,18,False,False
6653,413,8,1,20251001,20251121.0,Completed,51,False,False
6654,413,8,1,20260101,20260109.0,Completed,8,False,False
6655,413,8,1,20260401,20260430.0,Completed,29,False,False
6656,413,8,1,20260701,20260715.0,Completed,14,False,False
6657,413,2,1,20240701,20240704.0,Completed,3,False,False
6658,413,2,1,20241001,20241018.0,Completed,17,False,False
6659,413,2,1,20250101,20250223.0,Completed,53,False,False
6660,413,2,1,20250401,20250522.0,Completed,51,False,False
6661,413,2,1,20250701,20250716.0,Completed,15,False,False
6662,413,2,1,20251001,20251114.0,Completed,44,False,False
6663,413,2,1,20260101,20260125.0,Completed,24,False,False
6664,413,2,1,20260401,20260505.0,Completed,34,False,False
6665,413,2,1,20260701,20260831.0,Completed,61,False,False
6666,413,4,1,20240701,20240709.0,Completed,8,False,False
6667,413,4,1,20241001,20241011.0,Completed,10,False,False
6668,413,4,1,20250101,20250201.0,Completed,31,False,False
6669,413,4,1,20250401,20250519.0,Completed,48,False,False
6670,413,4,1,20250701,20250725.0,Completed,24,False,False
6671,413,4,1,20251001,20251017.0,Completed,16,False,False
6672,413,4,1,20260101,20260125.0,Completed,24,False,False
6673,413,4,1,20260401,20260409.0,Completed,8,False,False
6674,413,4,1,20260701,20260715.0,Completed,14,False,False
6675,414,6,1,20240701,20240704.0,Completed,3,False,False
6676,414,6,1,20241001,20241009.0,Completed,8,False,False
6677,414,6,1,20250101,20250119.0,Completed,18,False,False
6678,414,6,1,20250401,20250416.0,Completed,15,False,False
6679,414,6,1,20250701,20250702.0,Completed,1,False,False
6680,414,6,1,20251001,20251012.0,Completed,11,False,False
6681,414,6,1,20260101,20260116.0,Completed,15,False,False
6682,414,6,1,20260401,20260416.0,Completed,15,False,False
6683,414,6,1,20260701,20260705.0,Completed,4,False,False
6684,414,10,1,20240701,20240723.0,Completed,22,False,False
6685,414,10,1,20241001,20241113.0,Completed,43,False,False
6686,414,10,1,20250101,20250125.0,Completed,24,False,False
6687,414,10,1,20250401,20250415.0,Completed,14,False,False
6688,414,10,1,20250701,20250807.0,Completed,37,False,False
6689,414,10,1,20251001,20251009.0,Completed,8,False,False
6690,414,10,1,20260101,20260121.0,Completed,20,False,False
6691,414,10,1,20260401,20260414.0,Completed,13,False,False
6692,414,10,1,20260701,20260807.0,Completed,37,False,False
6693,415,3,1,20240701,20240713.0,Completed,12,False,False
6694,415,3,1,20241001,20241013.0,Completed,12,False,False
6695,415,3,1,20250101,20250305.0,Completed,63,False,False
6696,415,3,1,20250401,20250509.0,Completed,38,False,False
6697,415,3,1,20250701,20250905.0,Completed,66,False,False
6698,415,3,1,20251001,20251014.0,Completed,13,False,False
6699,415,3,1,20260101,20260116.0,Completed,15,False,False
6700,415,3,1,20260401,20260505.0,Completed,34,False,False
6701,415,3,1,20260701,20260707.0,Completed,6,False,False
6702,415,2,1,20240701,20240802.0,Completed,32,False,False
6703,415,2,1,20241001,20241020.0,Completed,19,False,False
6704,415,2,1,20250101,20250126.0,Completed,25,False,False
6705,415,2,1,20250401,20250515.0,Completed,44,False,False
6706,415,2,1,20250701,20250816.0,Completed,46,False,False
6707,415,2,1,20251001,20251224.0,Completed,84,False,False
6708,415,2,1,20260101,20260226.0,Completed,56,False,False
6709,415,2,1,20260401,20260405.0,Completed,4,False,False
6710,415,2,1,20260701,20260713.0,Completed,12,False,False
6711,416,8,1,20240701,20240708.0,Completed,7,False,False
6712,416,8,1,20241001,20241027.0,Completed,26,False,False
6713,416,8,1,20250101,20250208.0,Completed,38,False,False
6714,416,8,1,20250401,20250405.0,Completed,4,False,False
6715,416,8,1,20250701,20250728.0,Completed,27,False,False
6716,416,8,1,20251001,20251015.0,Completed,14,False,False
6717,416,8,1,20260101,20260113.0,Completed,12,False,False
6718,416,8,1,20260401,20260409.0,Completed,8,False,False
6719,416,8,1,20260701,20260712.0,Completed,11,False,False
6720,416,1,1,20240701,20240802.0,Completed,32,False,False
6721,416,1,1,20241001,20241019.0,Completed,18,False,False
6722,416,1,1,20250101,20250207.0,Completed,37,False,False
6723,416,1,1,20250401,20250426.0,Completed,25,False,False
6724,416,1,1,20250701,20250723.0,Completed,22,False,False
6725,416,1,1,20251001,20251112.0,Completed,42,False,False
6726,416,1,1,20260101,20260204.0,Completed,34,False,False
6727,416,1,1,20260401,20260403.0,Completed,2,False,False
6728,416,1,1,20260701,20260808.0,Completed,38,False,False
6729,416,5,1,20240701,20240728.0,Completed,27,False,False
6730,416,5,1,20241001,20241118.0,Completed,48,False,False
6731,416,5,1,20250101,20250129.0,Completed,28,False,False
6732,416,5,1,20250401,20250418.0,Completed,17,False,False
6733,416,5,1,20250701,20250714.0,Completed,13,False,False
6734,416,5,1,20251001,20251005.0,Completed,4,False,False
6735,416,5,1,20260101,20260123.0,Completed,22,False,False
6736,416,5,1,20260401,20260412.0,Completed,11,False,False
6737,416,5,1,20260701,20260823.0,Completed,53,False,False
6738,417,10,1,20240701,20240715.0,Completed,14,False,False
6739,417,10,1,20241001,20241006.0,Completed,5,False,False
6740,417,10,1,20250101,20250103.0,Completed,2,False,False
6741,417,10,1,20250401,20250404.0,Completed,3,False,False
6742,417,10,1,20250701,20250719.0,Completed,18,False,False
6743,417,6,1,20240701,20240805.0,Completed,35,False,False
6744,417,6,1,20241001,20241022.0,Completed,21,False,False
6745,417,6,1,20250101,20250113.0,Completed,12,False,False
6746,417,6,1,20250401,20250519.0,Completed,48,False,False
6747,417,6,1,20250701,20250725.0,Completed,24,False,False
6748,418,4,1,20240701,20240718.0,Completed,17,False,False
6749,418,4,1,20241001,20241011.0,Completed,10,False,False
6750,418,4,1,20250101,20250206.0,Completed,36,False,False
6751,418,4,1,20250401,20250412.0,Completed,11,False,False
6752,418,4,1,20250701,20250708.0,Completed,7,False,False
6753,418,4,1,20251001,20251014.0,Completed,13,False,False
6754,418,4,1,20260101,20260116.0,Completed,15,False,False
6755,418,4,1,20260401,20260426.0,Completed,25,False,False
6756,418,4,1,20260701,20260708.0,Completed,7,False,False
6757,418,2,1,20240701,20240717.0,Completed,16,False,False
6758,418,2,1,20241001,20241017.0,Completed,16,False,False
6759,418,2,1,20250101,20250126.0,Completed,25,False,False
6760,418,2,1,20250401,20250412.0,Completed,11,False,False
6761,418,2,1,20250701,20250904.0,Completed,65,False,False
6762,418,2,1,20251001,20251007.0,Completed,6,False,False
6763,418,2,1,20260101,20260316.0,Completed,74,False,False
6764,418,2,1,20260401,20260518.0,Completed,47,False,False
6765,418,2,1,20260701,20260714.0,Completed,13,False,False
6766,419,4,1,20240701,20240713.0,Completed,12,False,False
6767,419,4,1,20241001,20241008.0,Completed,7,False,False
6768,419,4,1,20250101,20250125.0,Completed,24,False,False
6769,419,4,1,20250401,20250505.0,Completed,34,False,False
6770,419,4,1,20250701,20250917.0,Completed,78,False,False
6771,419,4,1,20251001,20251021.0,Completed,20,False,False
6772,419,4,1,20260101,20260104.0,Completed,3,False,False
6773,419,4,1,20260401,20260407.0,Completed,6,False,False
6774,419,4,1,20260701,20260720.0,Completed,19,False,False
6775,419,2,1,20240701,20240725.0,Completed,24,False,False
6776,419,2,1,20241001,20241117.0,Completed,47,False,False
6777,419,2,1,20250101,20250205.0,Completed,35,False,False
6778,419,2,1,20250401,20250414.0,Completed,13,False,False
6779,419,2,1,20250701,20250722.0,Completed,21,False,False
6780,419,2,1,20251001,20251118.0,Completed,48,False,False
6781,419,2,1,20260101,20260206.0,Completed,36,False,False
6782,419,2,1,20260401,20260518.0,Completed,47,False,False
6783,419,2,1,20260701,20260709.0,Completed,8,False,False
6784,419,8,1,20240701,20240708.0,Completed,7,False,False
6785,419,8,1,20241001,20241101.0,Completed,31,False,False
6786,419,8,1,20250101,20250105.0,Completed,4,False,False
6787,419,8,1,20250401,20250424.0,Completed,23,False,False
6788,419,8,1,20250701,20250705.0,Completed,4,False,False
6789,419,8,1,20251001,20251016.0,Completed,15,False,False
6790,419,8,1,20260101,20260110.0,Completed,9,False,False
6791,419,8,1,20260401,20260407.0,Completed,6,False,False
6792,419,8,1,20260701,20260717.0,Completed,16,False,False
6793,420,8,1,20240701,20240731.0,Completed,30,False,False
6794,420,8,1,20241001,20241009.0,Completed,8,False,False
6795,420,8,1,20250101,20250102.0,Completed,1,False,False
6796,420,8,1,20250401,20250413.0,Completed,12,False,False
6797,420,8,1,20250701,20250707.0,Completed,6,False,False
6798,420,8,1,20251001,20251026.0,Completed,25,False,False
6799,420,8,1,20260101,20260110.0,Completed,9,False,False
6800,420,8,1,20260401,20260409.0,Completed,8,False,False
6801,420,8,1,20260701,20260711.0,Completed,10,False,False
6802,420,2,1,20240701,20240829.0,Completed,59,False,False
6803,420,2,1,20241001,20241107.0,Completed,37,False,False
6804,420,2,1,20250101,20250112.0,Completed,11,False,False
6805,420,2,1,20250401,20250409.0,Completed,8,False,False
6806,420,2,1,20250701,20250912.0,Completed,73,False,False
6807,420,2,1,20251001,20251016.0,Completed,15,False,False
6808,420,2,1,20260101,20260303.0,Completed,61,False,False
6809,420,2,1,20260401,20260425.0,Completed,24,False,False
6810,420,2,1,20260701,20260715.0,Completed,14,False,False
6811,421,5,1,20240701,20240713.0,Completed,12,False,False
6812,421,5,1,20241001,20241021.0,Completed,20,False,False
6813,421,5,1,20250101,20250103.0,Completed,2,False,False
6814,421,5,1,20250401,20250412.0,Completed,11,False,False
6815,421,5,1,20250701,20250913.0,Completed,74,False,False
6816,421,5,1,20251001,20251229.0,Completed,89,False,False
6817,421,5,1,20260101,20260114.0,Completed,13,False,False
6818,421,5,1,20260401,20260506.0,Completed,35,False,False
6819,421,5,1,20260701,20260731.0,Completed,30,False,False
6820,421,1,1,20240701,20240710.0,Completed,9,False,False
6821,421,1,1,20241001,20241114.0,Completed,44,False,False
6822,421,1,1,20250101,20250121.0,Completed,20,False,False
6823,421,1,1,20250401,20250430.0,Completed,29,False,False
6824,421,1,1,20250701,20250820.0,Completed,50,False,False
6825,421,1,1,20251001,20251022.0,Completed,21,False,False
6826,421,1,1,20260101,20260122.0,Completed,21,False,False
6827,421,1,1,20260401,20260512.0,Completed,41,False,False
6828,421,1,1,20260701,20260901.0,Completed,62,False,False
6829,421,8,1,20240701,20240721.0,Completed,20,False,False
6830,421,8,1,20241001,20241012.0,Completed,11,False,False
6831,421,8,1,20250101,20250130.0,Completed,29,False,False
6832,421,8,1,20250401,20250419.0,Completed,18,False,False
6833,421,8,1,20250701,20250805.0,Completed,35,False,False
6834,421,8,1,20251001,20251112.0,Completed,42,False,False
6835,421,8,1,20260101,20260120.0,Completed,19,False,False
6836,421,8,1,20260401,20260505.0,Completed,34,False,False
6837,421,8,1,20260701,20260804.0,Completed,34,False,False
6838,422,2,1,20240701,20240727.0,Completed,26,False,False
6839,422,2,1,20241001,20241209.0,Completed,69,False,False
6840,422,2,1,20250101,20250131.0,Completed,30,False,False
6841,422,2,1,20250401,20250518.0,Completed,47,False,False
6842,422,2,1,20250701,20250728.0,Completed,27,False,False
6843,422,2,1,20251001,20251008.0,Completed,7,False,False
6844,422,2,1,20260101,20260412.0,Completed,101,False,False
6845,422,2,1,20260401,20260517.0,Completed,46,False,False
6846,422,2,1,20260701,20260819.0,Completed,49,False,False
6847,422,9,1,20240701,20240717.0,Completed,16,False,False
6848,422,9,1,20241001,20241104.0,Completed,34,False,False
6849,422,9,1,20250101,20250114.0,Completed,13,False,False
6850,422,9,1,20250401,20250414.0,Completed,13,False,False
6851,422,9,1,20250701,20250706.0,Completed,5,False,False
6852,422,9,1,20251001,20251018.0,Completed,17,False,False
6853,422,9,1,20260101,20260203.0,Completed,33,False,False
6854,422,9,1,20260401,20260414.0,Completed,13,False,False
6855,422,9,1,20260701,20260706.0,Completed,5,False,False
6856,422,8,1,20240701,20240729.0,Completed,28,False,False
6857,422,8,1,20241001,20241021.0,Completed,20,False,False
6858,422,8,1,20250101,20250216.0,Completed,46,False,False
6859,422,8,1,20250401,20250408.0,Completed,7,False,False
6860,422,8,1,20250701,20250724.0,Completed,23,False,False
6861,422,8,1,20251001,20251006.0,Completed,5,False,False
6862,422,8,1,20260101,20260115.0,Completed,14,False,False
6863,422,8,1,20260401,20260417.0,Completed,16,False,False
6864,422,8,1,20260701,20260704.0,Completed,3,False,False
6865,423,4,1,20240701,20240801.0,Completed,31,False,False
6866,423,4,1,20241001,20241027.0,Completed,26,False,False
6867,423,4,1,20250101,20250121.0,Completed,20,False,False
6868,423,4,1,20250401,20250406.0,Completed,5,False,False
6869,423,4,1,20250701,20250709.0,Completed,8,False,False
6870,423,4,1,20251001,20251029.0,Completed,28,False,False
6871,423,4,1,20260101,20260115.0,Completed,14,False,False
6872,423,4,1,20260401,20260413.0,Completed,12,False,False
6873,423,4,1,20260701,20260804.0,Completed,34,False,False
6874,424,10,1,20240701,20240717.0,Completed,16,False,False
6875,424,10,1,20241001,20241006.0,Completed,5,False,False
6876,424,10,1,20250101,20250129.0,Completed,28,False,False
6877,424,10,1,20250401,20250406.0,Completed,5,False,False
6878,424,10,1,20250701,20250715.0,Completed,14,False,False
6879,424,10,1,20251001,20251018.0,Completed,17,False,False
6880,424,10,1,20260101,20260125.0,Completed,24,False,False
6881,424,10,1,20260401,20260405.0,Completed,4,False,False
6882,424,10,1,20260701,20260702.0,Completed,1,False,False
6883,424,6,1,20240701,20240702.0,Completed,1,False,False
6884,424,6,1,20241001,20241107.0,Completed,37,False,False
6885,424,6,1,20250101,20250104.0,Completed,3,False,False
6886,424,6,1,20250401,20250514.0,Completed,43,False,False
6887,424,6,1,20250701,20250731.0,Completed,30,False,False
6888,424,6,1,20251001,20251007.0,Completed,6,False,False
6889,424,6,1,20260101,20260103.0,Completed,2,False,False
6890,424,6,1,20260401,20260416.0,Completed,15,False,False
6891,424,6,1,20260701,20260710.0,Completed,9,False,False
6892,425,7,1,20240701,20240804.0,Completed,34,False,False
6893,425,7,1,20241001,20241018.0,Completed,17,False,False
6894,425,7,1,20250101,20250115.0,Completed,14,False,False
6895,425,7,1,20250401,20250413.0,Completed,12,False,False
6896,425,7,1,20250701,20250725.0,Completed,24,False,False
6897,425,7,1,20251001,20251014.0,Completed,13,False,False
6898,425,7,1,20260101,20260219.0,Completed,49,False,False
6899,425,7,1,20260401,20260404.0,Completed,3,False,False
6900,425,7,1,20260701,20260712.0,Completed,11,False,False
6901,426,1,1,20240701,20240812.0,Completed,42,False,False
6902,426,1,1,20241001,20241108.0,Completed,38,False,False
6903,426,1,1,20250101,20250409.0,Completed,98,False,False
6904,426,1,1,20250401,20250416.0,Completed,15,False,False
6905,426,1,1,20250701,20250702.0,Completed,1,False,False
6906,426,1,1,20251001,20251126.0,Completed,56,False,False
6907,426,1,1,20260101,20260203.0,Completed,33,False,False
6908,426,1,1,20260401,20260528.0,Completed,57,False,False
6909,426,1,1,20260701,20260807.0,Completed,37,False,False
6910,426,9,1,20240701,20240702.0,Completed,1,False,False
6911,426,9,1,20241001,20241020.0,Completed,19,False,False
6912,426,9,1,20250101,20250108.0,Completed,7,False,False
6913,426,9,1,20250401,20250412.0,Completed,11,False,False
6914,426,9,1,20250701,20250714.0,Completed,13,False,False
6915,426,9,1,20251001,20251006.0,Completed,5,False,False
6916,426,9,1,20260101,20260108.0,Completed,7,False,False
6917,426,9,1,20260401,20260426.0,Completed,25,False,False
6918,426,9,1,20260701,20260726.0,Completed,25,False,False
6919,427,1,1,20240701,20240706.0,Completed,5,False,False
6920,427,1,1,20241001,20241104.0,Completed,34,False,False
6921,427,1,1,20250101,20250223.0,Completed,53,False,False
6922,427,1,1,20250401,20250502.0,Completed,31,False,False
6923,427,1,1,20250701,20250805.0,Completed,35,False,False
6924,427,1,1,20251001,20251007.0,Completed,6,False,False
6925,427,1,1,20260101,20260308.0,Completed,66,False,False
6926,427,1,1,20260401,20260411.0,Completed,10,False,False
6927,427,1,1,20260701,20260722.0,Completed,21,False,False
6928,428,7,1,20240701,20240728.0,Completed,27,False,False
6929,428,7,1,20241001,20241111.0,Completed,41,False,False
6930,428,7,1,20250101,20250112.0,Completed,11,False,False
6931,428,7,1,20250401,20250528.0,Completed,57,False,False
6932,428,7,1,20250701,20250717.0,Completed,16,False,False
6933,428,7,1,20251001,20251016.0,Completed,15,False,False
6934,428,7,1,20260101,20260107.0,Completed,6,False,False
6935,428,7,1,20260401,20260412.0,Completed,11,False,False
6936,428,7,1,20260701,20260718.0,Completed,17,False,False
6937,428,8,1,20240701,20240722.0,Completed,21,False,False
6938,428,8,1,20241001,20241022.0,Completed,21,False,False
6939,428,8,1,20250101,20250111.0,Completed,10,False,False
6940,428,8,1,20250401,20250507.0,Completed,36,False,False
6941,428,8,1,20250701,20250716.0,Completed,15,False,False
6942,428,8,1,20251001,20251015.0,Completed,14,False,False
6943,428,8,1,20260101,20260106.0,Completed,5,False,False
6944,428,8,1,20260401,20260424.0,Completed,23,False,False
6945,428,8,1,20260701,20260715.0,Completed,14,False,False
6946,429,2,1,20240701,20240723.0,Completed,22,False,False
6947,429,2,1,20241001,20241009.0,Completed,8,False,False
6948,429,2,1,20250101,20250109.0,Completed,8,False,False
6949,429,2,1,20250401,20250508.0,Completed,37,False,False
6950,429,2,1,20250701,20250919.0,Completed,80,False,False
6951,429,2,1,20251001,20251025.0,Completed,24,False,False
6952,429,2,1,20260101,20260125.0,Completed,24,False,False
6953,429,2,1,20260401,20260517.0,Completed,46,False,False
6954,429,2,1,20260701,20260904.0,Completed,65,False,False
6955,429,8,1,20240701,20240710.0,Completed,9,False,False
6956,429,8,1,20241001,20241007.0,Completed,6,False,False
6957,429,8,1,20250101,20250114.0,Completed,13,False,False
6958,429,8,1,20250401,20250421.0,Completed,20,False,False
6959,429,8,1,20250701,20250702.0,Completed,1,False,False
6960,429,8,1,20251001,20251011.0,Completed,10,False,False
6961,429,8,1,20260101,20260113.0,Completed,12,False,False
6962,429,8,1,20260401,20260412.0,Completed,11,False,False
6963,429,8,1,20260701,20260704.0,Completed,3,False,False
6964,430,1,1,20240701,20240721.0,Completed,20,False,False
6965,430,1,1,20241001,20241026.0,Completed,25,False,False
6966,430,1,1,20250101,20250114.0,Completed,13,False,False
6967,430,1,1,20250401,20250505.0,Completed,34,False,False
6968,430,1,1,20250701,20250821.0,Completed,51,False,False
6969,430,1,1,20251001,20251123.0,Completed,53,False,False
6970,430,1,1,20260101,20260117.0,Completed,16,False,False
6971,430,1,1,20260401,20260511.0,Completed,40,False,False
6972,430,1,1,20260701,20260808.0,Completed,38,False,False
6973,430,9,1,20240701,20240816.0,Completed,46,False,False
6974,430,9,1,20241001,20241021.0,Completed,20,False,False
6975,430,9,1,20250101,20250122.0,Completed,21,False,False
6976,430,9,1,20250401,20250430.0,Completed,29,False,False
6977,430,9,1,20250701,20250705.0,Completed,4,False,False
6978,430,9,1,20251001,20251016.0,Completed,15,False,False
6979,430,9,1,20260101,20260212.0,Completed,42,False,False
6980,430,9,1,20260401,20260513.0,Completed,42,False,False
6981,430,9,1,20260701,20260711.0,Completed,10,False,False
6982,431,6,1,20240701,20240811.0,Completed,41,False,False
6983,431,6,1,20241001,20241012.0,Completed,11,False,False
6984,431,6,1,20250101,20250119.0,Completed,18,False,False
6985,431,6,1,20250401,20250404.0,Completed,3,False,False
6986,431,6,1,20250701,20250805.0,Completed,35,False,False
6987,431,6,1,20251001,20251012.0,Completed,11,False,False
6988,431,6,1,20260101,20260105.0,Completed,4,False,False
6989,431,6,1,20260401,20260414.0,Completed,13,False,False
6990,431,6,1,20260701,20260702.0,Completed,1,False,False
6991,431,10,1,20240701,20240723.0,Completed,22,False,False
6992,431,10,1,20241001,20241101.0,Completed,31,False,False
6993,431,10,1,20250101,20250107.0,Completed,6,False,False
6994,431,10,1,20250401,20250406.0,Completed,5,False,False
6995,431,10,1,20250701,20250722.0,Completed,21,False,False
6996,431,10,1,20251001,20251024.0,Completed,23,False,False
6997,431,10,1,20260101,20260109.0,Completed,8,False,False
6998,431,10,1,20260401,20260407.0,Completed,6,False,False
6999,431,10,1,20260701,20260728.0,Completed,27,False,False
7000,432,3,1,20240701,20240707.0,Completed,6,False,False
7001,432,3,1,20241001,20241020.0,Completed,19,False,False
7002,432,3,1,20250101,20250114.0,Completed,13,False,False
7003,432,3,1,20250401,20250513.0,Completed,42,False,False
7004,432,3,1,20250701,20250714.0,Completed,13,False,False
7005,432,3,1,20251001,20251130.0,Completed,60,False,False
7006,432,3,1,20260101,20260120.0,Completed,19,False,False
7007,432,3,1,20260401,20260508.0,Completed,37,False,False
7008,432,3,1,20260701,20260715.0,Completed,14,False,False
7009,432,8,1,20240701,20240717.0,Completed,16,False,False
7010,432,8,1,20241001,20241009.0,Completed,8,False,False
7011,432,8,1,20250101,20250106.0,Completed,5,False,False
7012,432,8,1,20250401,20250424.0,Completed,23,False,False
7013,432,8,1,20250701,20250708.0,Completed,7,False,False
7014,432,8,1,20251001,20251008.0,Completed,7,False,False
7015,432,8,1,20260101,20260116.0,Completed,15,False,False
7016,432,8,1,20260401,20260418.0,Completed,17,False,False
7017,432,8,1,20260701,20260706.0,Completed,5,False,False
7018,433,6,1,20240701,20240721.0,Completed,20,False,False
7019,433,6,1,20241001,20241008.0,Completed,7,False,False
7020,433,6,1,20250101,20250105.0,Completed,4,False,False
7021,433,6,1,20250401,20250412.0,Completed,11,False,False
7022,433,6,1,20250701,20250712.0,Completed,11,False,False
7023,433,10,1,20240701,20240720.0,Completed,19,False,False
7024,433,10,1,20241001,20241117.0,Completed,47,False,False
7025,433,10,1,20250101,20250116.0,Completed,15,False,False
7026,433,10,1,20250401,20250422.0,Completed,21,False,False
7027,433,10,1,20250701,20250704.0,Completed,3,False,False
7028,434,9,1,20240701,20240801.0,Completed,31,False,False
7029,434,9,1,20241001,20241013.0,Completed,12,False,False
7030,434,9,1,20250101,20250105.0,Completed,4,False,False
7031,434,9,1,20250401,20250501.0,Completed,30,False,False
7032,434,9,1,20250701,20250714.0,Completed,13,False,False
7033,434,9,1,20251001,20251028.0,Completed,27,False,False
7034,434,9,1,20260101,20260221.0,Completed,51,False,False
7035,434,9,1,20260401,20260404.0,Completed,3,False,False
7036,434,9,1,20260701,20260708.0,Completed,7,False,False
7037,435,1,1,20240701,20240817.0,Completed,47,False,False
7038,435,1,1,20241001,20241027.0,Completed,26,False,False
7039,435,1,1,20250101,20250103.0,Completed,2,False,False
7040,435,1,1,20250401,20250420.0,Completed,19,False,False
7041,435,1,1,20250701,20250723.0,Completed,22,False,False
7042,435,1,1,20251001,20251026.0,Completed,25,False,False
7043,435,1,1,20260101,20260114.0,Completed,13,False,False
7044,435,1,1,20260401,20260612.0,Completed,72,False,False
7045,435,1,1,20260701,20260707.0,Completed,6,False,False
7046,436,9,1,20240701,20240719.0,Completed,18,False,False
7047,436,9,1,20241001,20241009.0,Completed,8,False,False
7048,436,9,1,20250101,20250109.0,Completed,8,False,False
7049,436,9,1,20250401,20250504.0,Completed,33,False,False
7050,436,9,1,20250701,20250712.0,Completed,11,False,False
7051,436,9,1,20251001,20251019.0,Completed,18,False,False
7052,436,9,1,20260101,20260126.0,Completed,25,False,False
7053,436,9,1,20260401,20260415.0,Completed,14,False,False
7054,436,9,1,20260701,20260803.0,Completed,33,False,False
7055,436,1,1,20240701,20240708.0,Completed,7,False,False
7056,436,1,1,20241001,20241107.0,Completed,37,False,False
7057,436,1,1,20250101,20250407.0,Completed,96,False,False
7058,436,1,1,20250401,20250506.0,Completed,35,False,False
7059,436,1,1,20250701,20250705.0,Completed,4,False,False
7060,436,1,1,20251001,20251108.0,Completed,38,False,False
7061,436,1,1,20260101,20260317.0,Completed,75,False,False
7062,436,1,1,20260401,20260421.0,Completed,20,False,False
7063,436,1,1,20260701,20260720.0,Completed,19,False,False
7064,437,9,1,20240701,20240724.0,Completed,23,False,False
7065,437,9,1,20241001,20241021.0,Completed,20,False,False
7066,437,9,1,20250101,20250115.0,Completed,14,False,False
7067,437,9,1,20250401,20250408.0,Completed,7,False,False
7068,437,9,1,20250701,20250710.0,Completed,9,False,False
7069,437,9,1,20251001,20251006.0,Completed,5,False,False
7070,437,9,1,20260101,20260103.0,Completed,2,False,False
7071,437,9,1,20260401,20260502.0,Completed,31,False,False
7072,437,9,1,20260701,20260725.0,Completed,24,False,False
7073,438,1,1,20240701,20240814.0,Completed,44,False,False
7074,438,1,1,20241001,20241113.0,Completed,43,False,False
7075,438,1,1,20250101,20250124.0,Completed,23,False,False
7076,438,1,1,20250401,20250421.0,Completed,20,False,False
7077,438,1,1,20250701,20250709.0,Completed,8,False,False
7078,438,1,1,20251001,20251120.0,Completed,50,False,False
7079,438,1,1,20260101,20260511.0,Completed,130,False,False
7080,438,1,1,20260401,20260508.0,Completed,37,False,False
7081,438,1,1,20260701,20260825.0,Completed,55,False,False
7082,438,9,1,20240701,20240729.0,Completed,28,False,False
7083,438,9,1,20241001,20241109.0,Completed,39,False,False
7084,438,9,1,20250101,20250107.0,Completed,6,False,False
7085,438,9,1,20250401,20250404.0,Completed,3,False,False
7086,438,9,1,20250701,20250717.0,Completed,16,False,False
7087,438,9,1,20251001,20251013.0,Completed,12,False,False
7088,438,9,1,20260101,20260305.0,Completed,63,False,False
7089,438,9,1,20260401,20260406.0,Completed,5,False,False
7090,438,9,1,20260701,20260817.0,Completed,47,False,False
7091,439,8,1,20240701,20240713.0,Completed,12,False,False
7092,439,8,1,20241001,20241006.0,Completed,5,False,False
7093,439,8,1,20250101,20250212.0,Completed,42,False,False
7094,439,8,1,20250401,20250407.0,Completed,6,False,False
7095,439,8,1,20250701,20250729.0,Completed,28,False,False
7096,439,8,1,20251001,20251017.0,Completed,16,False,False
7097,439,8,1,20260101,20260217.0,Completed,47,False,False
7098,439,8,1,20260401,20260503.0,Completed,32,False,False
7099,439,8,1,20260701,20260713.0,Completed,12,False,False
7100,439,1,1,20240701,20240922.0,Completed,83,False,True
7101,439,1,1,20241001,20241110.0,Completed,40,False,True
7102,439,1,1,20250101,20250130.0,Completed,29,False,True
7103,439,1,1,20250401,20250503.0,Completed,32,False,False
7104,439,1,1,20250701,20250827.0,Completed,57,False,False
7105,439,1,1,20251001,20251024.0,Completed,23,False,False
7106,439,1,1,20260101,20260119.0,Completed,18,False,False
7107,439,1,1,20260401,20260416.0,Completed,15,False,False
7108,439,1,1,20260701,20260807.0,Completed,37,False,False
7109,440,9,1,20240701,20240709.0,Completed,8,False,False
7110,440,9,1,20241001,20241030.0,Completed,29,False,False
7111,440,9,1,20250101,20250112.0,Completed,11,False,False
7112,440,9,1,20250401,20250422.0,Completed,21,False,False
7113,440,9,1,20250701,20250803.0,Completed,33,False,False
7114,440,9,1,20251001,20251110.0,Completed,40,False,False
7115,440,9,1,20260101,20260118.0,Completed,17,False,False
7116,440,9,1,20260401,20260403.0,Completed,2,False,False
7117,440,9,1,20260701,20260703.0,Completed,2,False,False
7118,441,7,1,20240701,20240729.0,Completed,28,False,False
7119,441,7,1,20241001,20241007.0,Completed,6,False,False
7120,441,7,1,20250101,20250112.0,Completed,11,False,False
7121,441,7,1,20250401,20250502.0,Completed,31,False,False
7122,441,7,1,20250701,20250710.0,Completed,9,False,False
7123,441,7,1,20251001,20251005.0,Completed,4,False,False
7124,441,7,1,20260101,20260112.0,Completed,11,False,False
7125,441,7,1,20260401,20260426.0,Completed,25,False,False
7126,441,7,1,20260701,20260710.0,Completed,9,False,False
7127,442,4,1,20240701,20240723.0,Completed,22,False,False
7128,442,4,1,20241001,20241005.0,Completed,4,False,False
7129,442,4,1,20250101,20250108.0,Completed,7,False,False
7130,442,4,1,20250401,20250412.0,Completed,11,False,False
7131,442,4,1,20250701,20250804.0,Completed,34,False,False
7132,442,4,1,20251001,20251011.0,Completed,10,False,False
7133,442,4,1,20260101,20260110.0,Completed,9,False,False
7134,442,4,1,20260401,20260410.0,Completed,9,False,False
7135,442,4,1,20260701,20260723.0,Completed,22,False,False
7136,443,7,1,20240701,20240727.0,Completed,26,False,False
7137,443,7,1,20241001,20241103.0,Completed,33,False,False
7138,443,7,1,20250101,20250222.0,Completed,52,False,False
7139,443,7,1,20250401,20250419.0,Completed,18,False,False
7140,443,7,1,20250701,20250709.0,Completed,8,False,False
7141,443,7,1,20251001,20251014.0,Completed,13,False,False
7142,443,7,1,20260101,20260107.0,Completed,6,False,False
7143,443,7,1,20260401,20260417.0,Completed,16,False,False
7144,443,7,1,20260701,20260708.0,Completed,7,False,False
7145,443,8,1,20240701,20240803.0,Completed,33,False,False
7146,443,8,1,20241001,20241018.0,Completed,17,False,False
7147,443,8,1,20250101,20250210.0,Completed,40,False,False
7148,443,8,1,20250401,20250427.0,Completed,26,False,False
7149,443,8,1,20250701,20250725.0,Completed,24,False,False
7150,443,8,1,20251001,20251005.0,Completed,4,False,False
7151,443,8,1,20260101,20260123.0,Completed,22,False,False
7152,443,8,1,20260401,20260523.0,Completed,52,False,False
7153,443,8,1,20260701,20260711.0,Completed,10,False,False
7154,444,4,1,20240701,20240731.0,Completed,30,False,False
7155,444,4,1,20241001,20241004.0,Completed,3,False,False
7156,444,4,1,20250101,20250106.0,Completed,5,False,False
7157,444,4,1,20250401,20250414.0,Completed,13,False,False
7158,444,4,1,20250701,20250710.0,Completed,9,False,False
7159,444,4,1,20251001,20251008.0,Completed,7,False,False
7160,444,4,1,20260101,20260110.0,Completed,9,False,False
7161,444,4,1,20260401,20260421.0,Completed,20,False,False
7162,444,4,1,20260701,20260731.0,Completed,30,False,False
7163,444,2,1,20240701,20240813.0,Completed,43,False,False
7164,444,2,1,20241001,20241115.0,Completed,45,False,False
7165,444,2,1,20250101,20250129.0,Completed,28,False,False
7166,444,2,1,20250401,20250412.0,Completed,11,False,False
7167,444,2,1,20250701,20250727.0,Completed,26,False,False
7168,444,2,1,20251001,20251102.0,Completed,32,False,False
7169,444,2,1,20260101,20260304.0,Completed,62,False,False
7170,444,2,1,20260401,20260630.0,Completed,90,False,False
7171,444,2,1,20260701,20260808.0,Completed,38,False,False
7172,444,8,1,20240701,20240730.0,Completed,29,False,False
7173,444,8,1,20241001,20241002.0,Completed,1,False,False
7174,444,8,1,20250101,20250112.0,Completed,11,False,False
7175,444,8,1,20250401,20250415.0,Completed,14,False,False
7176,444,8,1,20250701,20250722.0,Completed,21,False,False
7177,444,8,1,20251001,20251116.0,Completed,46,False,False
7178,444,8,1,20260101,20260119.0,Completed,18,False,False
7179,444,8,1,20260401,20260404.0,Completed,3,False,False
7180,444,8,1,20260701,20260724.0,Completed,23,False,False
7181,445,5,1,20240701,20240718.0,Completed,17,False,False
7182,445,5,1,20241001,20241104.0,Completed,34,False,False
7183,445,5,1,20250101,20250209.0,Completed,39,False,False
7184,445,5,1,20250401,20250405.0,Completed,4,False,False
7185,445,5,1,20250701,20250723.0,Completed,22,False,False
7186,445,5,1,20251001,20251023.0,Completed,22,False,False
7187,445,5,1,20260101,20260130.0,Completed,29,False,False
7188,445,5,1,20260401,20260414.0,Completed,13,False,False
7189,445,5,1,20260701,20260711.0,Completed,10,False,False
7190,446,4,1,20240701,20240815.0,Completed,45,False,False
7191,446,4,1,20241001,20241018.0,Completed,17,False,False
7192,446,4,1,20250101,20250107.0,Completed,6,False,False
7193,446,4,1,20250401,20250410.0,Completed,9,False,False
7194,446,4,1,20250701,20250816.0,Completed,46,False,False
7195,446,4,1,20251001,20251105.0,Completed,35,False,False
7196,446,4,1,20260101,20260109.0,Completed,8,False,False
7197,446,4,1,20260401,20260406.0,Completed,5,False,False
7198,446,4,1,20260701,20260707.0,Completed,6,False,False
7199,446,9,1,20240701,20240802.0,Completed,32,False,False
7200,446,9,1,20241001,20241011.0,Completed,10,False,False
7201,446,9,1,20250101,20250104.0,Completed,3,False,False
7202,446,9,1,20250401,20250410.0,Completed,9,False,False
7203,446,9,1,20250701,20250719.0,Completed,18,False,False
7204,446,9,1,20251001,20251014.0,Completed,13,False,False
7205,446,9,1,20260101,20260205.0,Completed,35,False,False
7206,446,9,1,20260401,20260419.0,Completed,18,False,False
7207,446,9,1,20260701,20260721.0,Completed,20,False,False
7208,447,2,1,20240701,20240825.0,Completed,55,False,False
7209,447,2,1,20241001,20241123.0,Completed,53,False,False
7210,447,2,1,20250101,20250120.0,Completed,19,False,False
7211,447,2,1,20250401,20250412.0,Completed,11,False,False
7212,447,2,1,20250701,20250804.0,Completed,34,False,False
7213,447,2,1,20251001,20251101.0,Completed,31,False,False
7214,447,2,1,20260101,20260206.0,Completed,36,False,False
7215,447,2,1,20260401,20260510.0,Completed,39,False,False
7216,447,2,1,20260701,,Overdue,80,False,False
7217,447,4,1,20240701,20240713.0,Completed,12,False,False
7218,447,4,1,20241001,20241021.0,Completed,20,False,False
7219,447,4,1,20250101,20250106.0,Completed,5,False,False
7220,447,4,1,20250401,20250408.0,Completed,7,False,False
7221,447,4,1,20250701,20250716.0,Completed,15,False,False
7222,447,4,1,20251001,20251007.0,Completed,6,False,False
7223,447,4,1,20260101,20260124.0,Completed,23,False,False
7224,447,4,1,20260401,20260422.0,Completed,21,False,False
7225,447,4,1,20260701,20260709.0,Completed,8,False,False
7226,448,5,1,20240701,20240721.0,Completed,20,False,False
7227,448,5,1,20241001,20241123.0,Completed,53,False,False
7228,448,5,1,20250101,20250128.0,Completed,27,False,False
7229,448,5,1,20250401,20250707.0,Completed,97,False,False
7230,448,5,1,20250701,20250721.0,Completed,20,False,False
7231,448,5,1,20251001,20251023.0,Completed,22,False,False
7232,448,5,1,20260101,20260125.0,Completed,24,False,False
7233,448,5,1,20260401,20260406.0,Completed,5,False,False
7234,448,5,1,20260701,20260722.0,Completed,21,False,False
7235,448,1,1,20240701,20240726.0,Completed,25,False,False
7236,448,1,1,20241001,20241119.0,Completed,49,False,False
7237,448,1,1,20250101,20250309.0,Completed,67,False,False
7238,448,1,1,20250401,20250424.0,Completed,23,False,False
7239,448,1,1,20250701,20250704.0,Completed,3,False,False
7240,448,1,1,20251001,20251103.0,Completed,33,False,False
7241,448,1,1,20260101,20260113.0,Completed,12,False,False
7242,448,1,1,20260401,20260506.0,Completed,35,False,False
7243,448,1,1,20260701,20260804.0,Completed,34,False,False
7244,448,8,1,20240701,20240709.0,Completed,8,False,False
7245,448,8,1,20241001,20241017.0,Completed,16,False,False
7246,448,8,1,20250101,20250105.0,Completed,4,False,False
7247,448,8,1,20250401,20250419.0,Completed,18,False,False
7248,448,8,1,20250701,20250727.0,Completed,26,False,False
7249,448,8,1,20251001,20251022.0,Completed,21,False,False
7250,448,8,1,20260101,20260111.0,Completed,10,False,False
7251,448,8,1,20260401,20260426.0,Completed,25,False,False
7252,448,8,1,20260701,20260724.0,Completed,23,False,False
7253,449,9,1,20240701,20240725.0,Completed,24,False,False
7254,449,9,1,20241001,20241106.0,Completed,36,False,False
7255,449,9,1,20250101,20250121.0,Completed,20,False,False
7256,449,9,1,20250401,20250407.0,Completed,6,False,False
7257,449,9,1,20250701,20250708.0,Completed,7,False,False
7258,449,9,1,20251001,20251021.0,Completed,20,False,False
7259,449,9,1,20260101,20260114.0,Completed,13,False,False
7260,449,9,1,20260401,20260412.0,Completed,11,False,False
7261,449,9,1,20260701,20260723.0,Completed,22,False,False
7262,449,1,1,20240701,20240710.0,Completed,9,False,False
7263,449,1,1,20241001,20241115.0,Completed,45,False,False
7264,449,1,1,20250101,20250125.0,Completed,24,False,False
7265,449,1,1,20250401,20250508.0,Completed,37,False,False
7266,449,1,1,20250701,20250711.0,Completed,10,False,False
7267,449,1,1,20251001,20251117.0,Completed,47,False,False
7268,449,1,1,20260101,20260301.0,Completed,59,False,False
7269,449,1,1,20260401,20260809.0,Completed,130,False,False
7270,449,1,1,20260701,20260806.0,Completed,36,False,False
7271,450,8,1,20240701,20240730.0,Completed,29,False,False
7272,450,8,1,20241001,20241007.0,Completed,6,False,False
7273,450,8,1,20250101,20250205.0,Completed,35,False,False
7274,450,8,1,20250401,20250405.0,Completed,4,False,False
7275,450,8,1,20250701,20250815.0,Completed,45,False,False
7276,450,8,1,20251001,20251017.0,Completed,16,False,False
7277,450,8,1,20260101,20260105.0,Completed,4,False,False
7278,450,8,1,20260401,20260412.0,Completed,11,False,False
7279,450,8,1,20260701,20260730.0,Completed,29,False,False
7280,450,1,1,20240701,20240727.0,Completed,26,False,False
7281,450,1,1,20241001,20241027.0,Completed,26,False,False
7282,450,1,1,20250101,20250224.0,Completed,54,False,False
7283,450,1,1,20250401,20250429.0,Completed,28,False,False
7284,450,1,1,20250701,20250906.0,Completed,67,False,False
7285,450,1,1,20251001,20251020.0,Completed,19,False,False
7286,450,1,1,20260101,20260106.0,Completed,5,False,False
7287,450,1,1,20260401,20260430.0,Completed,29,False,False
7288,450,1,1,20260701,20260802.0,Completed,32,False,False
7289,451,1,1,20240701,20240719.0,Completed,18,False,False
7290,451,1,1,20241001,20241107.0,Completed,37,False,False
7291,451,1,1,20250101,20250107.0,Completed,6,False,False
7292,451,1,1,20250401,20250508.0,Completed,37,False,False
7293,451,1,1,20250701,20250712.0,Completed,11,False,False
7294,451,1,1,20251001,20251009.0,Completed,8,False,False
7295,451,1,1,20260101,20260201.0,Completed,31,False,False
7296,451,1,1,20260401,20260409.0,Completed,8,False,False
7297,451,1,1,20260701,20260705.0,Completed,4,False,False
7298,451,8,1,20240701,20240722.0,Completed,21,False,False
7299,451,8,1,20241001,20241007.0,Completed,6,False,False
7300,451,8,1,20250101,20250123.0,Completed,22,False,False
7301,451,8,1,20250401,20250413.0,Completed,12,False,False
7302,451,8,1,20250701,20250716.0,Completed,15,False,False
7303,451,8,1,20251001,20251030.0,Completed,29,False,False
7304,451,8,1,20260101,20260121.0,Completed,20,False,False
7305,451,8,1,20260401,20260423.0,Completed,22,False,False
7306,451,8,1,20260701,20260723.0,Completed,22,False,False
7307,452,2,1,20240701,20240718.0,Completed,17,False,False
7308,452,2,1,20241001,20241108.0,Completed,38,False,False
7309,452,2,1,20250101,20250114.0,Completed,13,False,False
7310,452,2,1,20250401,20250509.0,Completed,38,False,False
7311,452,2,1,20250701,20250724.0,Completed,23,False,False
7312,452,2,1,20251001,20251027.0,Completed,26,False,False
7313,452,2,1,20260101,20260325.0,Completed,83,False,False
7314,452,2,1,20260401,20260513.0,Completed,42,False,False
7315,452,2,1,20260701,20260719.0,Completed,18,False,False
7316,452,3,1,20240701,20240707.0,Completed,6,False,False
7317,452,3,1,20241001,20241102.0,Completed,32,False,False
7318,452,3,1,20250101,20250108.0,Completed,7,False,False
7319,452,3,1,20250401,20250630.0,Completed,90,False,False
7320,452,3,1,20250701,20250728.0,Completed,27,False,False
7321,452,3,1,20251001,20251124.0,Completed,54,False,False
7322,452,3,1,20260101,20260110.0,Completed,9,False,False
7323,452,3,1,20260401,20260513.0,Completed,42,False,False
7324,452,3,1,20260701,20260901.0,Completed,62,False,False
7325,453,1,1,20240701,20240814.0,Completed,44,False,False
7326,453,1,1,20241001,20241121.0,Completed,51,False,False
7327,453,1,1,20250101,20250209.0,Completed,39,False,False
7328,453,1,1,20250401,20250422.0,Completed,21,False,False
7329,453,1,1,20250701,20250715.0,Completed,14,False,False
7330,453,1,1,20251001,20251017.0,Completed,16,False,False
7331,453,1,1,20260101,20260402.0,Completed,91,False,False
7332,453,1,1,20260401,20260505.0,Completed,34,False,False
7333,453,1,1,20260701,20260905.0,Completed,66,False,False
7334,453,8,1,20240701,20240710.0,Completed,9,False,False
7335,453,8,1,20241001,20241025.0,Completed,24,False,False
7336,453,8,1,20250101,20250108.0,Completed,7,False,False
7337,453,8,1,20250401,20250413.0,Completed,12,False,False
7338,453,8,1,20250701,20250711.0,Completed,10,False,False
7339,453,8,1,20251001,20251112.0,Completed,42,False,False
7340,453,8,1,20260101,20260109.0,Completed,8,False,False
7341,453,8,1,20260401,20260424.0,Completed,23,False,False
7342,453,8,1,20260701,20260721.0,Completed,20,False,False
7343,453,7,1,20240701,20240706.0,Completed,5,False,False
7344,453,7,1,20241001,20241103.0,Completed,33,False,False
7345,453,7,1,20250101,20250206.0,Completed,36,False,False
7346,453,7,1,20250401,20250418.0,Completed,17,False,False
7347,453,7,1,20250701,20250716.0,Completed,15,False,False
7348,453,7,1,20251001,20251004.0,Completed,3,False,False
7349,453,7,1,20260101,20260105.0,Completed,4,False,False
7350,453,7,1,20260401,20260413.0,Completed,12,False,False
7351,453,7,1,20260701,20260708.0,Completed,7,False,False
7352,454,2,1,20240701,20240824.0,Completed,54,False,False
7353,454,2,1,20241001,20241009.0,Completed,8,False,False
7354,454,2,1,20250101,20250108.0,Completed,7,False,False
7355,454,2,1,20250401,20250513.0,Completed,42,False,False
7356,454,2,1,20250701,20250808.0,Completed,38,False,False
7357,454,2,1,20251001,20251102.0,Completed,32,False,False
7358,454,2,1,20260101,20260219.0,Completed,49,False,False
7359,454,2,1,20260401,20260418.0,Completed,17,False,False
7360,454,2,1,20260701,20260722.0,Completed,21,False,False
7361,455,10,1,20240701,20240719.0,Completed,18,False,False
7362,455,10,1,20241001,20241018.0,Completed,17,False,False
7363,455,10,1,20250101,20250108.0,Completed,7,False,False
7364,455,10,1,20250401,20250501.0,Completed,30,False,False
7365,455,10,1,20250701,20250706.0,Completed,5,False,False
7366,455,10,1,20251001,20251012.0,Completed,11,False,False
7367,455,10,1,20260101,20260106.0,Completed,5,False,False
7368,455,10,1,20260401,20260530.0,Completed,59,False,False
7369,455,10,1,20260701,20260716.0,Completed,15,False,False
7370,455,6,1,20240701,20240707.0,Completed,6,False,False
7371,455,6,1,20241001,20241011.0,Completed,10,False,False
7372,455,6,1,20250101,20250119.0,Completed,18,False,False
7373,455,6,1,20250401,20250428.0,Completed,27,False,False
7374,455,6,1,20250701,20250708.0,Completed,7,False,False
7375,455,6,1,20251001,20251107.0,Completed,37,False,False
7376,455,6,1,20260101,20260116.0,Completed,15,False,False
7377,455,6,1,20260401,20260422.0,Completed,21,False,False
7378,455,6,1,20260701,20260711.0,Completed,10,False,False
7379,456,1,1,20240701,20240808.0,Completed,38,False,False
7380,456,1,1,20241001,20241019.0,Completed,18,False,False
7381,456,1,1,20250101,20250122.0,Completed,21,False,False
7382,456,1,1,20250401,20250526.0,Completed,55,False,False
7383,456,1,1,20250701,20250811.0,Completed,41,False,False
7384,456,1,1,20251001,20251024.0,Completed,23,True,False
7385,456,1,1,20260101,20260223.0,Completed,53,True,False
7386,456,8,1,20240701,20240719.0,Completed,18,False,False
7387,456,8,1,20241001,20241003.0,Completed,2,False,False
7388,456,8,1,20250101,20250114.0,Completed,13,False,False
7389,456,8,1,20250401,20250428.0,Completed,27,False,False
7390,456,8,1,20250701,20250815.0,Completed,45,False,False
7391,456,5,1,20240701,20240710.0,Completed,9,False,False
7392,456,5,1,20241001,20241112.0,Completed,42,False,False
7393,456,5,1,20250101,20250125.0,Completed,24,False,False
7394,456,5,1,20250401,20250409.0,Completed,8,False,False
7395,456,5,1,20250701,20250710.0,Completed,9,False,False
7396,457,1,1,20240701,20240713.0,Completed,12,False,False
7397,457,1,1,20241001,20241008.0,Completed,7,False,False
7398,457,1,1,20250101,20250110.0,Completed,9,False,False
7399,457,1,1,20250401,20250502.0,Completed,31,False,False
7400,457,1,1,20250701,20250705.0,Completed,4,False,False
7401,457,1,1,20251001,20251015.0,Completed,14,False,False
7402,457,1,1,20260101,20260123.0,Completed,22,False,False
7403,457,1,1,20260401,20260415.0,Completed,14,False,False
7404,457,1,1,20260701,20260709.0,Completed,8,False,False
7405,457,9,1,20240701,20240715.0,Completed,14,False,False
7406,457,9,1,20241001,20241008.0,Completed,7,False,False
7407,457,9,1,20250101,20250108.0,Completed,7,False,False
7408,457,9,1,20250401,20250414.0,Completed,13,False,False
7409,457,9,1,20250701,20250724.0,Completed,23,False,False
7410,457,9,1,20251001,20251009.0,Completed,8,False,False
7411,457,9,1,20260101,20260110.0,Completed,9,False,False
7412,457,9,1,20260401,20260406.0,Completed,5,False,False
7413,457,9,1,20260701,20260728.0,Completed,27,False,False
7414,458,4,1,20240701,20240716.0,Completed,15,False,False
7415,458,4,1,20241001,20241027.0,Completed,26,False,False
7416,458,4,1,20250101,20250130.0,Completed,29,False,False
7417,458,4,1,20250401,20250409.0,Completed,8,False,False
7418,458,4,1,20250701,20250725.0,Completed,24,False,False
7419,458,4,1,20251001,20251017.0,Completed,16,False,False
7420,458,4,1,20260101,20260110.0,Completed,9,False,False
7421,458,4,1,20260401,20260409.0,Completed,8,False,False
7422,458,4,1,20260701,20260715.0,Completed,14,False,False
7423,458,2,1,20240701,20240804.0,Completed,34,False,False
7424,458,2,1,20241001,20241004.0,Completed,3,False,False
7425,458,2,1,20250101,20250121.0,Completed,20,False,False
7426,458,2,1,20250401,20250504.0,Completed,33,False,False
7427,458,2,1,20250701,20250809.0,Completed,39,False,False
7428,458,2,1,20251001,20251026.0,Completed,25,False,False
7429,458,2,1,20260101,20260208.0,Completed,38,False,False
7430,458,2,1,20260401,20260417.0,Completed,16,False,False
7431,458,2,1,20260701,20260807.0,Completed,37,False,False
7432,458,8,1,20240701,20240718.0,Completed,17,False,False
7433,458,8,1,20241001,20241029.0,Completed,28,False,False
7434,458,8,1,20250101,20250208.0,Completed,38,False,False
7435,458,8,1,20250401,20250430.0,Completed,29,False,False
7436,458,8,1,20250701,20250713.0,Completed,12,False,False
7437,458,8,1,20251001,20251006.0,Completed,5,False,False
7438,458,8,1,20260101,20260108.0,Completed,7,False,False
7439,458,8,1,20260401,20260509.0,Completed,38,False,False
7440,458,8,1,20260701,20260716.0,Completed,15,False,False
7441,459,8,1,20240701,20240718.0,Completed,17,False,False
7442,459,8,1,20241001,20241027.0,Completed,26,False,False
7443,459,8,1,20250101,20250115.0,Completed,14,False,False
7444,459,8,1,20250401,20250503.0,Completed,32,False,False
7445,459,8,1,20250701,20250705.0,Completed,4,False,False
7446,459,8,1,20251001,20251021.0,Completed,20,False,False
7447,459,8,1,20260101,20260215.0,Completed,45,False,False
7448,459,8,1,20260401,20260505.0,Completed,34,False,False
7449,459,8,1,20260701,20260805.0,Completed,35,False,False
7450,460,2,1,20240701,20240709.0,Completed,8,False,False
7451,460,2,1,20241001,20241103.0,Completed,33,False,False
7452,460,2,1,20250101,20250127.0,Completed,26,False,False
7453,460,2,1,20250401,20250415.0,Completed,14,True,False
7454,460,2,1,20250701,20250804.0,Completed,34,True,False
7455,461,1,1,20240701,20240711.0,Completed,10,False,False
7456,461,1,1,20241001,20241108.0,Completed,38,False,False
7457,461,1,1,20250101,20250114.0,Completed,13,False,False
7458,461,1,1,20250401,20250508.0,Completed,37,False,False
7459,461,1,1,20250701,20250715.0,Completed,14,False,False
7460,461,1,1,20251001,20251023.0,Completed,22,False,False
7461,461,1,1,20260101,20260121.0,Completed,20,False,False
7462,461,1,1,20260401,20260426.0,Completed,25,False,False
7463,461,1,1,20260701,20260729.0,Completed,28,False,False
7464,461,9,1,20240701,20240711.0,Completed,10,False,False
7465,461,9,1,20241001,20241007.0,Completed,6,False,False
7466,461,9,1,20250101,20250131.0,Completed,30,False,False
7467,461,9,1,20250401,20250415.0,Completed,14,False,False
7468,461,9,1,20250701,20250718.0,Completed,17,False,False
7469,461,9,1,20251001,20251011.0,Completed,10,False,False
7470,461,9,1,20260101,20260302.0,Completed,60,False,False
7471,461,9,1,20260401,20260416.0,Completed,15,False,False
7472,461,9,1,20260701,20260801.0,Completed,31,False,False
7473,462,8,1,20240701,20240712.0,Completed,11,False,False
7474,462,8,1,20241001,20241022.0,Completed,21,False,False
7475,462,8,1,20250101,20250113.0,Completed,12,False,False
7476,462,8,1,20250401,20250428.0,Completed,27,False,False
7477,462,8,1,20250701,20250710.0,Completed,9,False,False
7478,462,8,1,20251001,20251006.0,Completed,5,False,False
7479,462,8,1,20260101,20260118.0,Completed,17,False,False
7480,462,8,1,20260401,20260430.0,Completed,29,False,False
7481,462,8,1,20260701,20260714.0,Completed,13,False,False
7482,462,2,1,20240701,20240719.0,Completed,18,False,False
7483,462,2,1,20241001,20241010.0,Completed,9,False,False
7484,462,2,1,20250101,20250228.0,Completed,58,False,False
7485,462,2,1,20250401,20250414.0,Completed,13,False,False
7486,462,2,1,20250701,20250721.0,Completed,20,False,False
7487,462,2,1,20251001,20251021.0,Completed,20,False,False
7488,462,2,1,20260101,20260128.0,Completed,27,False,False
7489,462,2,1,20260401,20260512.0,Completed,41,False,False
7490,462,2,1,20260701,,Overdue,80,False,False
7491,463,6,1,20240701,20240719.0,Completed,18,False,False
7492,463,6,1,20241001,20241005.0,Completed,4,False,False
7493,463,6,1,20250101,20250114.0,Completed,13,False,False
7494,463,6,1,20250401,20250419.0,Completed,18,False,False
7495,463,6,1,20250701,20250802.0,Completed,32,False,False
7496,463,6,1,20251001,20251031.0,Completed,30,False,False
7497,463,6,1,20260101,20260114.0,Completed,13,False,False
7498,463,6,1,20260401,20260416.0,Completed,15,False,False
7499,463,6,1,20260701,20260717.0,Completed,16,False,False
7500,463,10,1,20240701,20240716.0,Completed,15,False,False
7501,463,10,1,20241001,20241014.0,Completed,13,False,False
7502,463,10,1,20250101,20250209.0,Completed,39,False,False
7503,463,10,1,20250401,20250409.0,Completed,8,False,False
7504,463,10,1,20250701,20250727.0,Completed,26,False,False
7505,463,10,1,20251001,20251024.0,Completed,23,False,False
7506,463,10,1,20260101,20260114.0,Completed,13,False,False
7507,463,10,1,20260401,20260408.0,Completed,7,False,False
7508,463,10,1,20260701,20260715.0,Completed,14,False,False
7509,464,6,1,20240701,20240722.0,Completed,21,False,False
7510,464,6,1,20241001,20241002.0,Completed,1,False,False
7511,464,6,1,20250101,20250106.0,Completed,5,False,False
7512,464,6,1,20250401,20250402.0,Completed,1,False,False
7513,464,6,1,20250701,20250718.0,Completed,17,False,False
7514,464,6,1,20251001,20251018.0,Completed,17,False,False
7515,464,6,1,20260101,20260107.0,Completed,6,False,False
7516,464,6,1,20260401,20260408.0,Completed,7,False,False
7517,464,6,1,20260701,20260717.0,Completed,16,False,False
7518,465,5,1,20240701,20240706.0,Completed,5,False,False
7519,465,5,1,20241001,20241106.0,Completed,36,False,False
7520,465,5,1,20250101,20250120.0,Completed,19,False,False
7521,465,5,1,20250401,20250423.0,Completed,22,False,False
7522,465,5,1,20250701,20250724.0,Completed,23,False,False
7523,465,5,1,20251001,20251008.0,Completed,7,False,False
7524,465,5,1,20260101,20260124.0,Completed,23,False,False
7525,465,5,1,20260401,20260504.0,Completed,33,False,False
7526,465,5,1,20260701,20260713.0,Completed,12,False,False
7527,466,7,1,20240701,20240708.0,Completed,7,False,False
7528,466,7,1,20241001,20241117.0,Completed,47,False,False
7529,466,7,1,20250101,20250107.0,Completed,6,False,False
7530,466,7,1,20250401,20250411.0,Completed,10,False,False
7531,466,7,1,20250701,20250804.0,Completed,34,False,False
7532,466,7,1,20251001,20251004.0,Completed,3,False,False
7533,466,7,1,20260101,20260113.0,Completed,12,False,False
7534,466,7,1,20260401,20260421.0,Completed,20,False,False
7535,466,7,1,20260701,20260714.0,Completed,13,False,False
7536,466,8,1,20240701,20240703.0,Completed,2,False,False
7537,466,8,1,20241001,20241006.0,Completed,5,False,False
7538,466,8,1,20250101,20250103.0,Completed,2,False,False
7539,466,8,1,20250401,20250413.0,Completed,12,False,False
7540,466,8,1,20250701,20250719.0,Completed,18,False,False
7541,466,8,1,20251001,20251009.0,Completed,8,False,False
7542,466,8,1,20260101,20260111.0,Completed,10,False,False
7543,466,8,1,20260401,20260411.0,Completed,10,False,False
7544,466,8,1,20260701,20260801.0,Completed,31,False,False
7545,467,5,1,20240701,20240727.0,Completed,26,False,False
7546,467,5,1,20241001,20241024.0,Completed,23,False,False
7547,467,5,1,20250101,20250214.0,Completed,44,False,False
7548,467,5,1,20250401,20250407.0,Completed,6,False,False
7549,467,5,1,20250701,20250727.0,Completed,26,False,False
7550,467,5,1,20251001,20251015.0,Completed,14,False,False
7551,467,5,1,20260101,20260224.0,Completed,54,False,False
7552,467,5,1,20260401,20260516.0,Completed,45,False,False
7553,467,5,1,20260701,20260715.0,Completed,14,False,False
7554,468,7,1,20240701,20240712.0,Completed,11,False,False
7555,468,7,1,20241001,20241007.0,Completed,6,False,False
7556,468,7,1,20250101,20250126.0,Completed,25,False,False
7557,468,7,1,20250401,20250422.0,Completed,21,False,False
7558,468,7,1,20250701,20250712.0,Completed,11,False,False
7559,468,7,1,20251001,20251012.0,Completed,11,False,False
7560,468,7,1,20260101,20260110.0,Completed,9,False,False
7561,468,7,1,20260401,20260503.0,Completed,32,False,False
7562,468,7,1,20260701,20260713.0,Completed,12,False,False
7563,469,1,1,20240701,20240716.0,Completed,15,False,True
7564,469,1,1,20241001,20241015.0,Completed,14,False,True
7565,469,1,1,20250101,20250129.0,Completed,28,False,False
7566,469,1,1,20250401,20250417.0,Completed,16,False,False
7567,469,1,1,20250701,20250825.0,Completed,55,False,False
7568,469,1,1,20251001,20251019.0,Completed,18,False,False
7569,469,1,1,20260101,20260209.0,Completed,39,False,False
7570,469,1,1,20260401,20260406.0,Completed,5,False,False
7571,469,1,1,20260701,20260822.0,Completed,52,False,False
7572,470,5,1,20240701,20240726.0,Completed,25,False,False
7573,470,5,1,20241001,20241107.0,Completed,37,False,False
7574,470,5,1,20250101,20250117.0,Completed,16,False,False
7575,470,5,1,20250401,20250420.0,Completed,19,False,False
7576,470,5,1,20250701,20250704.0,Completed,3,False,False
7577,470,5,1,20251001,20251013.0,Completed,12,False,False
7578,470,5,1,20260101,20260209.0,Completed,39,False,False
7579,470,5,1,20260401,20260418.0,Completed,17,False,False
7580,470,5,1,20260701,20260806.0,Completed,36,False,False
7581,470,1,1,20240701,20240727.0,Completed,26,False,False
7582,470,1,1,20241001,20241011.0,Completed,10,False,False
7583,470,1,1,20250101,20250204.0,Completed,34,False,False
7584,470,1,1,20250401,20250420.0,Completed,19,False,False
7585,470,1,1,20250701,20250724.0,Completed,23,False,False
7586,470,1,1,20251001,20251023.0,Completed,22,False,False
7587,470,1,1,20260101,20260112.0,Completed,11,False,False
7588,470,1,1,20260401,20260427.0,Completed,26,False,False
7589,470,1,1,20260701,20260722.0,Completed,21,False,False
7590,471,1,1,20240701,20240730.0,Completed,29,False,False
7591,471,1,1,20241001,20241126.0,Completed,56,False,False
7592,471,1,1,20250101,20250118.0,Completed,17,False,False
7593,471,1,1,20250401,20250412.0,Completed,11,False,False
7594,471,1,1,20250701,20250705.0,Completed,4,False,False
7595,471,1,1,20251001,20251227.0,Completed,87,False,False
7596,471,1,1,20260101,20260114.0,Completed,13,False,False
7597,471,1,1,20260401,20260418.0,Completed,17,False,False
7598,471,1,1,20260701,20260725.0,Completed,24,False,False
7599,471,9,1,20240701,20240707.0,Completed,6,False,False
7600,471,9,1,20241001,20241006.0,Completed,5,False,False
7601,471,9,1,20250101,20250103.0,Completed,2,False,False
7602,471,9,1,20250401,20250409.0,Completed,8,False,False
7603,471,9,1,20250701,20250714.0,Completed,13,False,False
7604,471,9,1,20251001,20251014.0,Completed,13,False,False
7605,471,9,1,20260101,20260103.0,Completed,2,False,False
7606,471,9,1,20260401,20260417.0,Completed,16,False,False
7607,471,9,1,20260701,20260707.0,Completed,6,False,False
7608,472,7,1,20240701,20240711.0,Completed,10,False,False
7609,472,7,1,20241001,20241023.0,Completed,22,False,False
7610,472,7,1,20250101,20250114.0,Completed,13,False,False
7611,472,7,1,20250401,20250419.0,Completed,18,False,False
7612,472,7,1,20250701,20250714.0,Completed,13,False,False
7613,472,7,1,20251001,20251006.0,Completed,5,False,False
7614,472,7,1,20260101,20260102.0,Completed,1,False,False
7615,472,7,1,20260401,20260422.0,Completed,21,False,False
7616,472,7,1,20260701,20260716.0,Completed,15,False,False
7617,472,8,1,20240701,20240721.0,Completed,20,False,False
7618,472,8,1,20241001,20241024.0,Completed,23,False,False
7619,472,8,1,20250101,20250121.0,Completed,20,False,False
7620,472,8,1,20250401,20250419.0,Completed,18,False,False
7621,472,8,1,20250701,20250712.0,Completed,11,False,False
7622,472,8,1,20251001,20251101.0,Completed,31,False,False
7623,472,8,1,20260101,20260106.0,Completed,5,False,False
7624,472,8,1,20260401,20260505.0,Completed,34,False,False
7625,472,8,1,20260701,20260723.0,Completed,22,False,False
7626,473,9,1,20240701,20240709.0,Completed,8,False,False
7627,473,9,1,20241001,20241015.0,Completed,14,False,False
7628,473,9,1,20250101,20250205.0,Completed,35,False,False
7629,473,9,1,20250401,20250523.0,Completed,52,False,False
7630,473,9,1,20250701,20250708.0,Completed,7,False,False
7631,473,9,1,20251001,20251026.0,Completed,25,False,False
7632,473,9,1,20260101,20260108.0,Completed,7,False,False
7633,473,9,1,20260401,20260406.0,Completed,5,False,False
7634,473,9,1,20260701,20260713.0,Completed,12,False,False
7635,473,4,1,20240701,20240728.0,Completed,27,False,False
7636,473,4,1,20241001,20241012.0,Completed,11,False,False
7637,473,4,1,20250101,20250128.0,Completed,27,False,False
7638,473,4,1,20250401,20250430.0,Completed,29,False,False
7639,473,4,1,20250701,20250710.0,Completed,9,False,False
7640,473,4,1,20251001,20251010.0,Completed,9,False,False
7641,473,4,1,20260101,20260112.0,Completed,11,False,False
7642,473,4,1,20260401,20260415.0,Completed,14,False,False
7643,473,4,1,20260701,20260714.0,Completed,13,False,False
7644,474,8,1,20240701,20240716.0,Completed,15,False,False
7645,474,8,1,20241001,20241011.0,Completed,10,False,False
7646,474,8,1,20250101,20250106.0,Completed,5,False,False
7647,474,8,1,20250401,20250517.0,Completed,46,False,False
7648,474,8,1,20250701,20250709.0,Completed,8,False,False
7649,474,8,1,20251001,20251004.0,Completed,3,False,False
7650,474,8,1,20260101,20260124.0,Completed,23,False,False
7651,474,8,1,20260401,20260407.0,Completed,6,False,False
7652,474,8,1,20260701,20260722.0,Completed,21,False,False
7653,475,8,1,20240701,20240709.0,Completed,8,False,False
7654,475,8,1,20241001,20241122.0,Completed,52,False,False
7655,475,8,1,20250101,20250205.0,Completed,35,False,False
7656,475,8,1,20250401,20250413.0,Completed,12,False,False
7657,475,8,1,20250701,20250721.0,Completed,20,False,False
7658,475,8,1,20251001,20251018.0,Completed,17,False,False
7659,475,8,1,20260101,20260109.0,Completed,8,False,False
7660,475,8,1,20260401,20260423.0,Completed,22,False,False
7661,476,7,1,20240701,20240716.0,Completed,15,False,False
7662,476,7,1,20241001,20241017.0,Completed,16,False,False
7663,476,7,1,20250101,20250122.0,Completed,21,False,False
7664,476,7,1,20250401,20250414.0,Completed,13,False,False
7665,476,7,1,20250701,20250708.0,Completed,7,False,False
7666,476,7,1,20251001,20251021.0,Completed,20,False,False
7667,476,7,1,20260101,20260125.0,Completed,24,False,False
7668,476,7,1,20260401,20260425.0,Completed,24,False,False
7669,476,7,1,20260701,20260725.0,Completed,24,False,False
7670,476,8,1,20240701,20240719.0,Completed,18,False,False
7671,476,8,1,20241001,20241004.0,Completed,3,False,False
7672,476,8,1,20250101,20250223.0,Completed,53,False,False
7673,476,8,1,20250401,20250425.0,Completed,24,False,False
7674,476,8,1,20250701,20250711.0,Completed,10,False,False
7675,476,8,1,20251001,20251027.0,Completed,26,False,False
7676,476,8,1,20260101,20260106.0,Completed,5,False,False
7677,476,8,1,20260401,20260422.0,Completed,21,False,False
7678,476,8,1,20260701,20260712.0,Completed,11,False,False
7679,477,9,1,20240701,20240706.0,Completed,5,False,False
7680,477,9,1,20241001,20241006.0,Completed,5,False,False
7681,477,9,1,20250101,20250120.0,Completed,19,False,False
7682,477,9,1,20250401,20250422.0,Completed,21,False,False
7683,477,9,1,20250701,20250707.0,Completed,6,False,False
7684,477,9,1,20251001,20251012.0,Completed,11,False,False
7685,477,9,1,20260101,20260119.0,Completed,18,False,False
7686,477,9,1,20260401,20260410.0,Completed,9,False,False
7687,477,9,1,20260701,20260817.0,Completed,47,False,False
7688,478,4,1,20240701,20240720.0,Completed,19,False,False
7689,478,4,1,20241001,20241014.0,Completed,13,False,False
7690,478,4,1,20250101,20250130.0,Completed,29,False,False
7691,478,4,1,20250401,20250421.0,Completed,20,False,False
7692,478,4,1,20250701,20250719.0,Completed,18,False,False
7693,478,4,1,20251001,20251020.0,Completed,19,False,False
7694,478,4,1,20260101,20260125.0,Completed,24,False,False
7695,478,4,1,20260401,20260409.0,Completed,8,False,False
7696,478,4,1,20260701,20260703.0,Completed,2,False,False
7697,479,4,1,20240701,20240731.0,Completed,30,False,False
7698,479,4,1,20241001,20241016.0,Completed,15,False,False
7699,479,4,1,20250101,20250111.0,Completed,10,False,False
7700,479,4,1,20250401,20250408.0,Completed,7,False,False
7701,479,4,1,20250701,20250707.0,Completed,6,False,False
7702,479,4,1,20251001,20251017.0,Completed,16,False,False
7703,479,4,1,20260101,20260115.0,Completed,14,False,False
7704,479,4,1,20260401,20260430.0,Completed,29,False,False
7705,479,4,1,20260701,20260722.0,Completed,21,False,False
7706,479,8,1,20240701,20240725.0,Completed,24,False,False
7707,479,8,1,20241001,20241029.0,Completed,28,False,False
7708,479,8,1,20250101,20250118.0,Completed,17,False,False
7709,479,8,1,20250401,20250509.0,Completed,38,False,False
7710,479,8,1,20250701,20250709.0,Completed,8,False,False
7711,479,8,1,20251001,20251029.0,Completed,28,False,False
7712,479,8,1,20260101,20260103.0,Completed,2,False,False
7713,479,8,1,20260401,20260403.0,Completed,2,False,False
7714,479,8,1,20260701,20260706.0,Completed,5,False,False
7715,479,2,1,20240701,20240727.0,Completed,26,False,False
7716,479,2,1,20241001,20241005.0,Completed,4,False,False
7717,479,2,1,20250101,20250126.0,Completed,25,False,False
7718,479,2,1,20250401,20250421.0,Completed,20,False,False
7719,479,2,1,20250701,20251009.0,Completed,100,False,False
7720,479,2,1,20251001,20251009.0,Completed,8,False,False
7721,479,2,1,20260101,20260201.0,Completed,31,False,False
7722,479,2,1,20260401,20260512.0,Completed,41,False,False
7723,479,2,1,20260701,20260912.0,Completed,73,False,False
7724,480,5,1,20240701,20240808.0,Completed,38,False,False
7725,480,5,1,20241001,20241120.0,Completed,50,False,False
7726,480,5,1,20250101,20250129.0,Completed,28,False,False
7727,480,5,1,20250401,20250413.0,Completed,12,False,False
7728,480,5,1,20250701,20250707.0,Completed,6,False,False
7729,480,5,1,20251001,20251110.0,Completed,40,False,False
7730,480,5,1,20260101,20260117.0,Completed,16,False,False
7731,480,5,1,20260401,20260403.0,Completed,2,False,False
7732,480,5,1,20260701,20260718.0,Completed,17,False,False
7733,480,1,1,20240701,20240728.0,Completed,27,False,False
7734,480,1,1,20241001,20241207.0,Completed,67,False,False
7735,480,1,1,20250101,20250124.0,Completed,23,False,False
7736,480,1,1,20250401,20250428.0,Completed,27,False,False
7737,480,1,1,20250701,20250729.0,Completed,28,False,False
7738,480,1,1,20251001,20251124.0,Completed,54,False,False
7739,480,1,1,20260101,20260116.0,Completed,15,False,False
7740,480,1,1,20260401,20260508.0,Completed,37,False,False
7741,480,1,1,20260701,20260719.0,Completed,18,False,False
7742,480,8,1,20240701,20240803.0,Completed,33,False,False
7743,480,8,1,20241001,20241108.0,Completed,38,False,False
7744,480,8,1,20250101,20250116.0,Completed,15,False,False
7745,480,8,1,20250401,20250419.0,Completed,18,False,False
7746,480,8,1,20250701,20250713.0,Completed,12,False,False
7747,480,8,1,20251001,20251003.0,Completed,2,False,False
7748,480,8,1,20260101,20260115.0,Completed,14,False,False
7749,480,8,1,20260401,20260414.0,Completed,13,False,False
7750,480,8,1,20260701,20260711.0,Completed,10,False,False
7751,481,1,1,20240701,20240724.0,Completed,23,False,False
7752,481,1,1,20241001,20241108.0,Completed,38,False,False
7753,481,1,1,20250101,20250206.0,Completed,36,False,False
7754,481,1,1,20250401,20250424.0,Completed,23,False,False
7755,481,1,1,20250701,20250910.0,Completed,71,False,False
7756,481,1,1,20251001,20251005.0,Completed,4,False,False
7757,481,1,1,20260101,20260117.0,Completed,16,False,False
7758,481,1,1,20260401,20260520.0,Completed,49,False,False
7759,481,1,1,20260701,20260706.0,Completed,5,False,False
7760,481,9,1,20240701,20240703.0,Completed,2,False,False
7761,481,9,1,20241001,20241009.0,Completed,8,False,False
7762,481,9,1,20250101,20250114.0,Completed,13,False,False
7763,481,9,1,20250401,20250410.0,Completed,9,False,False
7764,481,9,1,20250701,20250717.0,Completed,16,False,False
7765,481,9,1,20251001,20251003.0,Completed,2,False,False
7766,481,9,1,20260101,20260108.0,Completed,7,False,False
7767,481,9,1,20260401,20260423.0,Completed,22,False,False
7768,481,9,1,20260701,20260720.0,Completed,19,False,False
7769,482,1,1,20240701,20240718.0,Completed,17,False,False
7770,482,1,1,20241001,20241031.0,Completed,30,False,False
7771,482,1,1,20250101,20250127.0,Completed,26,False,False
7772,482,1,1,20250401,20250427.0,Completed,26,False,False
7773,482,1,1,20250701,20250804.0,Completed,34,False,False
7774,482,1,1,20251001,20251220.0,Completed,80,False,False
7775,482,1,1,20260101,20260323.0,Completed,81,False,False
7776,482,1,1,20260401,20260406.0,Completed,5,False,False
7777,482,1,1,20260701,20260723.0,Completed,22,False,False
7778,482,9,1,20240701,20240706.0,Completed,5,False,False
7779,482,9,1,20241001,20241019.0,Completed,18,False,False
7780,482,9,1,20250101,20250113.0,Completed,12,False,False
7781,482,9,1,20250401,20250429.0,Completed,28,False,False
7782,482,9,1,20250701,20250715.0,Completed,14,False,False
7783,482,9,1,20251001,20251106.0,Completed,36,False,False
7784,482,9,1,20260101,20260212.0,Completed,42,False,False
7785,482,9,1,20260401,20260506.0,Completed,35,False,False
7786,482,9,1,20260701,20260702.0,Completed,1,False,False
7787,483,8,1,20240701,20240718.0,Completed,17,False,False
7788,483,8,1,20241001,20241011.0,Completed,10,False,False
7789,483,8,1,20250101,20250113.0,Completed,12,False,False
7790,483,8,1,20250401,20250426.0,Completed,25,False,False
7791,483,8,1,20250701,20250712.0,Completed,11,False,False
7792,483,8,1,20251001,20251015.0,Completed,14,False,False
7793,483,8,1,20260101,20260116.0,Completed,15,False,False
7794,483,8,1,20260401,20260403.0,Completed,2,False,False
7795,483,8,1,20260701,20260711.0,Completed,10,False,False
7796,483,7,1,20240701,20240730.0,Completed,29,False,False
7797,483,7,1,20241001,20241002.0,Completed,1,False,False
7798,483,7,1,20250101,20250121.0,Completed,20,False,False
7799,483,7,1,20250401,20250407.0,Completed,6,False,False
7800,483,7,1,20250701,20250711.0,Completed,10,False,False
7801,483,7,1,20251001,20251024.0,Completed,23,False,False
7802,483,7,1,20260101,20260106.0,Completed,5,False,False
7803,483,7,1,20260401,20260412.0,Completed,11,False,False
7804,483,7,1,20260701,20260704.0,Completed,3,False,False
7805,484,4,1,20240701,20240719.0,Completed,18,False,False
7806,484,4,1,20241001,20241008.0,Completed,7,False,False
7807,484,4,1,20250101,20250105.0,Completed,4,False,False
7808,484,4,1,20250401,20250415.0,Completed,14,False,False
7809,484,4,1,20250701,20250704.0,Completed,3,False,False
7810,484,4,1,20251001,20251011.0,Completed,10,False,False
7811,484,4,1,20260101,20260108.0,Completed,7,False,False
7812,484,4,1,20260401,20260417.0,Completed,16,False,False
7813,484,4,1,20260701,20260717.0,Completed,16,False,False
7814,484,3,1,20240701,20240716.0,Completed,15,False,False
7815,484,3,1,20241001,20241211.0,Completed,71,False,False
7816,484,3,1,20250101,20250226.0,Completed,56,False,False
7817,484,3,1,20250401,20250412.0,Completed,11,False,False
7818,484,3,1,20250701,20251023.0,Completed,114,False,False
7819,484,3,1,20251001,20251115.0,Completed,45,False,False
7820,484,3,1,20260101,20260205.0,Completed,35,False,False
7821,484,3,1,20260401,20260507.0,Completed,36,False,False
7822,484,3,1,20260701,20260710.0,Completed,9,False,False
7823,484,2,1,20240701,20240902.0,Completed,63,False,False
7824,484,2,1,20241001,20241005.0,Completed,4,False,False
7825,484,2,1,20250101,20250206.0,Completed,36,False,False
7826,484,2,1,20250401,20250528.0,Completed,57,False,False
7827,484,2,1,20250701,20250713.0,Completed,12,False,False
7828,484,2,1,20251001,20251117.0,Completed,47,False,False
7829,484,2,1,20260101,20260130.0,Completed,29,False,False
7830,484,2,1,20260401,20260521.0,Completed,50,False,False
7831,484,2,1,20260701,20260825.0,Completed,55,False,False
7832,485,5,1,20240701,20240901.0,Completed,62,False,False
7833,485,5,1,20241001,20241123.0,Completed,53,False,False
7834,485,5,1,20250101,20250105.0,Completed,4,False,False
7835,485,5,1,20250401,20250411.0,Completed,10,False,False
7836,485,5,1,20250701,20250802.0,Completed,32,False,False
7837,485,5,1,20251001,20251115.0,Completed,45,False,False
7838,485,5,1,20260101,20260109.0,Completed,8,False,False
7839,485,5,1,20260401,20260507.0,Completed,36,False,False
7840,485,5,1,20260701,20260825.0,Completed,55,False,False
7841,485,1,1,20240701,20240824.0,Completed,54,False,False
7842,485,1,1,20241001,20241114.0,Completed,44,False,False
7843,485,1,1,20250101,20250127.0,Completed,26,False,False
7844,485,1,1,20250401,20250426.0,Completed,25,False,False
7845,485,1,1,20250701,20251011.0,Completed,102,False,False
7846,485,1,1,20251001,20251019.0,Completed,18,False,False
7847,485,1,1,20260101,20260113.0,Completed,12,False,False
7848,485,1,1,20260401,20260408.0,Completed,7,False,False
7849,485,1,1,20260701,20260812.0,Completed,42,False,False
7850,486,3,1,20240701,20240808.0,Completed,38,False,False
7851,486,3,1,20241001,20241029.0,Completed,28,False,False
7852,486,3,1,20250101,20250208.0,Completed,38,False,False
7853,486,3,1,20250401,20250521.0,Completed,50,False,False
7854,486,3,1,20250701,20250724.0,Completed,23,False,False
7855,486,3,1,20251001,20251110.0,Completed,40,False,False
7856,486,3,1,20260101,20260122.0,Completed,21,False,False
7857,486,3,1,20260401,20260512.0,Completed,41,False,False
7858,486,3,1,20260701,20260907.0,Completed,68,False,False
7859,486,8,1,20240701,20240728.0,Completed,27,False,False
7860,486,8,1,20241001,20241112.0,Completed,42,False,False
7861,486,8,1,20250101,20250110.0,Completed,9,False,False
7862,486,8,1,20250401,20250408.0,Completed,7,False,False
7863,486,8,1,20250701,20250720.0,Completed,19,False,False
7864,486,8,1,20251001,20251010.0,Completed,9,False,False
7865,486,8,1,20260101,20260122.0,Completed,21,False,False
7866,486,8,1,20260401,20260417.0,Completed,16,False,False
7867,486,8,1,20260701,20260707.0,Completed,6,False,False
7868,487,6,1,20240701,20240720.0,Completed,19,False,False
7869,487,6,1,20241001,20241007.0,Completed,6,False,False
7870,487,6,1,20250101,20250206.0,Completed,36,False,False
7871,487,6,1,20250401,20250413.0,Completed,12,False,False
7872,487,6,1,20250701,20250708.0,Completed,7,False,False
7873,487,6,1,20251001,20251017.0,Completed,16,False,False
7874,487,6,1,20260101,20260119.0,Completed,18,False,False
7875,487,6,1,20260401,20260410.0,Completed,9,False,False
7876,487,6,1,20260701,20260709.0,Completed,8,False,False
7877,488,4,1,20240701,20240704.0,Completed,3,False,False
7878,488,4,1,20241001,20241027.0,Completed,26,False,False
7879,488,4,1,20250101,20250205.0,Completed,35,False,False
7880,488,4,1,20250401,20250429.0,Completed,28,False,False
7881,488,4,1,20250701,20250708.0,Completed,7,False,False
7882,488,4,1,20251001,20251020.0,Completed,19,False,False
7883,488,4,1,20260101,20260118.0,Completed,17,False,False
7884,488,4,1,20260401,20260404.0,Completed,3,False,False
7885,488,4,1,20260701,20260710.0,Completed,9,False,False
7886,488,8,1,20240701,20240719.0,Completed,18,False,False
7887,488,8,1,20241001,20241002.0,Completed,1,False,False
7888,488,8,1,20250101,20250106.0,Completed,5,False,False
7889,488,8,1,20250401,20250425.0,Completed,24,False,False
7890,488,8,1,20250701,20250708.0,Completed,7,False,False
7891,488,8,1,20251001,20251004.0,Completed,3,False,False
7892,488,8,1,20260101,20260128.0,Completed,27,False,False
7893,488,8,1,20260401,20260408.0,Completed,7,False,False
7894,488,8,1,20260701,20260725.0,Completed,24,False,False
7895,489,5,1,20240701,20240907.0,Completed,68,False,False
7896,489,5,1,20241001,20241009.0,Completed,8,False,False
7897,489,5,1,20250101,20250121.0,Completed,20,False,False
7898,489,5,1,20250401,20250428.0,Completed,27,False,False
7899,489,5,1,20250701,20250814.0,Completed,44,False,False
7900,489,5,1,20251001,20251015.0,Completed,14,False,False
7901,489,5,1,20260101,20260102.0,Completed,1,True,False
7902,489,8,1,20240701,20240706.0,Completed,5,False,False
7903,489,8,1,20241001,20241011.0,Completed,10,False,False
7904,489,8,1,20250101,20250125.0,Completed,24,False,False
7905,489,8,1,20250401,20250413.0,Completed,12,False,False
7906,489,8,1,20250701,20250724.0,Completed,23,False,False
7907,489,8,1,20251001,20251011.0,Completed,10,False,False
7908,490,1,1,20240701,20240801.0,Completed,31,False,False
7909,490,1,1,20241001,20241120.0,Completed,50,False,False
7910,490,1,1,20250101,20250301.0,Completed,59,False,False
7911,490,1,1,20250401,20250706.0,Completed,96,False,False
7912,490,1,1,20250701,20250804.0,Completed,34,False,False
7913,490,1,1,20251001,20251005.0,Completed,4,False,False
7914,490,1,1,20260101,20260209.0,Completed,39,False,False
7915,490,1,1,20260401,20260405.0,Completed,4,False,False
7916,490,1,1,20260701,20260812.0,Completed,42,False,False
7917,490,9,1,20240701,20240716.0,Completed,15,False,False
7918,490,9,1,20241001,20241030.0,Completed,29,False,False
7919,490,9,1,20250101,20250111.0,Completed,10,False,False
7920,490,9,1,20250401,20250417.0,Completed,16,False,False
7921,490,9,1,20250701,20250721.0,Completed,20,False,False
7922,490,9,1,20251001,20251002.0,Completed,1,False,False
7923,490,9,1,20260101,20260120.0,Completed,19,False,False
7924,490,9,1,20260401,20260408.0,Completed,7,False,False
7925,490,9,1,20260701,20260719.0,Completed,18,False,False
7926,491,9,1,20240701,20240702.0,Completed,1,False,False
7927,491,9,1,20241001,20241023.0,Completed,22,False,False
7928,491,9,1,20250101,20250122.0,Completed,21,False,False
7929,491,9,1,20250401,20250429.0,Completed,28,False,False
7930,491,9,1,20250701,20250704.0,Completed,3,False,False
7931,491,9,1,20251001,20251117.0,Completed,47,False,False
7932,491,9,1,20260101,20260105.0,Completed,4,False,False
7933,491,9,1,20260401,20260417.0,Completed,16,False,False
7934,491,9,1,20260701,20260711.0,Completed,10,False,False
7935,491,1,1,20240701,20240726.0,Completed,25,False,False
7936,491,1,1,20241001,20241225.0,Completed,85,False,False
7937,491,1,1,20250101,20250110.0,Completed,9,False,False
7938,491,1,1,20250401,20250617.0,Completed,77,False,False
7939,491,1,1,20250701,20250818.0,Completed,48,False,False
7940,491,1,1,20251001,20251028.0,Completed,27,False,False
7941,491,1,1,20260101,20260128.0,Completed,27,False,False
7942,491,1,1,20260401,20260512.0,Completed,41,False,False
7943,491,1,1,20260701,20260720.0,Completed,19,False,False
7944,492,7,1,20240701,20240712.0,Completed,11,False,False
7945,492,7,1,20241001,20241017.0,Completed,16,False,False
7946,492,7,1,20250101,20250205.0,Completed,35,False,False
7947,492,7,1,20250401,20250413.0,Completed,12,False,False
7948,492,7,1,20250701,20250703.0,Completed,2,False,False
7949,492,7,1,20251001,20251017.0,Completed,16,False,False
7950,492,7,1,20260101,20260114.0,Completed,13,False,False
7951,492,7,1,20260401,20260409.0,Completed,8,False,False
7952,492,7,1,20260701,20260719.0,Completed,18,False,False
7953,492,8,1,20240701,20240709.0,Completed,8,False,False
7954,492,8,1,20241001,20241013.0,Completed,12,False,False
7955,492,8,1,20250101,20250117.0,Completed,16,False,False
7956,492,8,1,20250401,20250418.0,Completed,17,False,False
7957,492,8,1,20250701,20250720.0,Completed,19,False,False
7958,492,8,1,20251001,20251022.0,Completed,21,False,False
7959,492,8,1,20260101,20260116.0,Completed,15,False,False
7960,492,8,1,20260401,20260404.0,Completed,3,False,False
7961,492,8,1,20260701,20260718.0,Completed,17,False,False
7962,493,1,1,20240701,20240824.0,Completed,54,False,False
7963,493,1,1,20241001,20241005.0,Completed,4,False,False
7964,493,1,1,20250101,20250107.0,Completed,6,False,False
7965,493,1,1,20250401,20250415.0,Completed,14,False,False
7966,493,1,1,20250701,20250822.0,Completed,52,False,False
7967,493,1,1,20251001,20251014.0,Completed,13,False,False
7968,493,1,1,20260101,20260222.0,Completed,52,False,False
7969,493,1,1,20260401,20260504.0,Completed,33,False,False
7970,493,1,1,20260701,20260718.0,Completed,17,False,False
7971,493,5,1,20240701,20241031.0,Completed,122,False,False
7972,493,5,1,20241001,20241008.0,Completed,7,False,False
7973,493,5,1,20250101,20250124.0,Completed,23,False,False
7974,493,5,1,20250401,20250411.0,Completed,10,False,False
7975,493,5,1,20250701,20250730.0,Completed,29,False,False
7976,493,5,1,20251001,20251011.0,Completed,10,False,False
7977,493,5,1,20260101,20260116.0,Completed,15,False,False
7978,493,5,1,20260401,20260413.0,Completed,12,False,False
7979,493,5,1,20260701,20260719.0,Completed,18,False,False
7980,494,1,1,20240701,20240824.0,Completed,54,False,False
7981,494,1,1,20241001,20241008.0,Completed,7,False,False
7982,494,1,1,20250101,20250114.0,Completed,13,False,False
7983,494,1,1,20250401,20250421.0,Completed,20,False,False
7984,494,1,1,20250701,20250724.0,Completed,23,False,False
7985,494,1,1,20251001,20251208.0,Completed,68,False,False
7986,494,1,1,20260101,20260115.0,Completed,14,False,False
7987,494,1,1,20260401,20260523.0,Completed,52,False,False
7988,494,1,1,20260701,20260912.0,Completed,73,False,False
7989,494,5,1,20240701,20240721.0,Completed,20,False,False
7990,494,5,1,20241001,20241010.0,Completed,9,False,False
7991,494,5,1,20250101,20250220.0,Completed,50,False,False
7992,494,5,1,20250401,20250511.0,Completed,40,False,False
7993,494,5,1,20250701,20250709.0,Completed,8,False,False
7994,494,5,1,20251001,20251206.0,Completed,66,False,False
7995,494,5,1,20260101,20260113.0,Completed,12,False,False
7996,494,5,1,20260401,20260420.0,Completed,19,False,False
7997,494,5,1,20260701,20260805.0,Completed,35,False,False
7998,495,2,1,20240701,20240914.0,Completed,75,False,False
7999,495,2,1,20241001,20241104.0,Completed,34,False,False
8000,495,2,1,20250101,20250123.0,Completed,22,False,False
8001,495,2,1,20250401,20250420.0,Completed,19,False,False
8002,495,2,1,20250701,20250723.0,Completed,22,False,False
8003,495,2,1,20251001,20260122.0,Completed,113,False,False
8004,495,2,1,20260101,20260208.0,Completed,38,False,False
8005,495,2,1,20260401,20260502.0,Completed,31,False,False
8006,495,2,1,20260701,20260820.0,Completed,50,False,False
8007,495,4,1,20240701,20240713.0,Completed,12,False,False
8008,495,4,1,20241001,20241106.0,Completed,36,False,False
8009,495,4,1,20250101,20250121.0,Completed,20,False,False
8010,495,4,1,20250401,20250412.0,Completed,11,False,False
8011,495,4,1,20250701,20250710.0,Completed,9,False,False
8012,495,4,1,20251001,20251003.0,Completed,2,False,False
8013,495,4,1,20260101,20260128.0,Completed,27,False,False
8014,495,4,1,20260401,20260404.0,Completed,3,False,False
8015,495,4,1,20260701,20260805.0,Completed,35,False,False
8016,496,8,1,20240701,20240708.0,Completed,7,False,False
8017,496,8,1,20241001,20241008.0,Completed,7,False,False
8018,496,8,1,20250101,20250217.0,Completed,47,False,False
8019,496,8,1,20250401,20250426.0,Completed,25,False,False
8020,496,8,1,20250701,20250716.0,Completed,15,False,False
8021,496,8,1,20251001,20251114.0,Completed,44,False,False
8022,496,8,1,20260101,20260114.0,Completed,13,False,False
8023,496,8,1,20260401,20260410.0,Completed,9,False,False
8024,496,8,1,20260701,20260717.0,Completed,16,False,False
8025,497,8,1,20240701,20240729.0,Completed,28,False,False
8026,497,8,1,20241001,20241005.0,Completed,4,False,False
8027,497,8,1,20250101,20250108.0,Completed,7,False,False
8028,497,8,1,20250401,20250407.0,Completed,6,False,False
8029,497,8,1,20250701,20250706.0,Completed,5,False,False
8030,497,8,1,20251001,20251013.0,Completed,12,False,False
8031,497,8,1,20260101,20260106.0,Completed,5,False,False
8032,497,8,1,20260401,20260403.0,Completed,2,False,False
8033,497,8,1,20260701,20260708.0,Completed,7,False,False
8034,497,4,1,20240701,20240708.0,Completed,7,False,False
8035,497,4,1,20241001,20241020.0,Completed,19,False,False
8036,497,4,1,20250101,20250128.0,Completed,27,False,False
8037,497,4,1,20250401,20250409.0,Completed,8,False,False
8038,497,4,1,20250701,20250708.0,Completed,7,False,False
8039,497,4,1,20251001,20251116.0,Completed,46,False,False
8040,497,4,1,20260101,20260127.0,Completed,26,False,False
8041,497,4,1,20260401,20260419.0,Completed,18,False,False
8042,497,4,1,20260701,20260711.0,Completed,10,False,False
8043,497,2,1,20240701,20240821.0,Completed,51,False,False
8044,497,2,1,20241001,20241011.0,Completed,10,False,False
8045,497,2,1,20250101,20250223.0,Completed,53,False,False
8046,497,2,1,20250401,20250511.0,Completed,40,False,False
8047,497,2,1,20250701,20250815.0,Completed,45,False,False
8048,497,2,1,20251001,20251031.0,Completed,30,False,False
8049,497,2,1,20260101,20260109.0,Completed,8,False,False
8050,497,2,1,20260401,20260412.0,Completed,11,False,False
8051,497,2,1,20260701,20260811.0,Completed,41,False,False
8052,498,9,1,20240701,20240720.0,Completed,19,False,False
8053,498,9,1,20241001,20241010.0,Completed,9,False,False
8054,498,9,1,20250101,20250110.0,Completed,9,False,False
8055,498,9,1,20250401,20250502.0,Completed,31,False,False
8056,498,9,1,20250701,20250715.0,Completed,14,False,False
8057,498,9,1,20251001,20251008.0,Completed,7,False,False
8058,498,9,1,20260101,20260205.0,Completed,35,False,False
8059,498,9,1,20260401,20260504.0,Completed,33,False,False
8060,498,9,1,20260701,20260715.0,Completed,14,False,False
8061,498,1,1,20240701,20240802.0,Completed,32,False,False
8062,498,1,1,20241001,20241122.0,Completed,52,False,False
8063,498,1,1,20250101,20250214.0,Completed,44,False,False
8064,498,1,1,20250401,20250408.0,Completed,7,False,False
8065,498,1,1,20250701,20250910.0,Completed,71,False,False
8066,498,1,1,20251001,20251007.0,Completed,6,False,False
8067,498,1,1,20260101,20260208.0,Completed,38,False,False
8068,498,1,1,20260401,20260410.0,Completed,9,False,False
8069,498,1,1,20260701,20260814.0,Completed,44,False,False
8070,499,8,1,20240701,20240708.0,Completed,7,False,False
8071,499,8,1,20241001,20241009.0,Completed,8,False,False
8072,499,8,1,20250101,20250126.0,Completed,25,False,False
8073,499,8,1,20250401,20250406.0,Completed,5,False,False
8074,499,8,1,20250701,20250710.0,Completed,9,False,False
8075,499,8,1,20251001,20251006.0,Completed,5,False,False
8076,499,8,1,20260101,20260116.0,Completed,15,False,False
8077,499,8,1,20260401,20260406.0,Completed,5,False,False
8078,499,8,1,20260701,20260719.0,Completed,18,False,False
8079,499,3,1,20240701,20240904.0,Completed,65,False,False
8080,499,3,1,20241001,20241004.0,Completed,3,False,False
8081,499,3,1,20250101,20250116.0,Completed,15,False,False
8082,499,3,1,20250401,20250411.0,Completed,10,False,False
8083,499,3,1,20250701,20250708.0,Completed,7,False,False
8084,499,3,1,20251001,20251105.0,Completed,35,False,False
8085,499,3,1,20260101,20260202.0,Completed,32,False,False
8086,499,3,1,20260401,20260611.0,Completed,71,False,False
8087,499,3,1,20260701,20260816.0,Completed,46,False,False
8088,500,9,1,20240701,20240715.0,Completed,14,False,False
8089,500,9,1,20241001,20241018.0,Completed,17,False,False
8090,500,9,1,20250101,20250110.0,Completed,9,False,False
8091,500,9,1,20250401,20250418.0,Completed,17,False,False
8092,500,9,1,20250701,20250704.0,Completed,3,False,False
8093,500,9,1,20251001,20251013.0,Completed,12,False,False
8094,500,9,1,20260101,20260120.0,Completed,19,False,False
8095,500,9,1,20260401,20260413.0,Completed,12,False,False
8096,500,9,1,20260701,20260709.0,Completed,8,False,False
